transaction_id,customer_id,merchant_id,amount,currency,payment_method,payment_method_age,failure_reason,attempt_number,previous_success_count,previous_failure_count,customer_tenure_days,timestamp,country,device_type,is_subscription,subscription_amount,previous_recovery_attempts,final_status
TXN_DEMO_001,CUST_DEMO_01,MERCH_DEMO,49.99,USD,credit_card,420,network_error,1,14,0,450,2026-08-24T17:35:29.270815,US,mobile_app,True,49.99,0,failed
TXN_DEMO_002,CUST_DEMO_02,MERCH_DEMO,129.0,USD,credit_card,730,expired_card,1,8,1,365,2026-08-24T14:35:29.270815,US,web_browser,True,129.0,0,failed
TXN_DEMO_003,CUST_DEMO_03,MERCH_DEMO,89.5,USD,debit_card,180,insufficient_funds,2,5,1,200,2026-08-24T07:35:29.270815,IN,mobile_app,False,0.0,1,failed
TXN_DEMO_004,CUST_DEMO_04,MERCH_DEMO,2499.0,USD,credit_card,30,limit_exceeded,1,1,0,35,2026-08-24T01:35:29.270815,GB,web_browser,False,0.0,0,failed
TXN_DEMO_005,CUST_DEMO_05,MERCH_DEMO,19.99,USD,upi,90,authentication_failed,3,2,3,100,2026-08-23T19:35:29.270815,IN,mobile_app,True,19.99,3,failed
TXN_DEMO_006,CUST_DEMO_06,MERCH_DEMO,499.0,USD,credit_card,500,bank_declined,1,12,0,600,2026-08-23T13:35:29.270815,DE,web_browser,True,499.0,0,failed
TXN_DEMO_007,CUST_DEMO_07,MERCH_DEMO,1250.0,USD,ach,10,unknown,1,0,1,12,2026-08-23T07:35:29.270815,US,api_integration,False,0.0,0,failed
TXN_DEMO_008,CUST_DEMO_08,MERCH_DEMO,75.0,USD,debit_card,300,invalid_payment_method,3,3,4,320,2026-08-22T19:35:29.270815,CA,web_browser,False,0.0,3,abandoned
TXN_DEMO_009,CUST_DEMO_09,MERCH_DEMO,99.0,USD,credit_card,250,insufficient_funds,1,6,0,280,2026-08-22T07:35:29.271995,US,mobile_app,True,99.0,1,recovered
TXN_DEMO_010,CUST_DEMO_10,MERCH_DEMO,3500.0,USD,net_banking,5,authentication_failed,1,0,0,2,2026-08-21T19:35:29.271995,AU,web_browser,False,0.0,0,failed
TXN_000011,CUST_1409,MERCH_02,199.0,GBP,credit_card,105,insufficient_funds,2,7,1,755,2026-08-22T04:54:15.115799,US,mobile_app,True,199.0,1,recovered
TXN_000012,CUST_0547,MERCH_04,143.2,USD,debit_card,430,authentication_failed,1,20,5,559,2026-07-31T12:46:56.923250,AU,web_browser,False,0.0,0,failed
TXN_000013,CUST_0796,MERCH_05,19.99,USD,ach,95,invalid_payment_method,1,10,0,95,2026-08-06T16:52:08.740063,CA,api_integration,True,19.99,0,recovered
TXN_000014,CUST_0355,MERCH_07,99.0,INR,upi,883,insufficient_funds,1,20,4,907,2026-08-22T17:25:07.366097,US,mobile_app,True,99.0,0,failed
TXN_000015,CUST_0306,MERCH_07,95.61,USD,wallet,215,network_error,2,5,2,364,2026-08-04T07:24:19.800084,AU,mobile_app,False,0.0,1,recovered
TXN_000016,CUST_1193,MERCH_04,49.99,INR,credit_card,225,expired_card,2,20,5,571,2026-08-01T12:50:56.861235,GB,web_browser,True,49.99,1,recovered
TXN_000017,CUST_0648,MERCH_02,99.0,EUR,debit_card,512,limit_exceeded,1,10,1,672,2026-08-11T01:09:50.456755,IN,api_integration,True,99.0,0,abandoned
TXN_000018,CUST_1249,MERCH_09,211.16,USD,credit_card,225,expired_card,4,18,3,371,2026-08-09T12:41:00.548251,US,mobile_app,False,0.0,3,failed
TXN_000019,CUST_1385,MERCH_03,87.27,USD,ach,480,insufficient_funds,1,12,4,480,2026-07-27T13:02:07.754409,DE,web_browser,False,0.0,0,failed
TXN_000020,CUST_1412,MERCH_06,29.99,INR,wallet,740,expired_card,3,14,0,977,2026-08-09T19:07:10.277969,US,api_integration,True,29.99,2,failed
TXN_000021,CUST_0711,MERCH_09,38.27,GBP,credit_card,798,expired_card,3,5,4,977,2026-08-06T20:18:40.529124,US,web_browser,False,0.0,2,abandoned
TXN_000022,CUST_0729,MERCH_04,19.99,INR,debit_card,498,limit_exceeded,2,2,0,750,2026-08-08T19:59:46.654796,AU,web_browser,True,19.99,1,abandoned
TXN_000023,CUST_1225,MERCH_03,117.51,EUR,net_banking,748,authentication_failed,2,6,4,774,2026-08-12T20:15:24.867630,DE,web_browser,False,0.0,1,recovered
TXN_000024,CUST_0347,MERCH_04,9.99,INR,credit_card,236,insufficient_funds,1,18,4,236,2026-08-05T21:09:37.603816,US,web_browser,True,9.99,0,failed
TXN_000025,CUST_0245,MERCH_09,29.99,GBP,net_banking,136,bank_declined,3,6,4,136,2026-08-10T15:12:56.133364,IN,mobile_app,True,29.99,2,failed
TXN_000026,CUST_0298,MERCH_07,87.64,USD,debit_card,662,expired_card,1,1,5,670,2026-08-14T15:13:39.067749,IN,mobile_app,False,0.0,0,failed
TXN_000027,CUST_1198,MERCH_08,49.99,USD,credit_card,896,insufficient_funds,1,14,1,896,2026-07-30T03:16:51.234798,AU,api_integration,True,49.99,0,recovered
TXN_000028,CUST_0130,MERCH_02,19.99,GBP,upi,411,expired_card,3,15,1,886,2026-08-24T17:56:23.307244,CA,web_browser,True,19.99,2,failed
TXN_000029,CUST_0966,MERCH_09,195.09,USD,credit_card,60,insufficient_funds,1,9,1,992,2026-08-02T09:01:25.890694,DE,web_browser,False,0.0,0,failed
TXN_000030,CUST_1129,MERCH_09,9.99,INR,wallet,71,invalid_payment_method,1,2,1,71,2026-08-12T16:48:48.402176,DE,mobile_app,True,9.99,0,recovered
TXN_000031,CUST_1368,MERCH_02,165.67,EUR,net_banking,210,authentication_failed,2,10,2,210,2026-08-12T22:33:54.840017,GB,mobile_app,False,0.0,1,failed
TXN_000032,CUST_0119,MERCH_08,975.86,INR,upi,219,unknown,1,2,4,219,2026-07-29T09:21:26.444902,GB,mobile_app,False,0.0,0,abandoned
TXN_000033,CUST_0997,MERCH_09,59.04,INR,upi,9,unknown,2,20,4,9,2026-08-04T21:55:04.542740,US,mobile_app,False,0.0,1,failed
TXN_000034,CUST_1233,MERCH_03,54.64,USD,credit_card,650,insufficient_funds,3,10,1,704,2026-08-17T06:42:33.390281,AU,web_browser,False,0.0,2,failed
TXN_000035,CUST_0666,MERCH_01,29.99,USD,credit_card,166,network_error,1,20,2,166,2026-08-07T23:41:40.604970,AU,mobile_app,True,29.99,0,recovered
TXN_000036,CUST_1217,MERCH_01,136.02,EUR,debit_card,316,insufficient_funds,3,4,0,316,2026-07-29T23:52:18.032378,AU,mobile_app,False,0.0,2,recovered
TXN_000037,CUST_1465,MERCH_02,232.2,INR,net_banking,159,limit_exceeded,3,13,4,768,2026-08-19T22:30:23.192307,US,mobile_app,False,0.0,2,failed
TXN_000038,CUST_0780,MERCH_07,304.34,INR,debit_card,719,network_error,1,8,1,807,2026-07-30T01:23:24.658098,CA,web_browser,False,0.0,0,recovered
TXN_000039,CUST_0725,MERCH_04,9.99,GBP,ach,286,bank_declined,1,12,2,286,2026-08-14T06:42:04.918019,DE,web_browser,True,9.99,0,recovered
TXN_000040,CUST_0156,MERCH_02,34.51,USD,net_banking,112,invalid_payment_method,1,8,0,112,2026-08-15T09:40:30.597435,DE,mobile_app,False,0.0,0,recovered
TXN_000041,CUST_0621,MERCH_01,90.92,USD,ach,737,authentication_failed,2,17,5,737,2026-08-13T21:17:18.336868,GB,api_integration,False,0.0,1,recovered
TXN_000042,CUST_0742,MERCH_02,350.46,GBP,ach,413,authentication_failed,1,13,2,413,2026-08-12T04:48:43.735536,AU,mobile_app,False,0.0,0,failed
TXN_000043,CUST_1360,MERCH_10,83.15,GBP,net_banking,216,network_error,2,9,2,216,2026-08-15T03:30:15.278241,AU,mobile_app,False,0.0,1,recovered
TXN_000044,CUST_1146,MERCH_08,32.89,EUR,debit_card,635,insufficient_funds,1,16,5,649,2026-08-02T06:44:49.629219,IN,mobile_app,False,0.0,0,recovered
TXN_000045,CUST_0150,MERCH_01,49.99,GBP,net_banking,425,authentication_failed,1,2,3,425,2026-08-03T22:11:09.742254,IN,mobile_app,True,49.99,0,failed
TXN_000046,CUST_1443,MERCH_01,499.0,GBP,debit_card,476,expired_card,1,5,5,531,2026-07-30T08:46:26.860745,CA,api_integration,True,499.0,0,failed
TXN_000047,CUST_1187,MERCH_09,62.25,GBP,debit_card,737,bank_declined,3,14,4,835,2026-07-28T14:38:48.278356,AU,web_browser,False,0.0,2,failed
TXN_000048,CUST_1021,MERCH_05,499.0,EUR,upi,245,authentication_failed,1,16,3,642,2026-08-16T05:47:44.767092,GB,api_integration,True,499.0,0,failed
TXN_000049,CUST_0265,MERCH_03,19.99,USD,debit_card,66,expired_card,1,4,5,220,2026-08-10T20:04:21.210458,CA,web_browser,True,19.99,0,failed
TXN_000050,CUST_1296,MERCH_01,76.8,INR,net_banking,400,insufficient_funds,3,11,2,772,2026-08-12T05:50:16.955080,IN,web_browser,False,0.0,2,abandoned
TXN_000051,CUST_0992,MERCH_08,49.99,USD,net_banking,170,insufficient_funds,1,12,5,170,2026-08-06T03:31:43.241656,DE,api_integration,True,49.99,0,failed
TXN_000052,CUST_1457,MERCH_01,199.0,GBP,upi,52,expired_card,1,14,1,52,2026-08-15T00:11:42.610232,CA,web_browser,True,199.0,0,failed
TXN_000053,CUST_0267,MERCH_08,199.0,INR,debit_card,71,authentication_failed,2,11,1,666,2026-08-02T04:31:08.331026,US,api_integration,True,199.0,1,recovered
TXN_000054,CUST_0412,MERCH_04,49.99,USD,debit_card,477,bank_declined,1,18,1,477,2026-08-06T15:18:33.534248,GB,mobile_app,True,49.99,0,failed
TXN_000055,CUST_1285,MERCH_01,133.63,INR,credit_card,733,limit_exceeded,1,12,3,965,2026-07-30T21:33:46.603025,AU,web_browser,False,0.0,0,failed
TXN_000056,CUST_1329,MERCH_02,233.93,GBP,credit_card,71,insufficient_funds,1,13,5,380,2026-07-30T07:52:55.094038,CA,web_browser,False,0.0,0,failed
TXN_000057,CUST_1401,MERCH_08,29.91,GBP,ach,277,insufficient_funds,2,16,5,277,2026-08-10T07:25:17.801031,DE,web_browser,False,0.0,1,failed
TXN_000058,CUST_0760,MERCH_04,29.99,EUR,debit_card,584,limit_exceeded,2,7,3,584,2026-08-09T23:38:24.764964,CA,mobile_app,True,29.99,1,failed
TXN_000059,CUST_0826,MERCH_05,54.2,GBP,wallet,11,authentication_failed,3,8,4,11,2026-08-03T05:06:34.969516,IN,api_integration,False,0.0,2,failed
TXN_000060,CUST_1075,MERCH_08,241.21,EUR,net_banking,250,insufficient_funds,1,7,3,709,2026-08-10T14:47:28.458906,AU,api_integration,False,0.0,0,failed
TXN_000061,CUST_0777,MERCH_06,95.7,INR,debit_card,198,insufficient_funds,1,7,0,739,2026-07-27T06:57:16.951377,IN,api_integration,False,0.0,0,recovered
TXN_000062,CUST_1091,MERCH_05,138.59,USD,ach,103,bank_declined,1,19,2,103,2026-08-19T10:18:41.389718,DE,mobile_app,False,0.0,0,failed
TXN_000063,CUST_0661,MERCH_01,99.0,GBP,net_banking,771,insufficient_funds,1,4,5,890,2026-08-07T14:13:21.477843,CA,web_browser,True,99.0,0,recovered
TXN_000064,CUST_0477,MERCH_01,429.69,EUR,credit_card,76,expired_card,1,2,3,504,2026-08-20T06:15:47.491701,IN,mobile_app,False,0.0,0,recovered
TXN_000065,CUST_1242,MERCH_07,141.0,EUR,wallet,462,authentication_failed,1,16,3,462,2026-07-26T02:46:04.656119,DE,mobile_app,False,0.0,0,recovered
TXN_000066,CUST_1348,MERCH_02,199.0,GBP,upi,178,insufficient_funds,1,2,1,246,2026-08-12T13:23:58.789986,US,mobile_app,True,199.0,0,failed
TXN_000067,CUST_0690,MERCH_05,299.5,GBP,credit_card,807,insufficient_funds,1,7,2,807,2026-07-27T19:20:36.748349,DE,mobile_app,False,0.0,0,recovered
TXN_000068,CUST_1426,MERCH_03,267.85,GBP,ach,610,insufficient_funds,2,5,2,610,2026-08-11T15:20:41.628274,GB,api_integration,False,0.0,1,abandoned
TXN_000069,CUST_0924,MERCH_05,121.47,INR,ach,443,expired_card,2,19,0,911,2026-08-24T00:52:16.782286,DE,api_integration,False,0.0,1,recovered
TXN_000070,CUST_0142,MERCH_05,11.16,GBP,credit_card,453,bank_declined,3,15,4,668,2026-08-07T06:06:45.601940,CA,web_browser,False,0.0,2,failed
TXN_000071,CUST_0936,MERCH_06,171.36,USD,net_banking,508,network_error,1,10,3,711,2026-07-31T09:48:18.993727,US,web_browser,False,0.0,0,abandoned
TXN_000072,CUST_0616,MERCH_06,499.0,EUR,wallet,674,expired_card,1,16,0,674,2026-08-19T04:27:02.854415,CA,api_integration,True,499.0,0,failed
TXN_000073,CUST_1005,MERCH_01,29.99,INR,ach,716,authentication_failed,1,9,3,902,2026-08-05T21:56:18.338020,IN,web_browser,True,29.99,0,failed
TXN_000074,CUST_1228,MERCH_01,83.63,EUR,wallet,121,insufficient_funds,1,3,3,970,2026-07-27T20:04:28.295747,AU,web_browser,False,0.0,0,failed
TXN_000075,CUST_0950,MERCH_08,46.9,EUR,net_banking,614,authentication_failed,1,12,1,944,2026-07-29T21:28:42.507652,GB,api_integration,False,0.0,0,recovered
TXN_000076,CUST_0647,MERCH_01,199.22,GBP,net_banking,502,network_error,1,18,5,502,2026-08-14T11:02:12.259746,GB,mobile_app,False,0.0,0,failed
TXN_000077,CUST_0589,MERCH_10,44.9,INR,net_banking,485,network_error,2,1,2,763,2026-08-13T05:33:12.133889,US,mobile_app,False,0.0,1,recovered
TXN_000078,CUST_1128,MERCH_10,310.69,INR,credit_card,539,limit_exceeded,1,14,0,539,2026-08-12T12:20:52.281916,CA,web_browser,False,0.0,0,recovered
TXN_000079,CUST_0793,MERCH_10,81.0,GBP,wallet,547,insufficient_funds,1,10,5,880,2026-08-03T06:05:12.444090,US,api_integration,False,0.0,0,failed
TXN_000080,CUST_0240,MERCH_04,177.99,EUR,credit_card,93,insufficient_funds,4,7,5,93,2026-08-11T12:05:14.190366,US,web_browser,False,0.0,3,failed
TXN_000081,CUST_0214,MERCH_05,75.46,GBP,wallet,580,insufficient_funds,2,16,3,580,2026-08-22T10:38:31.735691,AU,mobile_app,False,0.0,1,failed
TXN_000082,CUST_1119,MERCH_10,19.99,INR,credit_card,262,expired_card,1,8,3,262,2026-07-28T18:42:38.881419,CA,web_browser,True,19.99,0,recovered
TXN_000083,CUST_1303,MERCH_05,495.64,EUR,wallet,204,bank_declined,3,14,2,204,2026-08-13T08:56:50.303614,GB,api_integration,False,0.0,2,failed
TXN_000084,CUST_0704,MERCH_01,80.58,INR,wallet,509,insufficient_funds,2,1,4,764,2026-08-01T13:02:07.919616,GB,mobile_app,False,0.0,1,abandoned
TXN_000085,CUST_1403,MERCH_04,48.28,USD,wallet,100,bank_declined,1,4,5,100,2026-08-01T03:46:14.797215,GB,api_integration,False,0.0,0,failed
TXN_000086,CUST_0369,MERCH_02,64.34,EUR,debit_card,553,expired_card,3,6,1,806,2026-08-09T18:14:57.894319,GB,web_browser,False,0.0,2,failed
TXN_000087,CUST_0704,MERCH_06,49.99,EUR,credit_card,693,invalid_payment_method,2,4,1,881,2026-07-26T19:09:14.304102,CA,mobile_app,True,49.99,1,abandoned
TXN_000088,CUST_0641,MERCH_09,49.99,GBP,credit_card,391,expired_card,1,8,4,391,2026-08-04T13:40:35.861622,DE,api_integration,True,49.99,0,failed
TXN_000089,CUST_0771,MERCH_10,199.0,EUR,net_banking,310,insufficient_funds,1,14,5,310,2026-07-27T10:16:40.032917,US,mobile_app,True,199.0,0,failed
TXN_000090,CUST_0580,MERCH_09,49.99,GBP,wallet,602,expired_card,2,17,3,602,2026-08-05T04:00:47.485575,CA,web_browser,True,49.99,1,recovered
TXN_000091,CUST_0167,MERCH_06,49.99,USD,net_banking,102,expired_card,1,7,2,102,2026-08-05T11:16:50.318764,GB,mobile_app,True,49.99,0,abandoned
TXN_000092,CUST_0350,MERCH_08,199.0,INR,credit_card,22,insufficient_funds,1,20,4,995,2026-07-26T03:38:21.464504,DE,mobile_app,True,199.0,0,failed
TXN_000093,CUST_1300,MERCH_04,29.99,INR,credit_card,284,network_error,4,19,0,284,2026-08-08T14:35:25.285370,AU,mobile_app,True,29.99,3,failed
TXN_000094,CUST_0369,MERCH_01,239.09,USD,net_banking,179,insufficient_funds,1,10,0,179,2026-08-09T00:45:44.977843,CA,web_browser,False,0.0,0,recovered
TXN_000095,CUST_1151,MERCH_10,49.99,USD,credit_card,745,authentication_failed,3,19,0,745,2026-08-15T18:20:52.046073,CA,web_browser,True,49.99,2,recovered
TXN_000096,CUST_0973,MERCH_02,191.93,EUR,net_banking,152,expired_card,1,2,2,623,2026-08-05T19:44:22.310228,DE,api_integration,False,0.0,0,failed
TXN_000097,CUST_0703,MERCH_08,144.49,GBP,debit_card,667,insufficient_funds,2,3,5,667,2026-08-18T08:41:46.892378,CA,web_browser,False,0.0,1,recovered
TXN_000098,CUST_1028,MERCH_07,201.18,USD,credit_card,262,insufficient_funds,4,10,5,262,2026-08-22T19:09:43.905296,CA,mobile_app,False,0.0,3,abandoned
TXN_000099,CUST_0863,MERCH_03,14.28,GBP,ach,126,invalid_payment_method,1,17,2,687,2026-07-27T13:58:19.458683,US,web_browser,False,0.0,0,recovered
TXN_000100,CUST_1329,MERCH_05,21.41,USD,upi,230,authentication_failed,2,4,5,494,2026-08-08T03:02:09.413504,DE,mobile_app,False,0.0,1,failed
TXN_000101,CUST_0978,MERCH_09,147.62,EUR,upi,674,authentication_failed,2,0,4,952,2026-08-19T09:36:35.763258,GB,mobile_app,False,0.0,1,failed
TXN_000102,CUST_0471,MERCH_03,165.65,INR,upi,94,insufficient_funds,1,20,0,94,2026-08-11T04:54:42.695055,GB,api_integration,False,0.0,0,failed
TXN_000103,CUST_0764,MERCH_10,18.32,GBP,net_banking,51,insufficient_funds,1,5,4,51,2026-08-12T02:14:35.625404,GB,mobile_app,False,0.0,0,failed
TXN_000104,CUST_1149,MERCH_02,89.3,USD,credit_card,540,insufficient_funds,1,18,3,540,2026-07-26T06:47:20.526064,IN,web_browser,False,0.0,0,failed
TXN_000105,CUST_0532,MERCH_03,56.26,EUR,credit_card,180,insufficient_funds,1,15,5,441,2026-08-17T21:50:05.135782,CA,api_integration,False,0.0,0,failed
TXN_000106,CUST_0186,MERCH_07,49.99,GBP,credit_card,440,invalid_payment_method,1,10,4,440,2026-08-16T03:04:10.084591,GB,mobile_app,True,49.99,0,recovered
TXN_000107,CUST_1365,MERCH_08,383.43,EUR,debit_card,447,insufficient_funds,1,3,1,447,2026-07-29T16:48:03.374006,GB,mobile_app,False,0.0,0,failed
TXN_000108,CUST_0256,MERCH_09,23.16,INR,upi,745,authentication_failed,2,11,2,745,2026-08-17T17:24:05.472311,IN,mobile_app,False,0.0,1,recovered
TXN_000109,CUST_1333,MERCH_03,16.75,EUR,ach,476,invalid_payment_method,1,20,3,476,2026-08-04T09:08:36.504255,GB,mobile_app,False,0.0,0,failed
TXN_000110,CUST_1000,MERCH_02,92.57,USD,upi,58,insufficient_funds,1,8,4,58,2026-08-11T06:09:31.226274,GB,mobile_app,False,0.0,0,failed
TXN_000111,CUST_1420,MERCH_02,140.24,INR,upi,811,expired_card,2,18,4,978,2026-07-28T13:03:59.042540,DE,web_browser,False,0.0,1,failed
TXN_000112,CUST_1126,MERCH_03,49.99,GBP,wallet,87,insufficient_funds,1,10,5,87,2026-08-03T14:04:28.558203,DE,api_integration,True,49.99,0,failed
TXN_000113,CUST_0425,MERCH_06,380.04,USD,wallet,54,expired_card,2,10,5,613,2026-08-22T20:02:29.473970,AU,web_browser,False,0.0,1,recovered
TXN_000114,CUST_0681,MERCH_05,291.14,GBP,debit_card,84,invalid_payment_method,1,19,1,342,2026-08-14T07:39:19.726186,DE,api_integration,False,0.0,0,failed
TXN_000115,CUST_0273,MERCH_05,75.9,USD,ach,720,network_error,3,4,5,720,2026-07-28T10:37:12.574962,AU,web_browser,False,0.0,2,abandoned
TXN_000116,CUST_1141,MERCH_06,29.99,USD,upi,785,insufficient_funds,1,6,2,971,2026-08-20T16:27:29.400087,US,api_integration,True,29.99,0,failed
TXN_000117,CUST_1205,MERCH_09,199.0,INR,ach,386,insufficient_funds,1,19,1,612,2026-08-04T00:42:42.795313,CA,mobile_app,True,199.0,0,failed
TXN_000118,CUST_0941,MERCH_06,195.72,GBP,debit_card,767,invalid_payment_method,2,19,2,771,2026-08-17T15:18:50.627794,GB,api_integration,False,0.0,1,failed
TXN_000119,CUST_1268,MERCH_08,225.09,EUR,credit_card,429,network_error,1,16,4,429,2026-08-06T16:11:39.294717,AU,web_browser,False,0.0,0,failed
TXN_000120,CUST_0860,MERCH_09,199.0,GBP,credit_card,86,network_error,1,3,2,86,2026-08-09T09:55:43.782270,IN,web_browser,True,199.0,0,failed
TXN_000121,CUST_0815,MERCH_01,13.21,EUR,debit_card,84,authentication_failed,1,7,3,84,2026-08-21T20:09:41.483493,IN,mobile_app,False,0.0,0,failed
TXN_000122,CUST_0687,MERCH_08,271.78,INR,wallet,6,bank_declined,3,15,3,631,2026-08-18T08:14:29.810041,AU,api_integration,False,0.0,2,failed
TXN_000123,CUST_1180,MERCH_07,499.0,USD,net_banking,49,insufficient_funds,1,9,0,49,2026-08-11T02:24:55.338575,DE,api_integration,True,499.0,0,recovered
TXN_000124,CUST_0133,MERCH_09,46.55,USD,wallet,362,insufficient_funds,1,13,0,630,2026-08-04T21:12:38.031548,GB,mobile_app,False,0.0,0,failed
TXN_000125,CUST_1177,MERCH_09,236.56,USD,upi,482,authentication_failed,1,0,3,895,2026-08-13T14:45:03.873489,US,web_browser,False,0.0,0,failed
TXN_000126,CUST_0593,MERCH_02,204.31,GBP,ach,347,insufficient_funds,2,1,2,560,2026-08-01T10:35:12.161033,CA,api_integration,False,0.0,1,failed
TXN_000127,CUST_0473,MERCH_03,199.0,EUR,wallet,207,network_error,1,14,0,301,2026-08-23T13:19:24.156651,CA,api_integration,True,199.0,0,failed
TXN_000128,CUST_1069,MERCH_05,499.0,EUR,net_banking,800,authentication_failed,1,9,2,883,2026-08-16T14:48:10.186926,CA,api_integration,True,499.0,0,recovered
TXN_000129,CUST_1000,MERCH_07,550.86,USD,net_banking,817,expired_card,1,15,2,947,2026-08-03T00:03:56.228576,DE,mobile_app,False,0.0,0,recovered
TXN_000130,CUST_1217,MERCH_05,21.24,GBP,credit_card,457,insufficient_funds,2,9,2,457,2026-08-11T11:55:18.555198,AU,web_browser,False,0.0,1,failed
TXN_000131,CUST_1359,MERCH_07,158.03,INR,credit_card,653,network_error,1,1,0,688,2026-08-02T07:38:23.660063,IN,api_integration,False,0.0,0,failed
TXN_000132,CUST_1488,MERCH_08,19.99,GBP,upi,371,insufficient_funds,3,20,2,371,2026-08-20T05:01:52.790220,GB,web_browser,True,19.99,2,failed
TXN_000133,CUST_0257,MERCH_10,99.0,GBP,wallet,256,expired_card,4,10,5,286,2026-08-02T17:52:44.879174,CA,api_integration,True,99.0,3,failed
TXN_000134,CUST_0341,MERCH_05,187.63,USD,net_banking,711,insufficient_funds,4,19,2,711,2026-08-21T03:12:17.223892,IN,api_integration,False,0.0,3,failed
TXN_000135,CUST_1011,MERCH_02,519.26,INR,upi,67,unknown,1,11,5,67,2026-07-30T06:35:45.326781,DE,mobile_app,False,0.0,0,recovered
TXN_000136,CUST_0348,MERCH_04,19.99,USD,credit_card,568,network_error,1,0,2,568,2026-08-08T06:21:39.012154,GB,web_browser,True,19.99,0,recovered
TXN_000137,CUST_1080,MERCH_09,224.91,EUR,debit_card,325,network_error,1,2,1,996,2026-08-04T09:52:51.607468,DE,api_integration,False,0.0,0,failed
TXN_000138,CUST_1303,MERCH_03,49.99,INR,upi,157,authentication_failed,1,1,0,531,2026-07-27T18:34:25.305048,DE,web_browser,True,49.99,0,failed
TXN_000139,CUST_0261,MERCH_05,199.0,INR,debit_card,311,invalid_payment_method,1,8,1,641,2026-08-05T14:02:40.615910,AU,api_integration,True,199.0,0,failed
TXN_000140,CUST_1339,MERCH_06,11.31,GBP,wallet,657,network_error,2,2,0,972,2026-08-18T11:43:49.842824,AU,mobile_app,False,0.0,1,failed
TXN_000141,CUST_1119,MERCH_09,159.04,GBP,net_banking,305,insufficient_funds,1,7,5,416,2026-08-20T01:41:21.662293,CA,mobile_app,False,0.0,0,recovered
TXN_000142,CUST_0796,MERCH_10,29.99,USD,upi,354,network_error,4,10,5,882,2026-08-01T23:53:19.444884,IN,web_browser,True,29.99,3,failed
TXN_000143,CUST_0350,MERCH_05,47.74,EUR,wallet,631,insufficient_funds,1,9,3,885,2026-07-28T17:55:04.440116,AU,web_browser,False,0.0,0,abandoned
TXN_000144,CUST_0488,MERCH_03,832.08,INR,wallet,24,expired_card,3,9,3,24,2026-07-26T19:34:25.532790,GB,mobile_app,False,0.0,2,failed
TXN_000145,CUST_0203,MERCH_05,141.52,EUR,net_banking,9,network_error,2,15,2,550,2026-07-29T08:12:41.701517,GB,mobile_app,False,0.0,1,failed
TXN_000146,CUST_0920,MERCH_01,128.77,USD,debit_card,396,expired_card,1,9,0,396,2026-07-31T01:20:59.447921,US,web_browser,False,0.0,0,failed
TXN_000147,CUST_0864,MERCH_06,424.41,EUR,net_banking,412,bank_declined,1,6,4,522,2026-08-20T16:50:20.324802,DE,web_browser,False,0.0,0,failed
TXN_000148,CUST_0405,MERCH_10,27.59,GBP,ach,403,invalid_payment_method,2,10,1,403,2026-08-14T17:20:10.378461,DE,web_browser,False,0.0,1,failed
TXN_000149,CUST_1072,MERCH_01,65.35,GBP,upi,316,insufficient_funds,3,13,4,316,2026-08-05T22:29:12.640047,AU,api_integration,False,0.0,2,recovered
TXN_000150,CUST_1282,MERCH_04,12.91,INR,credit_card,635,expired_card,2,16,5,739,2026-07-31T03:58:39.003456,DE,api_integration,False,0.0,1,failed
TXN_000151,CUST_0325,MERCH_04,49.99,USD,ach,209,insufficient_funds,1,4,3,708,2026-07-28T04:48:30.357403,IN,api_integration,True,49.99,0,recovered
TXN_000152,CUST_0524,MERCH_09,946.7,EUR,wallet,178,expired_card,1,12,2,980,2026-08-08T10:13:45.746071,CA,mobile_app,False,0.0,0,failed
TXN_000153,CUST_0604,MERCH_05,58.18,EUR,upi,213,invalid_payment_method,2,9,2,722,2026-08-10T10:04:51.528288,US,api_integration,False,0.0,1,failed
TXN_000154,CUST_1485,MERCH_09,344.16,GBP,ach,44,expired_card,1,11,1,298,2026-08-14T10:08:39.734324,GB,api_integration,False,0.0,0,recovered
TXN_000155,CUST_1081,MERCH_04,499.0,USD,ach,141,authentication_failed,1,17,5,279,2026-08-17T15:13:56.298606,DE,mobile_app,True,499.0,0,recovered
TXN_000156,CUST_1406,MERCH_04,9.99,INR,net_banking,698,expired_card,1,15,0,698,2026-07-26T11:29:36.754780,AU,web_browser,True,9.99,0,abandoned
TXN_000157,CUST_1077,MERCH_04,63.11,INR,net_banking,238,authentication_failed,1,2,5,588,2026-07-27T17:10:59.440658,IN,mobile_app,False,0.0,0,recovered
TXN_000158,CUST_0913,MERCH_08,199.0,EUR,net_banking,10,invalid_payment_method,1,9,0,10,2026-07-26T07:50:02.991137,AU,api_integration,True,199.0,0,failed
TXN_000159,CUST_1173,MERCH_08,499.0,INR,credit_card,116,authentication_failed,1,8,1,829,2026-08-05T08:47:27.056783,AU,web_browser,True,499.0,0,recovered
TXN_000160,CUST_0704,MERCH_10,217.38,INR,debit_card,438,insufficient_funds,1,20,3,847,2026-08-04T17:41:39.032064,CA,web_browser,False,0.0,0,failed
TXN_000161,CUST_0608,MERCH_01,77.57,INR,credit_card,310,expired_card,2,8,2,310,2026-08-05T04:54:17.310561,AU,mobile_app,False,0.0,1,failed
TXN_000162,CUST_1053,MERCH_05,49.99,INR,debit_card,121,bank_declined,3,9,5,121,2026-08-06T09:01:21.375567,CA,mobile_app,True,49.99,2,failed
TXN_000163,CUST_1031,MERCH_10,85.64,USD,wallet,681,authentication_failed,2,15,4,822,2026-08-04T09:42:47.938655,CA,api_integration,False,0.0,1,recovered
TXN_000164,CUST_0840,MERCH_02,22.85,USD,ach,550,network_error,1,16,1,587,2026-08-09T04:53:51.320199,IN,api_integration,False,0.0,0,failed
TXN_000165,CUST_1294,MERCH_08,99.0,EUR,ach,136,expired_card,1,1,3,136,2026-08-08T01:12:48.099182,US,web_browser,True,99.0,0,failed
TXN_000166,CUST_0621,MERCH_01,41.87,GBP,credit_card,66,insufficient_funds,1,13,2,718,2026-07-28T23:44:36.980318,GB,web_browser,False,0.0,0,failed
TXN_000167,CUST_0468,MERCH_03,579.8,USD,ach,392,authentication_failed,1,13,2,913,2026-08-13T11:43:54.632440,AU,api_integration,False,0.0,0,abandoned
TXN_000168,CUST_0372,MERCH_06,19.99,EUR,net_banking,131,unknown,4,12,4,131,2026-08-02T03:07:04.453270,AU,api_integration,True,19.99,3,failed
TXN_000169,CUST_1215,MERCH_07,76.53,USD,ach,159,insufficient_funds,1,14,2,159,2026-08-01T20:24:54.951714,CA,api_integration,False,0.0,0,recovered
TXN_000170,CUST_0132,MERCH_04,9.99,GBP,net_banking,613,insufficient_funds,2,1,3,613,2026-08-02T14:22:33.391363,IN,api_integration,True,9.99,1,failed
TXN_000171,CUST_0544,MERCH_01,99.0,INR,upi,327,unknown,1,7,5,590,2026-07-31T06:20:16.477969,IN,api_integration,True,99.0,0,recovered
TXN_000172,CUST_1167,MERCH_04,58.61,EUR,ach,180,insufficient_funds,1,18,5,934,2026-08-09T22:41:38.614297,AU,web_browser,False,0.0,0,failed
TXN_000173,CUST_1174,MERCH_06,85.76,INR,net_banking,551,insufficient_funds,1,12,1,773,2026-08-15T18:59:28.739589,US,api_integration,False,0.0,0,recovered
TXN_000174,CUST_0945,MERCH_07,118.25,INR,credit_card,339,expired_card,1,8,1,339,2026-08-13T16:21:09.996684,GB,web_browser,False,0.0,0,failed
TXN_000175,CUST_1479,MERCH_10,11.05,EUR,credit_card,573,insufficient_funds,1,18,5,688,2026-07-28T14:31:06.714846,IN,mobile_app,False,0.0,0,failed
TXN_000176,CUST_0340,MERCH_08,199.0,EUR,upi,246,authentication_failed,1,6,3,938,2026-08-13T09:27:11.068808,GB,web_browser,True,199.0,0,recovered
TXN_000177,CUST_1150,MERCH_08,20.57,INR,ach,209,unknown,1,15,2,937,2026-08-07T22:31:47.687309,IN,mobile_app,False,0.0,0,failed
TXN_000178,CUST_0634,MERCH_09,134.82,EUR,upi,236,expired_card,1,4,1,338,2026-08-09T20:02:39.578227,CA,api_integration,False,0.0,0,recovered
TXN_000179,CUST_1414,MERCH_08,32.63,USD,wallet,560,network_error,1,5,1,738,2026-08-08T13:12:25.712192,US,mobile_app,False,0.0,0,abandoned
TXN_000180,CUST_1468,MERCH_01,49.99,USD,wallet,70,insufficient_funds,1,20,1,70,2026-08-11T03:12:36.399418,AU,api_integration,True,49.99,0,failed
TXN_000181,CUST_1362,MERCH_08,105.37,USD,wallet,13,insufficient_funds,1,17,3,13,2026-07-26T11:48:14.693942,AU,api_integration,False,0.0,0,failed
TXN_000182,CUST_0981,MERCH_03,9.99,USD,upi,540,authentication_failed,1,7,1,635,2026-07-31T23:13:00.476314,CA,web_browser,True,9.99,0,failed
TXN_000183,CUST_1257,MERCH_04,43.4,GBP,credit_card,666,bank_declined,2,2,5,879,2026-08-13T10:27:33.461397,AU,mobile_app,False,0.0,1,failed
TXN_000184,CUST_0450,MERCH_02,284.97,INR,ach,879,authentication_failed,1,10,4,879,2026-08-23T12:51:30.434884,DE,web_browser,False,0.0,0,failed
TXN_000185,CUST_0655,MERCH_01,199.0,INR,wallet,34,invalid_payment_method,1,17,4,674,2026-08-24T08:13:09.126172,IN,api_integration,True,199.0,0,recovered
TXN_000186,CUST_0915,MERCH_02,31.59,USD,wallet,554,insufficient_funds,1,12,5,919,2026-08-20T14:44:27.713951,AU,web_browser,False,0.0,0,recovered
TXN_000187,CUST_0209,MERCH_02,44.62,EUR,net_banking,610,insufficient_funds,1,19,4,978,2026-08-23T22:09:50.229246,CA,mobile_app,False,0.0,0,recovered
TXN_000188,CUST_0828,MERCH_09,89.8,EUR,debit_card,634,bank_declined,1,12,0,791,2026-08-22T14:34:26.410193,CA,api_integration,False,0.0,0,failed
TXN_000189,CUST_1398,MERCH_03,79.05,USD,debit_card,316,expired_card,1,2,0,966,2026-08-21T17:53:42.249923,CA,web_browser,False,0.0,0,recovered
TXN_000190,CUST_1240,MERCH_09,83.65,EUR,net_banking,96,insufficient_funds,1,11,4,96,2026-08-13T06:09:31.275755,CA,mobile_app,False,0.0,0,failed
TXN_000191,CUST_1245,MERCH_04,115.44,EUR,net_banking,276,bank_declined,1,5,1,276,2026-08-19T19:07:07.883892,GB,web_browser,False,0.0,0,failed
TXN_000192,CUST_0257,MERCH_06,437.96,GBP,upi,201,bank_declined,1,15,4,632,2026-08-24T14:37:10.686697,DE,web_browser,False,0.0,0,failed
TXN_000193,CUST_0774,MERCH_08,89.48,EUR,debit_card,140,network_error,1,20,4,140,2026-08-18T18:53:54.519815,CA,web_browser,False,0.0,0,abandoned
TXN_000194,CUST_0696,MERCH_08,233.47,INR,ach,117,insufficient_funds,3,8,3,374,2026-07-25T21:33:37.599875,DE,mobile_app,False,0.0,2,failed
TXN_000195,CUST_1045,MERCH_04,244.69,INR,ach,512,network_error,1,2,3,690,2026-08-17T05:35:09.310060,CA,web_browser,False,0.0,0,failed
TXN_000196,CUST_0251,MERCH_08,102.87,USD,credit_card,429,expired_card,1,16,5,429,2026-08-03T18:23:05.788290,IN,api_integration,False,0.0,0,abandoned
TXN_000197,CUST_1461,MERCH_06,199.0,GBP,credit_card,663,authentication_failed,1,18,5,694,2026-07-26T20:16:19.042201,US,mobile_app,True,199.0,0,recovered
TXN_000198,CUST_0629,MERCH_04,211.07,INR,upi,384,authentication_failed,1,18,1,457,2026-08-07T03:45:55.997027,US,web_browser,False,0.0,0,recovered
TXN_000199,CUST_0314,MERCH_05,384.89,GBP,credit_card,320,insufficient_funds,1,4,2,320,2026-08-10T07:49:58.936518,CA,api_integration,False,0.0,0,failed
TXN_000200,CUST_1026,MERCH_06,29.99,INR,wallet,352,insufficient_funds,1,3,0,870,2026-08-19T21:10:22.630799,IN,api_integration,True,29.99,0,recovered
TXN_000201,CUST_0427,MERCH_06,88.37,INR,net_banking,189,expired_card,1,12,5,189,2026-08-23T22:28:33.406118,DE,web_browser,False,0.0,0,failed
TXN_000202,CUST_0896,MERCH_01,41.27,GBP,credit_card,105,insufficient_funds,3,2,4,105,2026-08-15T00:48:53.735699,GB,api_integration,False,0.0,2,failed
TXN_000203,CUST_1102,MERCH_09,61.4,EUR,wallet,117,expired_card,1,12,4,117,2026-08-19T15:17:20.068177,DE,mobile_app,False,0.0,0,failed
TXN_000204,CUST_1476,MERCH_03,23.81,GBP,net_banking,145,insufficient_funds,1,5,2,711,2026-08-20T16:14:26.866421,IN,web_browser,False,0.0,0,failed
TXN_000205,CUST_1401,MERCH_09,382.29,USD,upi,171,invalid_payment_method,1,5,4,171,2026-07-30T13:20:46.711630,US,web_browser,False,0.0,0,failed
TXN_000206,CUST_0379,MERCH_04,502.93,USD,wallet,504,authentication_failed,1,15,3,702,2026-08-10T03:40:36.068872,US,mobile_app,False,0.0,0,recovered
TXN_000207,CUST_0698,MERCH_01,43.2,USD,upi,761,insufficient_funds,2,14,4,761,2026-08-21T09:59:27.128156,DE,web_browser,False,0.0,1,failed
TXN_000208,CUST_1210,MERCH_01,92.34,USD,net_banking,754,insufficient_funds,2,13,0,754,2026-07-29T13:42:57.081990,GB,web_browser,False,0.0,1,failed
TXN_000209,CUST_0278,MERCH_08,499.0,INR,wallet,603,network_error,1,6,5,603,2026-08-05T19:57:35.594059,IN,mobile_app,True,499.0,0,recovered
TXN_000210,CUST_0523,MERCH_01,69.81,USD,debit_card,332,insufficient_funds,1,17,1,332,2026-07-27T05:51:38.215662,CA,mobile_app,False,0.0,0,failed
TXN_000211,CUST_0667,MERCH_03,306.58,EUR,ach,780,insufficient_funds,2,10,1,780,2026-08-07T11:48:10.173229,CA,web_browser,False,0.0,1,failed
TXN_000212,CUST_1025,MERCH_02,242.42,GBP,upi,285,bank_declined,2,12,4,768,2026-08-11T04:09:21.840028,DE,mobile_app,False,0.0,1,recovered
TXN_000213,CUST_0290,MERCH_08,168.66,EUR,upi,224,expired_card,4,2,4,408,2026-08-09T23:20:46.225312,GB,api_integration,False,0.0,3,failed
TXN_000214,CUST_1283,MERCH_03,292.01,INR,net_banking,102,network_error,2,1,0,102,2026-08-21T02:03:11.228814,CA,mobile_app,False,0.0,1,failed
TXN_000215,CUST_0976,MERCH_04,365.21,USD,upi,896,limit_exceeded,3,9,1,896,2026-08-14T00:00:50.514967,AU,api_integration,False,0.0,2,failed
TXN_000216,CUST_0438,MERCH_01,152.37,INR,wallet,94,bank_declined,2,7,3,672,2026-08-10T12:14:17.934598,IN,api_integration,False,0.0,1,failed
TXN_000217,CUST_1492,MERCH_08,9.99,USD,credit_card,136,bank_declined,1,3,3,711,2026-08-22T03:10:55.269248,GB,web_browser,True,9.99,0,failed
TXN_000218,CUST_0712,MERCH_03,227.73,INR,net_banking,147,bank_declined,1,4,5,694,2026-08-06T12:07:21.518723,GB,api_integration,False,0.0,0,failed
TXN_000219,CUST_0536,MERCH_03,148.6,EUR,net_banking,103,expired_card,1,6,0,919,2026-08-02T21:57:28.361350,GB,mobile_app,False,0.0,0,failed
TXN_000220,CUST_0607,MERCH_05,18.2,EUR,debit_card,292,authentication_failed,2,19,5,623,2026-07-30T09:05:38.178444,DE,api_integration,False,0.0,1,recovered
TXN_000221,CUST_1143,MERCH_04,79.58,USD,upi,116,authentication_failed,1,7,3,396,2026-08-22T16:22:11.727921,GB,mobile_app,False,0.0,0,recovered
TXN_000222,CUST_0892,MERCH_10,73.22,USD,net_banking,18,bank_declined,1,15,0,18,2026-08-23T14:49:12.383524,DE,web_browser,False,0.0,0,failed
TXN_000223,CUST_1387,MERCH_09,87.64,INR,debit_card,551,expired_card,1,20,4,551,2026-08-22T10:36:13.831118,DE,web_browser,False,0.0,0,failed
TXN_000224,CUST_0900,MERCH_10,221.1,INR,credit_card,318,authentication_failed,1,20,0,318,2026-08-17T15:41:47.071282,CA,mobile_app,False,0.0,0,abandoned
TXN_000225,CUST_1028,MERCH_10,13.49,EUR,wallet,13,bank_declined,1,5,0,13,2026-08-09T22:07:25.659552,DE,api_integration,False,0.0,0,failed
TXN_000226,CUST_0630,MERCH_03,25.36,EUR,wallet,121,network_error,2,8,5,908,2026-07-31T14:27:16.292284,US,web_browser,False,0.0,1,failed
TXN_000227,CUST_1280,MERCH_02,96.1,USD,debit_card,171,expired_card,1,15,4,171,2026-07-28T23:42:27.463612,AU,api_integration,False,0.0,0,recovered
TXN_000228,CUST_0105,MERCH_01,19.99,GBP,debit_card,154,insufficient_funds,1,11,3,943,2026-08-23T18:01:59.619139,GB,mobile_app,True,19.99,0,abandoned
TXN_000229,CUST_0952,MERCH_06,267.3,USD,net_banking,690,authentication_failed,1,3,4,690,2026-08-09T08:11:08.403952,US,web_browser,False,0.0,0,failed
TXN_000230,CUST_0678,MERCH_05,18.55,EUR,wallet,299,expired_card,2,11,1,299,2026-08-17T12:51:18.890942,CA,mobile_app,False,0.0,1,recovered
TXN_000231,CUST_1219,MERCH_04,9.99,EUR,credit_card,355,invalid_payment_method,1,0,1,555,2026-08-24T12:35:02.952497,AU,web_browser,True,9.99,0,recovered
TXN_000232,CUST_0729,MERCH_02,99.0,USD,credit_card,62,unknown,4,13,3,985,2026-08-03T11:10:22.252463,IN,api_integration,True,99.0,3,failed
TXN_000233,CUST_0945,MERCH_06,555.68,GBP,ach,137,insufficient_funds,2,3,4,137,2026-08-07T18:43:02.359732,IN,mobile_app,False,0.0,1,failed
TXN_000234,CUST_0697,MERCH_05,395.64,USD,debit_card,279,expired_card,1,10,2,464,2026-08-20T17:30:16.366348,US,mobile_app,False,0.0,0,abandoned
TXN_000235,CUST_1020,MERCH_08,83.26,EUR,ach,316,authentication_failed,1,6,3,316,2026-08-20T02:01:26.956177,AU,api_integration,False,0.0,0,failed
TXN_000236,CUST_0182,MERCH_04,29.08,USD,net_banking,51,bank_declined,2,11,3,526,2026-07-26T02:18:12.115481,CA,api_integration,False,0.0,1,failed
TXN_000237,CUST_1226,MERCH_04,49.99,GBP,upi,13,insufficient_funds,2,4,0,13,2026-08-20T21:23:22.433767,AU,api_integration,True,49.99,1,abandoned
TXN_000238,CUST_1420,MERCH_02,137.33,EUR,credit_card,67,limit_exceeded,3,2,0,67,2026-08-20T22:46:27.941952,US,web_browser,False,0.0,2,failed
TXN_000239,CUST_0203,MERCH_03,90.15,EUR,upi,392,bank_declined,1,15,0,392,2026-07-28T13:36:11.733973,CA,mobile_app,False,0.0,0,failed
TXN_000240,CUST_0170,MERCH_10,148.95,GBP,debit_card,564,authentication_failed,1,15,3,904,2026-08-13T07:45:31.562040,AU,api_integration,False,0.0,0,failed
TXN_000241,CUST_0610,MERCH_09,49.99,GBP,upi,558,network_error,1,11,3,558,2026-08-09T17:49:06.815198,IN,mobile_app,True,49.99,0,abandoned
TXN_000242,CUST_0753,MERCH_10,9.99,INR,credit_card,484,limit_exceeded,1,8,0,829,2026-07-25T19:52:31.034329,IN,api_integration,True,9.99,0,recovered
TXN_000243,CUST_0593,MERCH_05,259.16,INR,debit_card,590,limit_exceeded,4,1,1,590,2026-08-14T04:04:03.388871,IN,api_integration,False,0.0,3,abandoned
TXN_000244,CUST_0751,MERCH_06,9.29,GBP,wallet,146,bank_declined,3,18,4,146,2026-07-31T12:05:01.201624,GB,mobile_app,False,0.0,2,recovered
TXN_000245,CUST_1104,MERCH_01,9.99,INR,upi,490,insufficient_funds,1,7,0,540,2026-08-18T18:27:26.117524,AU,mobile_app,True,9.99,0,abandoned
TXN_000246,CUST_0762,MERCH_01,19.99,GBP,wallet,539,authentication_failed,3,4,0,867,2026-08-13T14:32:36.462700,US,web_browser,True,19.99,2,abandoned
TXN_000247,CUST_0718,MERCH_06,19.99,EUR,debit_card,499,bank_declined,1,13,5,984,2026-07-26T18:05:36.432142,AU,api_integration,True,19.99,0,failed
TXN_000248,CUST_0459,MERCH_07,203.64,USD,debit_card,2,insufficient_funds,2,5,5,2,2026-07-30T07:01:53.489836,DE,web_browser,False,0.0,1,failed
TXN_000249,CUST_1352,MERCH_04,130.05,USD,ach,80,invalid_payment_method,1,4,2,764,2026-08-19T18:37:45.527245,AU,api_integration,False,0.0,0,abandoned
TXN_000250,CUST_0787,MERCH_08,29.99,GBP,debit_card,263,insufficient_funds,1,2,2,263,2026-08-13T05:39:19.251455,CA,web_browser,True,29.99,0,failed
TXN_000251,CUST_0875,MERCH_06,75.58,USD,upi,704,network_error,1,18,5,777,2026-07-31T20:09:04.667598,US,web_browser,False,0.0,0,failed
TXN_000252,CUST_0634,MERCH_02,29.99,GBP,ach,77,insufficient_funds,1,12,1,750,2026-08-22T00:27:55.445175,US,web_browser,True,29.99,0,recovered
TXN_000253,CUST_1438,MERCH_03,335.76,EUR,ach,211,insufficient_funds,1,3,2,211,2026-08-03T03:41:46.438652,GB,web_browser,False,0.0,0,recovered
TXN_000254,CUST_0586,MERCH_02,49.99,GBP,debit_card,56,authentication_failed,1,15,1,56,2026-07-31T02:22:04.055066,US,mobile_app,True,49.99,0,failed
TXN_000255,CUST_0523,MERCH_03,56.76,GBP,debit_card,408,insufficient_funds,1,3,2,804,2026-08-16T20:42:53.276249,GB,web_browser,False,0.0,0,recovered
TXN_000256,CUST_0856,MERCH_03,11.85,USD,credit_card,276,expired_card,1,8,1,858,2026-08-03T22:06:07.296425,AU,web_browser,False,0.0,0,failed
TXN_000257,CUST_1208,MERCH_07,43.72,INR,net_banking,429,insufficient_funds,1,12,4,429,2026-08-10T13:39:55.394763,GB,mobile_app,False,0.0,0,recovered
TXN_000258,CUST_0908,MERCH_01,132.02,INR,debit_card,151,authentication_failed,1,18,5,636,2026-08-19T15:02:09.210911,IN,mobile_app,False,0.0,0,recovered
TXN_000259,CUST_0187,MERCH_07,199.0,USD,credit_card,610,expired_card,1,20,1,855,2026-07-28T09:22:39.530171,CA,api_integration,True,199.0,0,abandoned
TXN_000260,CUST_0913,MERCH_09,296.34,INR,wallet,602,authentication_failed,1,0,5,639,2026-08-12T09:08:03.773649,DE,api_integration,False,0.0,0,failed
TXN_000261,CUST_0305,MERCH_02,231.81,GBP,credit_card,421,network_error,1,17,2,899,2026-08-07T15:41:30.962803,IN,web_browser,False,0.0,0,recovered
TXN_000262,CUST_0925,MERCH_03,145.72,EUR,upi,901,bank_declined,1,1,3,911,2026-08-02T10:37:34.208907,US,web_browser,False,0.0,0,failed
TXN_000263,CUST_0720,MERCH_05,282.58,EUR,upi,138,network_error,4,3,1,138,2026-08-01T14:15:59.829816,AU,web_browser,False,0.0,3,abandoned
TXN_000264,CUST_1338,MERCH_02,49.99,INR,credit_card,497,insufficient_funds,1,13,5,497,2026-08-23T03:01:44.019598,GB,api_integration,True,49.99,0,failed
TXN_000265,CUST_1137,MERCH_07,499.0,USD,net_banking,178,network_error,3,18,0,178,2026-08-23T02:00:19.496782,US,web_browser,True,499.0,2,failed
TXN_000266,CUST_0507,MERCH_05,265.17,GBP,wallet,32,authentication_failed,1,20,0,698,2026-08-11T10:20:29.771912,DE,web_browser,False,0.0,0,failed
TXN_000267,CUST_0805,MERCH_03,212.32,INR,ach,51,bank_declined,1,9,0,396,2026-07-26T20:50:50.199282,IN,api_integration,False,0.0,0,failed
TXN_000268,CUST_0523,MERCH_05,84.02,EUR,wallet,136,insufficient_funds,1,0,3,934,2026-08-24T13:23:54.338255,GB,api_integration,False,0.0,0,recovered
TXN_000269,CUST_1416,MERCH_05,343.76,USD,credit_card,224,network_error,1,14,2,224,2026-08-06T02:33:26.768873,DE,api_integration,False,0.0,0,failed
TXN_000270,CUST_0866,MERCH_09,140.13,EUR,ach,66,insufficient_funds,4,3,3,66,2026-07-29T23:18:13.181118,AU,api_integration,False,0.0,3,abandoned
TXN_000271,CUST_0711,MERCH_04,99.0,GBP,upi,414,bank_declined,1,1,4,414,2026-08-24T01:09:58.373149,GB,web_browser,True,99.0,0,failed
TXN_000272,CUST_0928,MERCH_07,10.39,GBP,ach,352,bank_declined,2,18,1,352,2026-08-05T15:58:10.239925,GB,api_integration,False,0.0,1,recovered
TXN_000273,CUST_0714,MERCH_03,318.72,INR,ach,132,insufficient_funds,1,3,3,132,2026-08-01T22:15:59.900670,GB,api_integration,False,0.0,0,recovered
TXN_000274,CUST_0282,MERCH_04,42.91,USD,ach,267,limit_exceeded,1,13,2,381,2026-08-21T06:42:02.099867,DE,api_integration,False,0.0,0,failed
TXN_000275,CUST_1371,MERCH_02,335.31,INR,upi,306,authentication_failed,1,12,4,306,2026-08-20T16:36:07.971712,CA,api_integration,False,0.0,0,recovered
TXN_000276,CUST_1037,MERCH_03,302.5,USD,net_banking,341,insufficient_funds,4,2,3,341,2026-08-05T18:42:56.363580,GB,mobile_app,False,0.0,3,abandoned
TXN_000277,CUST_0445,MERCH_10,49.99,GBP,credit_card,445,network_error,1,2,1,630,2026-07-26T20:33:07.028400,US,api_integration,True,49.99,0,failed
TXN_000278,CUST_0508,MERCH_06,29.99,EUR,upi,19,bank_declined,1,16,1,19,2026-08-18T00:36:10.003990,IN,mobile_app,True,29.99,0,recovered
TXN_000279,CUST_0885,MERCH_09,59.82,GBP,ach,298,insufficient_funds,1,1,2,972,2026-08-09T02:10:45.021959,IN,web_browser,False,0.0,0,failed
TXN_000280,CUST_1103,MERCH_06,19.99,INR,credit_card,230,invalid_payment_method,2,12,0,234,2026-08-02T19:01:46.942322,GB,api_integration,True,19.99,1,failed
TXN_000281,CUST_1432,MERCH_01,318.78,USD,credit_card,50,insufficient_funds,4,17,4,50,2026-08-05T04:59:17.289443,AU,mobile_app,False,0.0,3,failed
TXN_000282,CUST_0953,MERCH_08,24.79,EUR,wallet,703,insufficient_funds,1,4,1,712,2026-08-04T23:09:32.890015,DE,api_integration,False,0.0,0,failed
TXN_000283,CUST_0380,MERCH_07,99.0,EUR,wallet,117,bank_declined,1,3,2,117,2026-08-18T19:41:30.772883,IN,web_browser,True,99.0,0,failed
TXN_000284,CUST_0939,MERCH_05,9.99,USD,wallet,493,authentication_failed,1,6,5,956,2026-08-04T15:58:57.980573,AU,web_browser,True,9.99,0,failed
TXN_000285,CUST_0405,MERCH_02,16.7,USD,credit_card,237,bank_declined,4,8,5,237,2026-08-16T21:20:52.297981,IN,mobile_app,False,0.0,3,abandoned
TXN_000286,CUST_0695,MERCH_06,61.25,GBP,wallet,10,bank_declined,1,3,0,10,2026-08-14T22:53:18.728723,GB,api_integration,False,0.0,0,recovered
TXN_000287,CUST_0290,MERCH_06,35.29,INR,credit_card,395,expired_card,2,14,2,856,2026-08-12T03:52:51.481003,IN,api_integration,False,0.0,1,failed
TXN_000288,CUST_0220,MERCH_03,49.99,USD,ach,449,limit_exceeded,1,15,4,695,2026-08-14T01:20:09.980373,AU,mobile_app,True,49.99,0,failed
TXN_000289,CUST_1089,MERCH_08,49.99,INR,ach,322,expired_card,1,2,2,671,2026-08-09T01:40:30.178439,GB,api_integration,True,49.99,0,recovered
TXN_000290,CUST_1171,MERCH_10,49.99,USD,credit_card,355,bank_declined,2,7,3,355,2026-07-30T15:28:17.732855,AU,mobile_app,True,49.99,1,failed
TXN_000291,CUST_1135,MERCH_08,310.36,GBP,net_banking,247,insufficient_funds,4,15,2,247,2026-08-09T14:33:10.937526,IN,mobile_app,False,0.0,3,failed
TXN_000292,CUST_1040,MERCH_08,94.16,USD,wallet,122,network_error,2,14,2,122,2026-08-12T17:03:18.914216,DE,mobile_app,False,0.0,1,failed
TXN_000293,CUST_0286,MERCH_10,157.23,INR,net_banking,671,limit_exceeded,1,17,1,671,2026-07-31T01:21:00.296268,GB,api_integration,False,0.0,0,failed
TXN_000294,CUST_1369,MERCH_10,194.17,EUR,wallet,100,expired_card,2,14,0,100,2026-08-14T03:49:36.889536,DE,web_browser,False,0.0,1,failed
TXN_000295,CUST_0317,MERCH_01,49.99,INR,net_banking,261,insufficient_funds,1,13,0,261,2026-07-30T05:59:48.250350,IN,api_integration,True,49.99,0,failed
TXN_000296,CUST_0792,MERCH_02,12.14,INR,net_banking,791,authentication_failed,1,18,0,791,2026-07-27T03:07:48.186857,US,api_integration,False,0.0,0,recovered
TXN_000297,CUST_0199,MERCH_09,278.78,EUR,wallet,593,expired_card,1,16,1,709,2026-08-21T16:56:34.684189,CA,web_browser,False,0.0,0,recovered
TXN_000298,CUST_1347,MERCH_04,81.09,EUR,ach,137,insufficient_funds,1,9,3,825,2026-07-29T05:20:44.060043,DE,web_browser,False,0.0,0,recovered
TXN_000299,CUST_1233,MERCH_04,19.99,INR,wallet,354,authentication_failed,2,9,5,354,2026-08-05T07:29:39.385899,DE,api_integration,True,19.99,1,abandoned
TXN_000300,CUST_1404,MERCH_06,23.39,EUR,net_banking,585,expired_card,2,15,4,585,2026-08-02T09:06:02.773743,US,api_integration,False,0.0,1,failed
TXN_000301,CUST_0318,MERCH_01,28.56,USD,ach,769,bank_declined,1,6,2,769,2026-08-17T07:06:45.342626,GB,mobile_app,False,0.0,0,failed
TXN_000302,CUST_1208,MERCH_01,257.32,EUR,ach,663,insufficient_funds,1,17,1,761,2026-08-01T06:52:07.430496,AU,mobile_app,False,0.0,0,failed
TXN_000303,CUST_0881,MERCH_07,475.95,GBP,debit_card,14,unknown,2,10,4,56,2026-07-29T18:00:22.958246,AU,api_integration,False,0.0,1,failed
TXN_000304,CUST_1426,MERCH_06,123.65,INR,ach,182,authentication_failed,4,6,2,460,2026-08-19T04:53:13.284233,DE,mobile_app,False,0.0,3,failed
TXN_000305,CUST_0872,MERCH_01,54.09,USD,debit_card,262,insufficient_funds,1,5,4,867,2026-07-27T16:35:21.154377,GB,api_integration,False,0.0,0,failed
TXN_000306,CUST_0204,MERCH_10,58.75,USD,wallet,75,network_error,2,17,2,75,2026-07-27T02:33:21.623483,IN,web_browser,False,0.0,1,failed
TXN_000307,CUST_1212,MERCH_09,19.47,GBP,wallet,340,insufficient_funds,1,6,5,340,2026-08-02T05:39:16.680718,AU,mobile_app,False,0.0,0,failed
TXN_000308,CUST_0334,MERCH_06,46.23,USD,net_banking,41,authentication_failed,2,19,1,982,2026-07-28T08:06:42.148336,GB,api_integration,False,0.0,1,failed
TXN_000309,CUST_0679,MERCH_01,263.99,USD,credit_card,45,expired_card,1,16,3,499,2026-08-15T04:53:53.918059,IN,api_integration,False,0.0,0,recovered
TXN_000310,CUST_1192,MERCH_01,15.16,GBP,ach,435,bank_declined,1,6,5,435,2026-08-03T17:35:12.750061,US,api_integration,False,0.0,0,failed
TXN_000311,CUST_0414,MERCH_01,194.28,EUR,net_banking,183,insufficient_funds,1,2,0,183,2026-07-31T04:00:27.781057,CA,web_browser,False,0.0,0,failed
TXN_000312,CUST_1390,MERCH_07,62.06,USD,ach,7,expired_card,2,3,4,7,2026-08-02T10:28:52.741907,US,web_browser,False,0.0,1,failed
TXN_000313,CUST_1129,MERCH_02,236.89,GBP,debit_card,784,insufficient_funds,1,2,2,784,2026-08-04T23:50:12.688895,DE,mobile_app,False,0.0,0,failed
TXN_000314,CUST_0379,MERCH_07,57.43,USD,wallet,909,authentication_failed,4,9,5,909,2026-07-27T02:15:54.778500,DE,mobile_app,False,0.0,3,abandoned
TXN_000315,CUST_0352,MERCH_01,99.0,EUR,debit_card,88,authentication_failed,1,17,4,970,2026-07-28T17:01:42.342164,CA,api_integration,True,99.0,0,recovered
TXN_000316,CUST_1149,MERCH_03,19.99,GBP,ach,118,insufficient_funds,2,8,1,118,2026-08-23T04:20:14.362820,DE,mobile_app,True,19.99,1,failed
TXN_000317,CUST_0695,MERCH_02,20.5,USD,debit_card,132,bank_declined,2,15,2,366,2026-08-16T06:13:16.444439,GB,web_browser,False,0.0,1,failed
TXN_000318,CUST_1022,MERCH_06,166.57,EUR,debit_card,374,bank_declined,2,4,4,581,2026-08-19T18:05:16.369951,IN,api_integration,False,0.0,1,abandoned
TXN_000319,CUST_1412,MERCH_07,279.99,INR,ach,457,insufficient_funds,1,10,3,474,2026-08-08T06:20:34.500445,DE,mobile_app,False,0.0,0,failed
TXN_000320,CUST_0674,MERCH_03,37.8,GBP,wallet,78,bank_declined,3,20,0,745,2026-08-05T20:47:00.783889,IN,mobile_app,False,0.0,2,recovered
TXN_000321,CUST_1229,MERCH_05,341.63,EUR,debit_card,375,authentication_failed,1,20,1,375,2026-08-02T19:38:29.297517,CA,api_integration,False,0.0,0,recovered
TXN_000322,CUST_1145,MERCH_02,72.85,INR,ach,170,insufficient_funds,2,7,4,701,2026-08-20T00:52:02.084831,AU,web_browser,False,0.0,1,failed
TXN_000323,CUST_0834,MERCH_01,499.0,EUR,net_banking,240,expired_card,1,2,2,379,2026-07-28T14:01:10.021439,CA,web_browser,True,499.0,0,failed
TXN_000324,CUST_0195,MERCH_01,63.75,INR,net_banking,281,bank_declined,2,16,5,850,2026-08-08T11:36:49.877084,AU,web_browser,False,0.0,1,failed
TXN_000325,CUST_0848,MERCH_10,347.75,EUR,net_banking,930,insufficient_funds,1,8,3,997,2026-07-31T07:09:45.781745,CA,api_integration,False,0.0,0,failed
TXN_000326,CUST_0113,MERCH_09,49.99,USD,ach,288,insufficient_funds,1,2,4,659,2026-08-13T22:43:37.800849,IN,web_browser,True,49.99,0,failed
TXN_000327,CUST_0776,MERCH_02,173.7,INR,debit_card,663,expired_card,1,18,1,663,2026-08-20T23:25:37.092688,AU,api_integration,False,0.0,0,failed
TXN_000328,CUST_0180,MERCH_10,9.99,EUR,credit_card,416,insufficient_funds,1,5,4,982,2026-08-24T06:05:12.842836,IN,web_browser,True,9.99,0,failed
TXN_000329,CUST_1342,MERCH_08,33.05,EUR,debit_card,597,network_error,2,19,1,814,2026-08-05T00:36:37.185395,AU,api_integration,False,0.0,1,failed
TXN_000330,CUST_0801,MERCH_08,138.96,GBP,debit_card,17,insufficient_funds,1,12,1,112,2026-08-09T16:24:10.949849,DE,mobile_app,False,0.0,0,recovered
TXN_000331,CUST_0463,MERCH_08,142.37,USD,ach,121,limit_exceeded,1,17,4,771,2026-07-28T18:09:09.499679,AU,web_browser,False,0.0,0,recovered
TXN_000332,CUST_1169,MERCH_07,316.71,USD,net_banking,822,bank_declined,1,13,1,961,2026-08-14T07:09:13.285091,IN,web_browser,False,0.0,0,recovered
TXN_000333,CUST_1077,MERCH_04,29.99,USD,wallet,194,authentication_failed,1,17,3,264,2026-08-24T14:22:12.139179,US,web_browser,True,29.99,0,recovered
TXN_000334,CUST_1440,MERCH_04,249.67,EUR,wallet,437,expired_card,1,3,1,437,2026-08-08T17:32:58.392596,GB,api_integration,False,0.0,0,failed
TXN_000335,CUST_0913,MERCH_04,125.48,GBP,ach,569,authentication_failed,1,5,2,573,2026-08-07T11:38:25.437600,IN,api_integration,False,0.0,0,abandoned
TXN_000336,CUST_0343,MERCH_04,234.25,USD,debit_card,411,invalid_payment_method,2,3,1,521,2026-08-06T09:27:16.569787,CA,api_integration,False,0.0,1,recovered
TXN_000337,CUST_0110,MERCH_02,49.99,GBP,net_banking,66,invalid_payment_method,1,13,0,66,2026-08-23T16:18:41.027082,DE,api_integration,True,49.99,0,failed
TXN_000338,CUST_1167,MERCH_05,501.69,EUR,debit_card,450,insufficient_funds,1,5,5,507,2026-07-27T21:26:18.397683,US,api_integration,False,0.0,0,recovered
TXN_000339,CUST_1145,MERCH_09,44.53,GBP,upi,245,insufficient_funds,1,1,2,245,2026-07-25T21:52:58.089367,AU,web_browser,False,0.0,0,failed
TXN_000340,CUST_0930,MERCH_10,99.0,EUR,upi,292,insufficient_funds,2,2,0,563,2026-08-07T07:50:18.307420,IN,api_integration,True,99.0,1,failed
TXN_000341,CUST_0498,MERCH_08,133.32,EUR,wallet,110,insufficient_funds,1,13,4,110,2026-07-27T09:44:06.111822,DE,web_browser,False,0.0,0,failed
TXN_000342,CUST_1006,MERCH_07,104.14,EUR,credit_card,472,insufficient_funds,3,10,3,698,2026-08-10T08:31:16.121179,CA,api_integration,False,0.0,2,recovered
TXN_000343,CUST_0551,MERCH_04,84.76,EUR,credit_card,718,expired_card,1,17,0,718,2026-08-12T20:18:04.676964,DE,mobile_app,False,0.0,0,failed
TXN_000344,CUST_1075,MERCH_06,41.99,INR,upi,700,authentication_failed,3,5,5,700,2026-08-18T19:45:05.482617,IN,mobile_app,False,0.0,2,failed
TXN_000345,CUST_0515,MERCH_04,71.01,USD,net_banking,693,network_error,2,3,0,693,2026-08-01T21:18:43.400760,GB,api_integration,False,0.0,1,recovered
TXN_000346,CUST_0745,MERCH_08,309.62,GBP,net_banking,228,expired_card,2,16,2,408,2026-08-09T01:00:52.266360,DE,mobile_app,False,0.0,1,failed
TXN_000347,CUST_1129,MERCH_06,300.35,INR,net_banking,531,network_error,1,14,0,716,2026-08-24T10:58:56.142629,DE,mobile_app,False,0.0,0,recovered
TXN_000348,CUST_0766,MERCH_06,301.9,GBP,net_banking,276,insufficient_funds,4,8,1,276,2026-08-13T20:03:45.604981,IN,web_browser,False,0.0,3,abandoned
TXN_000349,CUST_0862,MERCH_06,54.2,GBP,net_banking,235,insufficient_funds,2,4,4,703,2026-07-31T16:37:43.733553,IN,mobile_app,False,0.0,1,recovered
TXN_000350,CUST_0406,MERCH_08,19.99,USD,net_banking,530,expired_card,2,4,5,530,2026-08-15T19:29:48.684159,US,api_integration,True,19.99,1,recovered
TXN_000351,CUST_0434,MERCH_01,499.0,EUR,upi,461,insufficient_funds,1,20,0,461,2026-08-08T00:05:43.707769,US,web_browser,True,499.0,0,failed
TXN_000352,CUST_0348,MERCH_06,500.0,GBP,ach,552,insufficient_funds,1,18,5,665,2026-08-14T03:50:54.483740,CA,mobile_app,False,0.0,0,recovered
TXN_000353,CUST_0880,MERCH_10,98.47,USD,credit_card,828,invalid_payment_method,1,5,5,828,2026-08-07T15:58:10.470041,IN,web_browser,False,0.0,0,recovered
TXN_000354,CUST_0567,MERCH_06,163.77,GBP,net_banking,278,bank_declined,3,19,5,405,2026-07-27T15:40:15.816921,IN,mobile_app,False,0.0,2,recovered
TXN_000355,CUST_0147,MERCH_03,45.11,USD,credit_card,171,insufficient_funds,1,2,1,171,2026-07-29T10:55:18.589789,CA,api_integration,False,0.0,0,failed
TXN_000356,CUST_0270,MERCH_02,149.39,INR,credit_card,235,insufficient_funds,2,12,2,235,2026-08-21T00:29:15.635180,US,api_integration,False,0.0,1,failed
TXN_000357,CUST_0830,MERCH_06,99.44,GBP,ach,139,limit_exceeded,4,8,4,456,2026-08-07T02:09:08.209435,AU,api_integration,False,0.0,3,failed
TXN_000358,CUST_1255,MERCH_07,158.16,EUR,debit_card,233,authentication_failed,2,11,3,553,2026-08-13T20:09:50.583501,GB,mobile_app,False,0.0,1,failed
TXN_000359,CUST_0100,MERCH_09,29.99,GBP,upi,705,insufficient_funds,1,17,0,705,2026-08-15T19:48:06.669159,DE,mobile_app,True,29.99,0,recovered
TXN_000360,CUST_0114,MERCH_09,36.34,INR,upi,168,limit_exceeded,2,13,3,256,2026-07-30T23:06:25.095841,US,web_browser,False,0.0,1,recovered
TXN_000361,CUST_1380,MERCH_04,221.93,USD,debit_card,665,limit_exceeded,1,8,2,665,2026-08-19T04:08:59.330223,IN,web_browser,False,0.0,0,failed
TXN_000362,CUST_0326,MERCH_08,95.43,USD,upi,20,bank_declined,1,15,1,329,2026-08-24T03:33:33.983598,GB,mobile_app,False,0.0,0,abandoned
TXN_000363,CUST_0997,MERCH_01,9.99,GBP,ach,351,insufficient_funds,1,15,1,351,2026-07-25T21:03:27.286374,US,web_browser,True,9.99,0,recovered
TXN_000364,CUST_0264,MERCH_03,29.99,USD,credit_card,186,network_error,1,2,4,482,2026-07-31T07:09:09.605649,AU,mobile_app,True,29.99,0,recovered
TXN_000365,CUST_0888,MERCH_08,199.0,GBP,ach,753,unknown,1,6,3,753,2026-08-18T13:25:49.346670,GB,web_browser,True,199.0,0,recovered
TXN_000366,CUST_0424,MERCH_01,420.7,INR,credit_card,306,authentication_failed,1,8,3,654,2026-07-29T21:44:39.519132,IN,api_integration,False,0.0,0,recovered
TXN_000367,CUST_0989,MERCH_06,19.99,GBP,ach,406,network_error,1,18,0,406,2026-08-07T09:10:26.816814,DE,mobile_app,True,19.99,0,abandoned
TXN_000368,CUST_0860,MERCH_02,19.99,INR,ach,954,expired_card,4,19,2,954,2026-08-23T00:27:33.649911,DE,mobile_app,True,19.99,3,failed
TXN_000369,CUST_0357,MERCH_08,29.99,EUR,ach,825,unknown,1,20,2,825,2026-08-04T03:18:01.453092,IN,web_browser,True,29.99,0,failed
TXN_000370,CUST_0180,MERCH_08,91.3,INR,credit_card,192,insufficient_funds,1,15,1,581,2026-08-10T18:17:38.776963,DE,mobile_app,False,0.0,0,failed
TXN_000371,CUST_1020,MERCH_05,122.0,INR,upi,389,expired_card,1,20,4,389,2026-07-30T02:39:36.215177,AU,mobile_app,False,0.0,0,failed
TXN_000372,CUST_1448,MERCH_09,36.58,USD,credit_card,290,bank_declined,1,17,1,628,2026-08-21T11:58:06.003653,IN,mobile_app,False,0.0,0,recovered
TXN_000373,CUST_0164,MERCH_04,49.99,EUR,credit_card,658,insufficient_funds,1,1,4,658,2026-08-06T02:17:42.406846,GB,mobile_app,True,49.99,0,failed
TXN_000374,CUST_1340,MERCH_02,19.99,GBP,upi,655,bank_declined,1,2,3,821,2026-07-27T16:02:58.960626,AU,mobile_app,True,19.99,0,failed
TXN_000375,CUST_1363,MERCH_05,11.23,INR,wallet,222,insufficient_funds,4,9,0,968,2026-08-21T18:37:10.200024,CA,mobile_app,False,0.0,3,failed
TXN_000376,CUST_0495,MERCH_09,47.91,EUR,ach,572,authentication_failed,1,5,4,768,2026-08-05T15:44:44.991433,CA,api_integration,False,0.0,0,failed
TXN_000377,CUST_1462,MERCH_07,19.99,EUR,upi,346,network_error,2,17,3,517,2026-08-06T19:36:43.666197,DE,web_browser,True,19.99,1,failed
TXN_000378,CUST_0861,MERCH_07,89.47,EUR,upi,559,bank_declined,1,19,1,577,2026-07-28T00:45:29.861527,CA,web_browser,False,0.0,0,recovered
TXN_000379,CUST_0913,MERCH_01,10.29,EUR,credit_card,139,insufficient_funds,1,0,4,139,2026-08-18T03:45:18.815782,AU,web_browser,False,0.0,0,failed
TXN_000380,CUST_1233,MERCH_09,131.83,INR,debit_card,365,authentication_failed,1,3,0,472,2026-07-29T03:03:00.623473,GB,web_browser,False,0.0,0,failed
TXN_000381,CUST_0288,MERCH_10,131.27,USD,wallet,333,insufficient_funds,1,2,5,333,2026-07-28T20:17:02.461767,AU,web_browser,False,0.0,0,failed
TXN_000382,CUST_0176,MERCH_10,17.26,INR,ach,837,insufficient_funds,1,10,2,901,2026-08-21T04:42:51.616663,AU,api_integration,False,0.0,0,abandoned
TXN_000383,CUST_0123,MERCH_07,29.99,GBP,net_banking,154,authentication_failed,1,10,4,579,2026-08-20T05:12:16.548177,DE,api_integration,True,29.99,0,recovered
TXN_000384,CUST_1133,MERCH_02,49.99,GBP,upi,136,insufficient_funds,1,12,1,136,2026-08-23T07:59:32.657793,US,web_browser,True,49.99,0,failed
TXN_000385,CUST_1127,MERCH_07,25.95,INR,debit_card,405,insufficient_funds,2,17,1,500,2026-08-06T08:02:07.227812,US,web_browser,False,0.0,1,failed
TXN_000386,CUST_0980,MERCH_06,391.83,EUR,debit_card,357,insufficient_funds,1,13,3,375,2026-08-05T03:39:42.868097,GB,api_integration,False,0.0,0,failed
TXN_000387,CUST_1005,MERCH_10,49.99,USD,debit_card,383,insufficient_funds,1,7,1,702,2026-08-22T05:42:49.137756,DE,mobile_app,True,49.99,0,recovered
TXN_000388,CUST_0689,MERCH_01,182.53,EUR,wallet,24,insufficient_funds,1,14,3,24,2026-08-18T16:46:29.533826,CA,api_integration,False,0.0,0,failed
TXN_000389,CUST_0389,MERCH_01,136.2,USD,net_banking,62,bank_declined,1,1,2,175,2026-08-06T06:37:07.038908,AU,mobile_app,False,0.0,0,recovered
TXN_000390,CUST_0236,MERCH_07,52.48,GBP,wallet,20,network_error,3,11,0,20,2026-08-17T21:04:23.429301,AU,mobile_app,False,0.0,2,recovered
TXN_000391,CUST_0746,MERCH_08,118.75,EUR,upi,575,insufficient_funds,2,16,3,575,2026-07-28T03:32:57.149383,CA,web_browser,False,0.0,1,failed
TXN_000392,CUST_0421,MERCH_01,177.95,USD,wallet,283,expired_card,2,9,1,514,2026-07-29T10:55:54.101110,GB,mobile_app,False,0.0,1,recovered
TXN_000393,CUST_0410,MERCH_06,165.47,INR,wallet,695,insufficient_funds,1,12,4,984,2026-08-17T23:45:57.828510,IN,web_browser,False,0.0,0,recovered
TXN_000394,CUST_0739,MERCH_10,94.45,INR,net_banking,555,insufficient_funds,2,20,1,595,2026-08-20T16:03:58.800467,IN,api_integration,False,0.0,1,failed
TXN_000395,CUST_1256,MERCH_03,15.53,GBP,net_banking,326,authentication_failed,3,3,1,326,2026-08-01T20:27:17.276020,GB,web_browser,False,0.0,2,recovered
TXN_000396,CUST_1404,MERCH_05,499.0,INR,wallet,27,insufficient_funds,4,4,1,27,2026-08-06T15:31:00.396449,IN,mobile_app,True,499.0,3,abandoned
TXN_000397,CUST_0153,MERCH_06,199.0,GBP,net_banking,620,network_error,1,4,4,867,2026-08-19T07:02:48.473139,CA,mobile_app,True,199.0,0,recovered
TXN_000398,CUST_0435,MERCH_04,9.99,INR,credit_card,423,expired_card,1,0,2,974,2026-08-18T17:28:17.662609,IN,web_browser,True,9.99,0,recovered
TXN_000399,CUST_1363,MERCH_08,63.93,EUR,net_banking,415,expired_card,1,7,3,415,2026-08-13T09:39:36.361282,DE,api_integration,False,0.0,0,recovered
TXN_000400,CUST_1271,MERCH_10,116.74,INR,wallet,112,limit_exceeded,1,1,4,112,2026-07-29T11:34:39.672830,DE,web_browser,False,0.0,0,recovered
TXN_000401,CUST_0180,MERCH_09,113.89,GBP,debit_card,299,authentication_failed,1,1,1,299,2026-07-30T23:41:13.563844,CA,web_browser,False,0.0,0,failed
TXN_000402,CUST_1355,MERCH_01,114.15,INR,net_banking,93,insufficient_funds,1,20,3,93,2026-08-07T06:01:39.541068,CA,web_browser,False,0.0,0,failed
TXN_000403,CUST_1023,MERCH_01,49.99,INR,ach,93,authentication_failed,1,6,3,93,2026-08-03T11:18:15.820483,AU,mobile_app,True,49.99,0,recovered
TXN_000404,CUST_0286,MERCH_02,94.51,GBP,wallet,394,expired_card,2,16,5,394,2026-07-27T07:45:49.102737,CA,mobile_app,False,0.0,1,failed
TXN_000405,CUST_0449,MERCH_06,312.55,GBP,upi,184,network_error,2,5,1,184,2026-08-15T12:40:09.250892,AU,mobile_app,False,0.0,1,failed
TXN_000406,CUST_0340,MERCH_03,9.99,GBP,debit_card,470,authentication_failed,3,8,0,470,2026-08-24T15:21:05.919446,IN,api_integration,True,9.99,2,failed
TXN_000407,CUST_1450,MERCH_08,84.18,INR,credit_card,251,insufficient_funds,1,19,0,251,2026-08-08T02:06:43.893195,IN,mobile_app,False,0.0,0,recovered
TXN_000408,CUST_0212,MERCH_06,19.99,INR,debit_card,306,network_error,3,18,4,306,2026-08-12T07:19:27.029854,AU,web_browser,True,19.99,2,failed
TXN_000409,CUST_1351,MERCH_10,237.19,EUR,net_banking,369,insufficient_funds,3,14,5,593,2026-08-15T20:01:45.721710,US,web_browser,False,0.0,2,failed
TXN_000410,CUST_1227,MERCH_02,100.46,USD,wallet,424,insufficient_funds,1,8,2,540,2026-08-06T10:52:26.304489,AU,api_integration,False,0.0,0,recovered
TXN_000411,CUST_1183,MERCH_02,198.14,EUR,debit_card,624,authentication_failed,1,9,3,624,2026-07-25T23:10:24.402991,DE,api_integration,False,0.0,0,failed
TXN_000412,CUST_1116,MERCH_09,154.89,GBP,ach,239,expired_card,1,5,4,239,2026-08-21T06:23:38.933978,US,api_integration,False,0.0,0,failed
TXN_000413,CUST_0524,MERCH_10,85.18,USD,upi,12,insufficient_funds,1,17,5,218,2026-08-17T04:20:10.644816,GB,api_integration,False,0.0,0,recovered
TXN_000414,CUST_1226,MERCH_06,9.99,EUR,upi,583,bank_declined,1,10,3,742,2026-08-19T13:03:21.901754,AU,web_browser,True,9.99,0,failed
TXN_000415,CUST_1071,MERCH_01,26.88,USD,wallet,344,insufficient_funds,1,14,4,918,2026-07-27T23:34:31.656611,GB,api_integration,False,0.0,0,recovered
TXN_000416,CUST_1488,MERCH_06,120.14,GBP,ach,68,insufficient_funds,1,10,2,68,2026-08-14T15:20:08.299526,DE,mobile_app,False,0.0,0,recovered
TXN_000417,CUST_1269,MERCH_10,36.12,INR,upi,323,insufficient_funds,2,9,5,879,2026-08-22T05:00:20.660498,CA,web_browser,False,0.0,1,failed
TXN_000418,CUST_0542,MERCH_09,33.86,INR,debit_card,95,expired_card,1,1,1,936,2026-08-10T08:01:20.039291,GB,web_browser,False,0.0,0,failed
TXN_000419,CUST_1172,MERCH_05,28.2,USD,credit_card,136,limit_exceeded,2,16,5,136,2026-08-03T09:42:54.399932,GB,mobile_app,False,0.0,1,failed
TXN_000420,CUST_1317,MERCH_02,99.35,INR,upi,320,insufficient_funds,1,16,5,764,2026-08-05T15:34:57.849805,IN,mobile_app,False,0.0,0,recovered
TXN_000421,CUST_0686,MERCH_05,62.66,USD,debit_card,153,expired_card,1,3,2,153,2026-08-06T03:02:00.188921,DE,web_browser,False,0.0,0,failed
TXN_000422,CUST_1225,MERCH_06,27.9,GBP,credit_card,176,bank_declined,1,9,4,251,2026-08-14T15:38:00.008559,IN,mobile_app,False,0.0,0,recovered
TXN_000423,CUST_1064,MERCH_01,49.99,GBP,wallet,184,insufficient_funds,1,13,3,184,2026-07-30T17:31:46.240124,GB,web_browser,True,49.99,0,failed
TXN_000424,CUST_0780,MERCH_04,218.07,USD,net_banking,135,network_error,1,2,3,582,2026-08-03T20:34:11.099458,GB,api_integration,False,0.0,0,recovered
TXN_000425,CUST_1419,MERCH_08,44.54,EUR,net_banking,373,insufficient_funds,1,19,2,935,2026-08-04T20:37:40.573757,CA,mobile_app,False,0.0,0,recovered
TXN_000426,CUST_0233,MERCH_08,29.99,USD,upi,357,expired_card,1,5,2,787,2026-08-21T17:23:26.038470,DE,api_integration,True,29.99,0,failed
TXN_000427,CUST_0245,MERCH_05,97.7,INR,ach,250,authentication_failed,1,7,4,250,2026-08-22T19:56:05.702956,DE,web_browser,False,0.0,0,failed
TXN_000428,CUST_0991,MERCH_10,122.96,GBP,upi,729,insufficient_funds,1,2,5,954,2026-08-07T01:11:35.604591,DE,mobile_app,False,0.0,0,failed
TXN_000429,CUST_1011,MERCH_03,473.14,USD,credit_card,611,insufficient_funds,2,3,5,834,2026-08-09T23:38:54.196196,IN,mobile_app,False,0.0,1,failed
TXN_000430,CUST_1289,MERCH_01,199.0,EUR,upi,400,insufficient_funds,1,17,2,400,2026-08-04T08:52:03.103577,DE,api_integration,True,199.0,0,failed
TXN_000431,CUST_0723,MERCH_07,612.52,EUR,credit_card,9,insufficient_funds,4,2,4,9,2026-07-30T09:16:39.977327,GB,api_integration,False,0.0,3,abandoned
TXN_000432,CUST_0208,MERCH_01,128.16,EUR,ach,32,unknown,1,3,2,887,2026-08-12T23:39:27.713642,CA,web_browser,False,0.0,0,recovered
TXN_000433,CUST_0881,MERCH_07,40.59,EUR,ach,394,insufficient_funds,2,4,1,569,2026-08-12T07:07:25.074227,IN,mobile_app,False,0.0,1,failed
TXN_000434,CUST_0123,MERCH_02,7.37,GBP,net_banking,448,bank_declined,4,15,5,448,2026-08-20T16:42:23.735946,AU,api_integration,False,0.0,3,failed
TXN_000435,CUST_0971,MERCH_10,49.99,GBP,ach,364,authentication_failed,1,17,3,394,2026-08-24T14:08:33.408829,IN,api_integration,True,49.99,0,failed
TXN_000436,CUST_1127,MERCH_05,396.7,USD,debit_card,495,authentication_failed,2,1,0,582,2026-08-10T08:50:09.324515,AU,api_integration,False,0.0,1,failed
TXN_000437,CUST_1178,MERCH_05,114.15,EUR,wallet,252,authentication_failed,1,19,0,252,2026-08-04T18:04:55.185745,US,web_browser,False,0.0,0,recovered
TXN_000438,CUST_1195,MERCH_01,95.78,INR,credit_card,340,limit_exceeded,1,18,5,340,2026-08-15T23:23:45.619407,AU,api_integration,False,0.0,0,abandoned
TXN_000439,CUST_0722,MERCH_10,14.51,USD,debit_card,53,expired_card,4,5,4,53,2026-08-16T05:00:46.349496,DE,mobile_app,False,0.0,3,failed
TXN_000440,CUST_0669,MERCH_05,99.0,GBP,upi,115,insufficient_funds,1,8,0,760,2026-08-02T15:30:32.230884,IN,web_browser,True,99.0,0,abandoned
TXN_000441,CUST_0583,MERCH_08,499.0,GBP,net_banking,87,authentication_failed,1,1,2,87,2026-08-20T04:31:07.192344,CA,mobile_app,True,499.0,0,abandoned
TXN_000442,CUST_1453,MERCH_08,157.24,GBP,net_banking,271,insufficient_funds,2,11,0,658,2026-08-19T18:50:09.379755,GB,web_browser,False,0.0,1,failed
TXN_000443,CUST_1190,MERCH_04,177.57,GBP,ach,544,expired_card,1,8,1,544,2026-07-31T21:30:31.260251,GB,api_integration,False,0.0,0,failed
TXN_000444,CUST_1498,MERCH_01,99.0,USD,upi,668,authentication_failed,3,13,4,941,2026-08-16T19:12:53.805264,AU,api_integration,True,99.0,2,failed
TXN_000445,CUST_0901,MERCH_08,212.4,USD,ach,346,bank_declined,2,18,1,533,2026-08-15T09:58:06.655295,US,mobile_app,False,0.0,1,abandoned
TXN_000446,CUST_0124,MERCH_07,99.0,USD,credit_card,225,insufficient_funds,1,14,2,225,2026-08-24T02:25:46.178520,DE,api_integration,True,99.0,0,failed
TXN_000447,CUST_0544,MERCH_10,24.48,INR,credit_card,134,invalid_payment_method,2,2,4,134,2026-08-07T19:58:42.716050,AU,mobile_app,False,0.0,1,recovered
TXN_000448,CUST_0618,MERCH_05,167.03,EUR,debit_card,438,insufficient_funds,2,14,2,788,2026-08-01T17:04:56.486302,US,web_browser,False,0.0,1,recovered
TXN_000449,CUST_0227,MERCH_07,65.67,INR,ach,72,insufficient_funds,1,8,1,452,2026-08-06T12:08:06.494873,CA,mobile_app,False,0.0,0,abandoned
TXN_000450,CUST_0394,MERCH_09,41.96,GBP,credit_card,106,authentication_failed,1,14,5,266,2026-08-02T23:43:54.155584,CA,mobile_app,False,0.0,0,failed
TXN_000451,CUST_1437,MERCH_01,199.0,GBP,net_banking,338,expired_card,1,4,5,338,2026-08-03T14:05:10.159881,CA,web_browser,True,199.0,0,failed
TXN_000452,CUST_0243,MERCH_09,9.99,GBP,credit_card,549,expired_card,3,15,0,581,2026-08-04T08:38:16.506158,AU,api_integration,True,9.99,2,failed
TXN_000453,CUST_0285,MERCH_06,292.95,INR,upi,208,insufficient_funds,1,14,2,664,2026-08-13T06:55:55.324891,AU,web_browser,False,0.0,0,failed
TXN_000454,CUST_0318,MERCH_06,18.3,GBP,credit_card,37,authentication_failed,1,6,1,37,2026-08-17T15:48:21.666228,DE,api_integration,False,0.0,0,abandoned
TXN_000455,CUST_0730,MERCH_08,507.66,INR,ach,58,network_error,1,0,0,348,2026-08-12T15:33:58.892077,AU,api_integration,False,0.0,0,recovered
TXN_000456,CUST_1038,MERCH_09,199.0,USD,debit_card,145,authentication_failed,1,2,0,754,2026-07-28T14:24:48.204166,AU,api_integration,True,199.0,0,failed
TXN_000457,CUST_0367,MERCH_01,199.0,USD,credit_card,468,insufficient_funds,1,9,0,468,2026-07-31T06:45:25.619295,CA,api_integration,True,199.0,0,failed
TXN_000458,CUST_1360,MERCH_04,499.0,INR,upi,412,insufficient_funds,1,10,5,695,2026-08-07T12:51:10.129026,IN,mobile_app,True,499.0,0,abandoned
TXN_000459,CUST_1314,MERCH_03,14.8,USD,debit_card,379,insufficient_funds,1,13,1,714,2026-07-28T01:05:51.539877,US,api_integration,False,0.0,0,failed
TXN_000460,CUST_1354,MERCH_07,9.99,EUR,net_banking,8,limit_exceeded,3,2,0,8,2026-08-07T00:03:53.498487,AU,web_browser,True,9.99,2,recovered
TXN_000461,CUST_0359,MERCH_04,199.0,GBP,wallet,245,insufficient_funds,1,14,3,245,2026-08-06T22:14:06.981801,US,api_integration,True,199.0,0,recovered
TXN_000462,CUST_0716,MERCH_06,5.69,INR,net_banking,98,insufficient_funds,1,3,4,98,2026-08-08T14:56:42.006215,AU,api_integration,False,0.0,0,recovered
TXN_000463,CUST_0526,MERCH_05,19.99,USD,credit_card,865,insufficient_funds,3,4,5,865,2026-08-20T00:28:49.919012,AU,web_browser,True,19.99,2,failed
TXN_000464,CUST_0683,MERCH_04,48.43,USD,net_banking,107,authentication_failed,1,14,0,107,2026-08-20T01:42:51.945539,DE,mobile_app,False,0.0,0,failed
TXN_000465,CUST_0245,MERCH_04,93.27,INR,credit_card,694,authentication_failed,3,13,1,766,2026-08-21T12:12:24.525874,IN,api_integration,False,0.0,2,failed
TXN_000466,CUST_0944,MERCH_04,337.96,INR,net_banking,56,insufficient_funds,1,18,3,56,2026-08-06T12:45:36.906338,GB,mobile_app,False,0.0,0,failed
TXN_000467,CUST_1037,MERCH_04,71.61,GBP,net_banking,33,insufficient_funds,1,10,1,33,2026-08-21T11:30:14.042092,CA,mobile_app,False,0.0,0,failed
TXN_000468,CUST_0803,MERCH_04,143.81,GBP,wallet,175,network_error,1,20,4,928,2026-08-17T22:07:43.617433,CA,mobile_app,False,0.0,0,failed
TXN_000469,CUST_1311,MERCH_08,54.1,INR,wallet,336,bank_declined,1,7,1,336,2026-08-07T01:28:30.239554,US,web_browser,False,0.0,0,recovered
TXN_000470,CUST_0190,MERCH_01,203.34,GBP,debit_card,404,authentication_failed,2,13,4,404,2026-08-21T20:56:30.615988,US,api_integration,False,0.0,1,recovered
TXN_000471,CUST_0125,MERCH_07,19.99,USD,net_banking,17,expired_card,1,7,5,93,2026-08-03T17:10:57.228952,CA,mobile_app,True,19.99,0,failed
TXN_000472,CUST_0930,MERCH_03,152.85,GBP,upi,73,bank_declined,3,0,5,73,2026-08-23T19:56:25.906442,AU,api_integration,False,0.0,2,failed
TXN_000473,CUST_1210,MERCH_10,499.0,USD,credit_card,754,bank_declined,1,19,2,754,2026-08-04T13:48:31.657665,CA,web_browser,True,499.0,0,abandoned
TXN_000474,CUST_1053,MERCH_10,29.99,EUR,debit_card,69,expired_card,1,20,4,722,2026-08-20T15:51:11.245884,DE,mobile_app,True,29.99,0,recovered
TXN_000475,CUST_1429,MERCH_08,424.9,GBP,upi,231,authentication_failed,1,6,5,780,2026-08-09T16:58:27.555929,US,mobile_app,False,0.0,0,recovered
TXN_000476,CUST_0863,MERCH_06,104.9,EUR,ach,545,authentication_failed,2,3,3,727,2026-08-16T01:05:25.283859,AU,mobile_app,False,0.0,1,failed
TXN_000477,CUST_0485,MERCH_08,9.99,INR,net_banking,980,expired_card,1,5,2,982,2026-08-21T10:50:41.887759,IN,mobile_app,True,9.99,0,failed
TXN_000478,CUST_1166,MERCH_01,85.82,USD,credit_card,356,bank_declined,1,4,3,356,2026-08-16T01:37:42.679795,IN,api_integration,False,0.0,0,recovered
TXN_000479,CUST_1420,MERCH_06,134.66,EUR,wallet,608,bank_declined,2,10,3,608,2026-08-11T10:57:05.225118,IN,web_browser,False,0.0,1,recovered
TXN_000480,CUST_0451,MERCH_05,49.99,INR,ach,152,expired_card,1,9,0,152,2026-08-06T06:08:22.423077,DE,web_browser,True,49.99,0,abandoned
TXN_000481,CUST_0473,MERCH_03,182.07,EUR,upi,120,bank_declined,1,4,1,244,2026-08-21T00:26:35.459200,IN,mobile_app,False,0.0,0,failed
TXN_000482,CUST_1251,MERCH_01,62.18,GBP,net_banking,553,insufficient_funds,1,11,3,553,2026-07-28T04:52:15.762585,IN,web_browser,False,0.0,0,failed
TXN_000483,CUST_0755,MERCH_03,199.0,INR,wallet,663,authentication_failed,1,16,2,663,2026-07-26T17:28:20.725724,AU,web_browser,True,199.0,0,recovered
TXN_000484,CUST_0793,MERCH_02,102.8,USD,upi,26,insufficient_funds,1,17,0,316,2026-08-11T10:26:08.606680,US,api_integration,False,0.0,0,recovered
TXN_000485,CUST_1413,MERCH_04,117.12,USD,wallet,24,network_error,1,8,1,24,2026-08-04T16:02:13.276588,CA,mobile_app,False,0.0,0,failed
TXN_000486,CUST_1104,MERCH_06,144.36,EUR,upi,152,invalid_payment_method,3,11,3,152,2026-08-13T15:05:25.147869,GB,web_browser,False,0.0,2,failed
TXN_000487,CUST_1012,MERCH_09,19.99,GBP,ach,426,bank_declined,1,14,5,426,2026-08-02T23:24:13.614428,CA,mobile_app,True,19.99,0,failed
TXN_000488,CUST_1302,MERCH_10,19.99,USD,net_banking,68,insufficient_funds,3,15,4,344,2026-08-13T12:58:22.463861,AU,web_browser,True,19.99,2,failed
TXN_000489,CUST_0948,MERCH_03,98.02,EUR,wallet,191,authentication_failed,1,4,1,191,2026-08-23T13:05:16.761619,GB,web_browser,False,0.0,0,failed
TXN_000490,CUST_1245,MERCH_08,9.99,EUR,net_banking,308,network_error,1,4,2,308,2026-08-21T02:05:47.387820,IN,web_browser,True,9.99,0,recovered
TXN_000491,CUST_1420,MERCH_04,9.99,EUR,ach,614,bank_declined,1,15,0,614,2026-08-11T17:33:56.674803,AU,web_browser,True,9.99,0,failed
TXN_000492,CUST_0344,MERCH_06,203.05,EUR,debit_card,60,insufficient_funds,1,8,1,596,2026-08-04T00:23:49.201740,US,web_browser,False,0.0,0,failed
TXN_000493,CUST_0839,MERCH_07,369.74,INR,credit_card,543,expired_card,3,9,2,543,2026-08-01T19:43:46.392809,DE,mobile_app,False,0.0,2,failed
TXN_000494,CUST_1213,MERCH_06,268.02,INR,credit_card,702,bank_declined,2,9,2,702,2026-08-07T09:54:57.194105,IN,api_integration,False,0.0,1,failed
TXN_000495,CUST_0676,MERCH_06,84.65,USD,net_banking,159,invalid_payment_method,1,5,0,224,2026-07-31T23:05:38.845424,CA,mobile_app,False,0.0,0,recovered
TXN_000496,CUST_0338,MERCH_03,49.99,EUR,debit_card,453,insufficient_funds,3,11,1,837,2026-08-01T21:47:00.061358,AU,web_browser,True,49.99,2,failed
TXN_000497,CUST_0158,MERCH_02,19.99,USD,credit_card,233,network_error,1,4,5,233,2026-08-22T10:54:13.507975,US,web_browser,True,19.99,0,failed
TXN_000498,CUST_0983,MERCH_01,9.99,USD,credit_card,61,insufficient_funds,1,16,4,61,2026-08-22T19:47:59.960904,US,api_integration,True,9.99,0,failed
TXN_000499,CUST_0520,MERCH_10,19.99,EUR,debit_card,150,bank_declined,2,0,0,150,2026-08-07T10:07:42.476602,DE,api_integration,True,19.99,1,failed
TXN_000500,CUST_1355,MERCH_04,131.68,USD,ach,223,insufficient_funds,2,18,0,542,2026-08-19T15:49:54.294981,US,mobile_app,False,0.0,1,abandoned
TXN_000501,CUST_1132,MERCH_08,184.67,INR,net_banking,364,insufficient_funds,4,3,1,855,2026-08-18T09:14:08.201384,US,web_browser,False,0.0,3,abandoned
TXN_000502,CUST_0353,MERCH_08,99.0,GBP,upi,296,insufficient_funds,2,11,5,296,2026-08-10T00:04:03.434571,CA,api_integration,True,99.0,1,failed
TXN_000503,CUST_0738,MERCH_08,99.0,EUR,debit_card,72,expired_card,3,13,1,878,2026-07-27T15:26:46.793008,US,api_integration,True,99.0,2,recovered
TXN_000504,CUST_1106,MERCH_02,91.45,INR,credit_card,147,bank_declined,1,2,0,147,2026-08-21T18:15:42.062155,GB,mobile_app,False,0.0,0,failed
TXN_000505,CUST_0793,MERCH_04,283.71,EUR,ach,512,expired_card,1,7,3,743,2026-08-07T08:34:05.689302,CA,web_browser,False,0.0,0,recovered
TXN_000506,CUST_1074,MERCH_10,662.58,INR,credit_card,111,authentication_failed,1,4,3,111,2026-08-05T23:07:37.776679,US,api_integration,False,0.0,0,failed
TXN_000507,CUST_0208,MERCH_02,175.03,USD,ach,335,unknown,1,12,4,696,2026-08-21T22:08:27.186780,DE,web_browser,False,0.0,0,recovered
TXN_000508,CUST_1054,MERCH_04,167.75,USD,net_banking,352,expired_card,3,8,4,352,2026-07-27T05:43:43.558166,US,web_browser,False,0.0,2,failed
TXN_000509,CUST_1021,MERCH_06,92.66,GBP,debit_card,676,insufficient_funds,2,5,4,676,2026-08-19T21:19:26.483523,GB,api_integration,False,0.0,1,recovered
TXN_000510,CUST_0896,MERCH_08,99.0,USD,net_banking,553,bank_declined,1,17,5,553,2026-08-20T02:57:47.543460,GB,web_browser,True,99.0,0,failed
TXN_000511,CUST_1310,MERCH_07,174.28,USD,ach,29,bank_declined,1,9,2,63,2026-08-13T19:42:46.215673,GB,web_browser,False,0.0,0,failed
TXN_000512,CUST_0299,MERCH_07,728.23,USD,upi,251,expired_card,1,1,5,251,2026-08-22T06:20:30.869530,US,web_browser,False,0.0,0,failed
TXN_000513,CUST_0447,MERCH_01,64.2,USD,upi,528,expired_card,1,13,4,528,2026-08-10T17:21:16.219912,CA,api_integration,False,0.0,0,failed
TXN_000514,CUST_0899,MERCH_06,20.43,EUR,upi,509,expired_card,2,6,2,509,2026-08-19T19:32:11.508894,CA,mobile_app,False,0.0,1,recovered
TXN_000515,CUST_1117,MERCH_02,41.14,USD,wallet,412,insufficient_funds,1,9,4,412,2026-08-22T01:17:27.667874,GB,web_browser,False,0.0,0,recovered
TXN_000516,CUST_0237,MERCH_10,101.73,EUR,debit_card,310,insufficient_funds,1,2,5,844,2026-08-04T21:52:08.356967,CA,web_browser,False,0.0,0,failed
TXN_000517,CUST_0614,MERCH_10,95.56,GBP,upi,643,bank_declined,1,5,0,643,2026-08-09T20:06:53.172770,AU,api_integration,False,0.0,0,failed
TXN_000518,CUST_1358,MERCH_07,199.53,GBP,net_banking,152,insufficient_funds,1,6,2,474,2026-08-01T20:23:10.890694,GB,mobile_app,False,0.0,0,recovered
TXN_000519,CUST_1398,MERCH_04,51.58,USD,debit_card,616,insufficient_funds,1,5,2,704,2026-08-20T07:32:01.111983,GB,web_browser,False,0.0,0,failed
TXN_000520,CUST_1094,MERCH_09,87.23,INR,ach,140,limit_exceeded,1,6,1,280,2026-08-16T11:31:24.266834,US,api_integration,False,0.0,0,recovered
TXN_000521,CUST_1095,MERCH_01,499.0,USD,net_banking,306,limit_exceeded,1,10,4,306,2026-07-28T21:54:15.861479,AU,mobile_app,True,499.0,0,abandoned
TXN_000522,CUST_0583,MERCH_02,203.91,USD,debit_card,595,invalid_payment_method,3,16,5,849,2026-08-17T06:12:53.435409,DE,mobile_app,False,0.0,2,abandoned
TXN_000523,CUST_0741,MERCH_06,205.48,GBP,upi,148,network_error,1,7,3,224,2026-08-16T13:50:41.418505,DE,mobile_app,False,0.0,0,failed
TXN_000524,CUST_1104,MERCH_09,185.4,INR,upi,487,insufficient_funds,1,17,3,487,2026-08-01T06:53:35.342681,CA,api_integration,False,0.0,0,failed
TXN_000525,CUST_0853,MERCH_05,199.0,INR,upi,758,invalid_payment_method,2,19,0,862,2026-08-04T02:16:08.993587,DE,web_browser,True,199.0,1,abandoned
TXN_000526,CUST_0733,MERCH_06,24.53,INR,upi,9,network_error,4,14,3,9,2026-08-15T18:52:55.502775,IN,mobile_app,False,0.0,3,abandoned
TXN_000527,CUST_0998,MERCH_06,83.2,USD,debit_card,483,insufficient_funds,1,2,3,483,2026-08-03T07:02:42.972548,AU,web_browser,False,0.0,0,recovered
TXN_000528,CUST_1136,MERCH_02,86.93,INR,ach,335,bank_declined,2,17,5,335,2026-08-05T13:46:01.875852,CA,api_integration,False,0.0,1,recovered
TXN_000529,CUST_0378,MERCH_01,38.49,INR,wallet,114,insufficient_funds,1,18,0,114,2026-08-01T18:53:27.334001,AU,web_browser,False,0.0,0,recovered
TXN_000530,CUST_0754,MERCH_08,315.13,EUR,debit_card,608,insufficient_funds,1,5,5,608,2026-08-22T06:43:57.575288,CA,web_browser,False,0.0,0,failed
TXN_000531,CUST_1268,MERCH_04,9.99,INR,credit_card,235,invalid_payment_method,3,20,4,642,2026-08-18T20:45:34.650503,CA,api_integration,True,9.99,2,abandoned
TXN_000532,CUST_0978,MERCH_10,29.25,GBP,ach,15,invalid_payment_method,2,5,4,121,2026-07-28T05:11:28.853303,CA,mobile_app,False,0.0,1,failed
TXN_000533,CUST_0559,MERCH_04,499.0,INR,upi,507,network_error,1,8,2,765,2026-08-18T14:45:21.020017,AU,api_integration,True,499.0,0,failed
TXN_000534,CUST_0487,MERCH_07,49.99,GBP,credit_card,269,network_error,1,0,2,1000,2026-08-17T08:43:38.514974,US,web_browser,True,49.99,0,failed
TXN_000535,CUST_0372,MERCH_06,81.01,USD,upi,434,insufficient_funds,1,12,5,434,2026-08-08T02:30:25.858366,IN,web_browser,False,0.0,0,failed
TXN_000536,CUST_0825,MERCH_10,517.64,EUR,debit_card,260,authentication_failed,1,1,0,260,2026-08-12T23:20:57.220046,DE,mobile_app,False,0.0,0,failed
TXN_000537,CUST_1288,MERCH_03,32.93,USD,upi,92,expired_card,1,10,3,136,2026-08-20T13:24:45.775877,US,mobile_app,False,0.0,0,failed
TXN_000538,CUST_1122,MERCH_05,72.08,INR,upi,780,expired_card,3,8,4,850,2026-08-11T17:46:36.395701,AU,web_browser,False,0.0,2,failed
TXN_000539,CUST_0409,MERCH_09,156.86,GBP,net_banking,56,expired_card,1,6,1,56,2026-08-19T21:44:53.703732,US,web_browser,False,0.0,0,failed
TXN_000540,CUST_0183,MERCH_08,679.03,INR,upi,116,authentication_failed,2,14,3,116,2026-08-14T07:48:40.779144,IN,mobile_app,False,0.0,1,failed
TXN_000541,CUST_1141,MERCH_05,337.32,GBP,ach,539,authentication_failed,1,18,0,539,2026-08-22T12:10:39.413197,US,web_browser,False,0.0,0,failed
TXN_000542,CUST_0153,MERCH_05,602.16,GBP,ach,952,insufficient_funds,1,11,4,952,2026-08-23T22:42:16.957139,AU,web_browser,False,0.0,0,failed
TXN_000543,CUST_1029,MERCH_05,165.94,INR,debit_card,638,insufficient_funds,1,1,5,638,2026-07-25T19:43:12.891562,US,api_integration,False,0.0,0,abandoned
TXN_000544,CUST_0679,MERCH_06,199.0,GBP,credit_card,95,insufficient_funds,1,19,3,95,2026-08-01T16:32:12.341702,US,mobile_app,True,199.0,0,failed
TXN_000545,CUST_0433,MERCH_07,55.31,EUR,ach,124,bank_declined,1,20,1,124,2026-07-31T14:59:52.075325,DE,mobile_app,False,0.0,0,failed
TXN_000546,CUST_0835,MERCH_02,112.82,EUR,wallet,275,expired_card,1,12,3,275,2026-08-12T03:18:27.167492,IN,web_browser,False,0.0,0,failed
TXN_000547,CUST_1391,MERCH_07,9.99,USD,upi,230,authentication_failed,2,14,5,230,2026-08-09T22:54:32.306265,CA,web_browser,True,9.99,1,failed
TXN_000548,CUST_0262,MERCH_08,29.13,USD,wallet,438,insufficient_funds,1,9,1,536,2026-08-22T12:23:44.532542,US,api_integration,False,0.0,0,failed
TXN_000549,CUST_0970,MERCH_07,49.99,GBP,debit_card,261,bank_declined,1,18,2,364,2026-08-24T07:46:46.674500,IN,web_browser,True,49.99,0,recovered
TXN_000550,CUST_0192,MERCH_02,319.04,INR,debit_card,466,insufficient_funds,2,18,5,466,2026-08-16T20:39:51.880580,IN,mobile_app,False,0.0,1,recovered
TXN_000551,CUST_1337,MERCH_05,21.86,GBP,upi,14,authentication_failed,1,0,3,120,2026-08-04T01:27:36.574112,DE,api_integration,False,0.0,0,failed
TXN_000552,CUST_0838,MERCH_07,18.76,GBP,ach,17,insufficient_funds,2,6,0,836,2026-08-24T00:11:13.676252,IN,api_integration,False,0.0,1,failed
TXN_000553,CUST_0595,MERCH_07,297.99,INR,ach,475,authentication_failed,1,2,2,789,2026-08-21T07:39:09.936886,AU,web_browser,False,0.0,0,failed
TXN_000554,CUST_1093,MERCH_08,499.0,USD,ach,302,expired_card,2,7,1,302,2026-08-14T19:09:10.112885,AU,web_browser,True,499.0,1,failed
TXN_000555,CUST_0951,MERCH_08,134.65,GBP,debit_card,410,bank_declined,1,9,0,500,2026-08-06T11:16:33.610340,AU,mobile_app,False,0.0,0,failed
TXN_000556,CUST_1181,MERCH_01,133.85,EUR,net_banking,428,authentication_failed,1,8,5,428,2026-07-27T15:31:51.377323,AU,web_browser,False,0.0,0,failed
TXN_000557,CUST_0142,MERCH_03,199.31,GBP,debit_card,225,expired_card,1,14,1,520,2026-07-28T03:56:02.430235,GB,api_integration,False,0.0,0,recovered
TXN_000558,CUST_0899,MERCH_07,163.55,INR,debit_card,213,expired_card,1,15,1,637,2026-08-04T19:16:39.087813,IN,mobile_app,False,0.0,0,recovered
TXN_000559,CUST_1340,MERCH_08,499.0,EUR,upi,215,expired_card,1,15,2,241,2026-08-14T01:12:03.170354,AU,mobile_app,True,499.0,0,abandoned
TXN_000560,CUST_0457,MERCH_09,499.0,EUR,upi,233,insufficient_funds,1,13,0,633,2026-08-17T01:53:07.098483,US,api_integration,True,499.0,0,failed
TXN_000561,CUST_0647,MERCH_03,315.36,USD,credit_card,52,authentication_failed,3,3,5,52,2026-07-26T22:28:54.518313,DE,api_integration,False,0.0,2,recovered
TXN_000562,CUST_0308,MERCH_09,99.0,GBP,wallet,211,insufficient_funds,3,20,0,892,2026-08-16T01:11:31.652104,CA,api_integration,True,99.0,2,failed
TXN_000563,CUST_0303,MERCH_03,72.82,GBP,upi,450,network_error,1,3,1,450,2026-08-17T10:53:18.346291,GB,api_integration,False,0.0,0,recovered
TXN_000564,CUST_0450,MERCH_02,74.89,INR,debit_card,252,bank_declined,1,11,5,681,2026-08-12T03:53:37.125334,CA,web_browser,False,0.0,0,recovered
TXN_000565,CUST_0938,MERCH_08,242.42,USD,upi,150,expired_card,1,0,3,150,2026-07-27T12:09:46.741340,GB,web_browser,False,0.0,0,recovered
TXN_000566,CUST_0436,MERCH_07,49.99,EUR,net_banking,589,bank_declined,1,20,1,925,2026-08-03T09:56:12.296902,CA,api_integration,True,49.99,0,recovered
TXN_000567,CUST_1233,MERCH_05,208.63,INR,wallet,541,limit_exceeded,1,0,2,922,2026-08-12T16:41:47.203801,DE,api_integration,False,0.0,0,failed
TXN_000568,CUST_1435,MERCH_08,68.53,GBP,ach,203,network_error,3,20,3,795,2026-08-08T16:35:35.135105,AU,api_integration,False,0.0,2,failed
TXN_000569,CUST_0358,MERCH_09,55.1,EUR,debit_card,349,insufficient_funds,2,17,2,534,2026-08-23T23:24:45.256870,GB,api_integration,False,0.0,1,failed
TXN_000570,CUST_0965,MERCH_09,199.0,USD,net_banking,520,insufficient_funds,1,11,2,643,2026-08-05T06:51:49.027457,GB,api_integration,True,199.0,0,failed
TXN_000571,CUST_0110,MERCH_08,615.75,INR,upi,732,network_error,3,18,4,732,2026-07-30T11:32:20.253849,GB,web_browser,False,0.0,2,recovered
TXN_000572,CUST_1465,MERCH_10,27.62,USD,debit_card,336,expired_card,1,7,0,336,2026-08-13T23:24:53.883256,AU,web_browser,False,0.0,0,recovered
TXN_000573,CUST_0943,MERCH_02,9.99,GBP,upi,220,expired_card,1,4,3,220,2026-08-12T17:32:56.653026,DE,web_browser,True,9.99,0,recovered
TXN_000574,CUST_1403,MERCH_07,180.2,USD,ach,148,invalid_payment_method,1,13,1,148,2026-08-20T22:20:49.443409,IN,web_browser,False,0.0,0,recovered
TXN_000575,CUST_1069,MERCH_01,30.59,INR,credit_card,419,authentication_failed,1,3,4,873,2026-08-16T03:00:54.753940,GB,web_browser,False,0.0,0,failed
TXN_000576,CUST_0866,MERCH_05,104.81,INR,ach,50,network_error,3,4,4,432,2026-08-16T07:24:45.204383,CA,mobile_app,False,0.0,2,failed
TXN_000577,CUST_0350,MERCH_09,15.49,INR,debit_card,318,insufficient_funds,1,15,4,318,2026-08-13T11:52:08.907999,DE,api_integration,False,0.0,0,failed
TXN_000578,CUST_1043,MERCH_08,94.42,GBP,upi,640,network_error,2,10,0,820,2026-08-17T19:52:57.729550,DE,mobile_app,False,0.0,1,failed
TXN_000579,CUST_1473,MERCH_08,53.73,USD,ach,26,insufficient_funds,1,5,5,26,2026-08-15T13:09:06.234595,DE,mobile_app,False,0.0,0,recovered
TXN_000580,CUST_0494,MERCH_10,134.01,INR,credit_card,194,insufficient_funds,1,18,4,194,2026-08-21T04:53:58.580609,GB,mobile_app,False,0.0,0,recovered
TXN_000581,CUST_0602,MERCH_10,18.27,INR,net_banking,47,authentication_failed,1,10,3,604,2026-08-14T14:45:24.265675,US,api_integration,False,0.0,0,abandoned
TXN_000582,CUST_0749,MERCH_07,19.32,GBP,ach,148,unknown,1,17,1,293,2026-08-20T04:27:47.448685,IN,mobile_app,False,0.0,0,recovered
TXN_000583,CUST_1358,MERCH_06,9.99,USD,credit_card,102,bank_declined,1,9,3,102,2026-08-17T01:48:16.448690,IN,mobile_app,True,9.99,0,recovered
TXN_000584,CUST_1322,MERCH_10,49.99,USD,net_banking,118,authentication_failed,1,16,3,973,2026-08-08T05:17:58.541924,US,web_browser,True,49.99,0,failed
TXN_000585,CUST_1397,MERCH_04,29.99,GBP,net_banking,104,authentication_failed,2,18,5,104,2026-08-21T01:05:33.557680,US,api_integration,True,29.99,1,recovered
TXN_000586,CUST_1124,MERCH_04,29.99,USD,net_banking,551,authentication_failed,1,5,1,551,2026-08-11T06:16:56.632033,DE,web_browser,True,29.99,0,abandoned
TXN_000587,CUST_1437,MERCH_03,9.99,INR,wallet,257,invalid_payment_method,2,15,2,613,2026-08-14T06:30:20.533004,DE,web_browser,True,9.99,1,failed
TXN_000588,CUST_0193,MERCH_03,119.56,GBP,debit_card,126,insufficient_funds,2,2,3,716,2026-07-25T20:26:24.159413,DE,api_integration,False,0.0,1,recovered
TXN_000589,CUST_0751,MERCH_06,50.44,EUR,credit_card,252,bank_declined,4,14,2,252,2026-08-18T11:51:47.964418,AU,mobile_app,False,0.0,3,abandoned
TXN_000590,CUST_1423,MERCH_01,102.09,USD,ach,570,limit_exceeded,2,5,3,570,2026-08-13T00:43:16.193526,AU,mobile_app,False,0.0,1,failed
TXN_000591,CUST_1203,MERCH_01,93.37,USD,credit_card,367,insufficient_funds,1,12,4,367,2026-08-03T21:41:58.094535,CA,web_browser,False,0.0,0,recovered
TXN_000592,CUST_0495,MERCH_08,19.99,EUR,ach,727,bank_declined,1,8,5,944,2026-08-06T09:52:26.610316,IN,mobile_app,True,19.99,0,failed
TXN_000593,CUST_1111,MERCH_06,29.99,EUR,wallet,8,expired_card,4,19,1,8,2026-08-21T11:37:15.813091,DE,web_browser,True,29.99,3,abandoned
TXN_000594,CUST_0449,MERCH_09,199.0,INR,wallet,67,bank_declined,1,19,4,180,2026-08-20T23:45:14.227583,AU,web_browser,True,199.0,0,recovered
TXN_000595,CUST_0492,MERCH_01,174.86,EUR,net_banking,3,authentication_failed,1,17,3,3,2026-08-05T07:32:05.400760,CA,web_browser,False,0.0,0,recovered
TXN_000596,CUST_0349,MERCH_09,107.65,USD,net_banking,49,authentication_failed,1,1,5,230,2026-08-11T08:21:21.861867,IN,web_browser,False,0.0,0,failed
TXN_000597,CUST_0267,MERCH_10,199.0,USD,credit_card,256,insufficient_funds,1,13,0,940,2026-08-22T22:14:59.924839,CA,web_browser,True,199.0,0,failed
TXN_000598,CUST_0149,MERCH_10,415.15,INR,credit_card,245,network_error,4,7,0,485,2026-07-31T03:59:50.261191,DE,api_integration,False,0.0,3,failed
TXN_000599,CUST_0998,MERCH_02,93.71,USD,net_banking,321,insufficient_funds,3,1,0,387,2026-08-01T08:03:51.971199,US,web_browser,False,0.0,2,recovered
TXN_000600,CUST_1350,MERCH_07,9.99,INR,wallet,302,bank_declined,1,17,0,302,2026-08-02T06:09:10.955619,AU,api_integration,True,9.99,0,failed
TXN_000601,CUST_0121,MERCH_08,98.6,EUR,wallet,104,expired_card,2,19,4,104,2026-08-24T00:47:38.992804,IN,mobile_app,False,0.0,1,recovered
TXN_000602,CUST_0310,MERCH_01,192.4,GBP,debit_card,130,authentication_failed,1,6,4,130,2026-08-10T08:55:55.582075,IN,mobile_app,False,0.0,0,failed
TXN_000603,CUST_0190,MERCH_01,29.99,INR,net_banking,367,authentication_failed,1,16,5,773,2026-08-01T13:12:43.688387,GB,api_integration,True,29.99,0,recovered
TXN_000604,CUST_0802,MERCH_05,532.35,EUR,debit_card,244,authentication_failed,2,4,0,244,2026-08-23T04:10:46.834437,IN,api_integration,False,0.0,1,failed
TXN_000605,CUST_0512,MERCH_02,36.49,EUR,net_banking,340,expired_card,3,14,4,710,2026-08-14T17:50:58.133808,GB,mobile_app,False,0.0,2,failed
TXN_000606,CUST_0314,MERCH_08,49.99,EUR,ach,229,insufficient_funds,1,0,5,229,2026-08-17T15:25:17.967494,CA,mobile_app,True,49.99,0,recovered
TXN_000607,CUST_0919,MERCH_03,29.99,EUR,credit_card,118,insufficient_funds,1,11,0,569,2026-08-05T20:59:37.327837,US,mobile_app,True,29.99,0,failed
TXN_000608,CUST_0505,MERCH_05,19.99,EUR,credit_card,568,limit_exceeded,1,5,2,868,2026-08-19T12:43:59.976058,US,api_integration,True,19.99,0,failed
TXN_000609,CUST_0381,MERCH_07,237.26,GBP,ach,246,insufficient_funds,1,6,2,468,2026-08-19T16:07:46.342262,US,mobile_app,False,0.0,0,failed
TXN_000610,CUST_0395,MERCH_03,19.99,INR,wallet,440,authentication_failed,4,11,2,614,2026-07-28T04:27:13.601194,GB,mobile_app,True,19.99,3,failed
TXN_000611,CUST_0771,MERCH_04,199.0,GBP,ach,599,network_error,3,4,4,992,2026-08-22T08:53:09.815560,DE,mobile_app,True,199.0,2,failed
TXN_000612,CUST_0442,MERCH_09,213.73,GBP,ach,511,authentication_failed,1,16,2,511,2026-08-13T14:20:10.222628,CA,web_browser,False,0.0,0,failed
TXN_000613,CUST_0649,MERCH_10,157.46,INR,upi,213,network_error,3,20,0,213,2026-08-17T18:45:28.788381,CA,web_browser,False,0.0,2,failed
TXN_000614,CUST_1270,MERCH_03,49.06,EUR,net_banking,456,insufficient_funds,1,2,2,456,2026-08-10T20:33:20.699231,CA,web_browser,False,0.0,0,failed
TXN_000615,CUST_0985,MERCH_07,249.83,USD,upi,184,insufficient_funds,1,12,0,184,2026-08-14T00:58:49.657450,DE,api_integration,False,0.0,0,recovered
TXN_000616,CUST_1219,MERCH_02,396.79,EUR,ach,40,insufficient_funds,1,2,2,40,2026-08-14T22:28:14.368567,AU,web_browser,False,0.0,0,failed
TXN_000617,CUST_0490,MERCH_10,499.0,GBP,net_banking,9,bank_declined,1,17,2,9,2026-08-01T07:43:02.763560,DE,api_integration,True,499.0,0,recovered
TXN_000618,CUST_0124,MERCH_08,112.81,GBP,ach,233,bank_declined,2,4,3,234,2026-08-17T19:14:02.904383,CA,web_browser,False,0.0,1,failed
TXN_000619,CUST_0275,MERCH_06,49.99,INR,upi,450,network_error,3,13,1,450,2026-08-20T15:27:40.309468,AU,mobile_app,True,49.99,2,failed
TXN_000620,CUST_1123,MERCH_06,43.33,INR,debit_card,307,expired_card,1,12,5,551,2026-08-01T06:06:44.555221,GB,api_integration,False,0.0,0,failed
TXN_000621,CUST_1389,MERCH_10,132.95,EUR,wallet,401,expired_card,1,12,1,972,2026-08-10T13:41:56.511168,CA,api_integration,False,0.0,0,failed
TXN_000622,CUST_0723,MERCH_02,9.99,GBP,upi,706,bank_declined,1,5,0,847,2026-08-18T20:13:56.190749,IN,mobile_app,True,9.99,0,failed
TXN_000623,CUST_0696,MERCH_09,49.99,USD,debit_card,176,insufficient_funds,3,16,0,176,2026-08-20T02:26:29.905321,DE,web_browser,True,49.99,2,failed
TXN_000624,CUST_1079,MERCH_02,470.49,EUR,wallet,318,network_error,2,4,1,318,2026-08-20T01:11:05.433637,IN,api_integration,False,0.0,1,recovered
TXN_000625,CUST_1039,MERCH_05,9.99,GBP,net_banking,409,unknown,1,14,0,845,2026-08-14T22:43:21.001060,CA,api_integration,True,9.99,0,failed
TXN_000626,CUST_0180,MERCH_02,160.9,INR,net_banking,729,limit_exceeded,2,11,5,863,2026-07-31T02:42:16.169355,IN,mobile_app,False,0.0,1,failed
TXN_000627,CUST_1365,MERCH_07,77.84,EUR,ach,403,bank_declined,3,18,0,403,2026-07-29T16:47:24.044061,DE,web_browser,False,0.0,2,failed
TXN_000628,CUST_1465,MERCH_02,199.49,EUR,net_banking,567,limit_exceeded,1,15,3,781,2026-08-02T03:40:52.537956,CA,mobile_app,False,0.0,0,failed
TXN_000629,CUST_0617,MERCH_04,11.85,INR,net_banking,692,insufficient_funds,1,20,5,692,2026-08-12T20:00:18.997447,US,mobile_app,False,0.0,0,failed
TXN_000630,CUST_0613,MERCH_02,378.58,GBP,debit_card,70,insufficient_funds,1,14,3,473,2026-08-03T09:47:02.811437,CA,web_browser,False,0.0,0,recovered
TXN_000631,CUST_0430,MERCH_03,99.0,EUR,debit_card,548,insufficient_funds,1,9,0,548,2026-08-01T21:47:01.354282,CA,web_browser,True,99.0,0,failed
TXN_000632,CUST_0464,MERCH_04,10.26,USD,net_banking,49,bank_declined,2,6,3,714,2026-08-05T14:01:36.441826,AU,web_browser,False,0.0,1,recovered
TXN_000633,CUST_1009,MERCH_01,5.7,USD,upi,384,network_error,1,6,1,384,2026-08-12T03:55:19.440256,IN,api_integration,False,0.0,0,failed
TXN_000634,CUST_1470,MERCH_02,9.99,INR,wallet,46,network_error,1,5,5,172,2026-08-14T23:58:56.362634,IN,api_integration,True,9.99,0,failed
TXN_000635,CUST_0909,MERCH_07,19.99,GBP,debit_card,16,insufficient_funds,1,11,2,178,2026-08-13T03:18:57.557638,US,api_integration,True,19.99,0,failed
TXN_000636,CUST_0670,MERCH_10,11.74,INR,upi,614,limit_exceeded,1,13,2,786,2026-08-03T10:32:25.149499,US,api_integration,False,0.0,0,abandoned
TXN_000637,CUST_0764,MERCH_07,392.65,GBP,credit_card,180,network_error,2,4,2,180,2026-07-26T11:24:49.550899,GB,mobile_app,False,0.0,1,recovered
TXN_000638,CUST_1346,MERCH_10,77.28,USD,upi,602,authentication_failed,4,7,4,602,2026-08-24T04:13:11.828826,IN,api_integration,False,0.0,3,failed
TXN_000639,CUST_0977,MERCH_04,17.41,GBP,ach,156,insufficient_funds,1,15,2,207,2026-08-17T16:06:33.169585,GB,mobile_app,False,0.0,0,recovered
TXN_000640,CUST_0669,MERCH_06,236.95,EUR,debit_card,296,insufficient_funds,2,13,5,833,2026-08-02T19:53:45.955091,IN,api_integration,False,0.0,1,failed
TXN_000641,CUST_0210,MERCH_04,183.75,USD,debit_card,188,insufficient_funds,1,12,4,330,2026-07-29T17:16:27.834210,US,api_integration,False,0.0,0,failed
TXN_000642,CUST_0389,MERCH_04,9.99,INR,debit_card,242,insufficient_funds,1,17,1,242,2026-08-15T11:16:09.380914,CA,mobile_app,True,9.99,0,recovered
TXN_000643,CUST_1340,MERCH_04,55.39,GBP,net_banking,279,expired_card,2,20,1,279,2026-07-26T15:20:56.312289,IN,web_browser,False,0.0,1,failed
TXN_000644,CUST_1003,MERCH_07,146.01,EUR,wallet,21,expired_card,1,4,3,21,2026-08-02T01:11:21.689330,DE,mobile_app,False,0.0,0,recovered
TXN_000645,CUST_1232,MERCH_03,76.81,INR,debit_card,576,insufficient_funds,1,9,3,576,2026-08-03T08:51:40.765501,IN,mobile_app,False,0.0,0,failed
TXN_000646,CUST_0126,MERCH_09,198.84,USD,net_banking,761,expired_card,1,13,3,994,2026-08-05T14:00:01.762432,US,mobile_app,False,0.0,0,failed
TXN_000647,CUST_0888,MERCH_10,19.99,USD,ach,357,bank_declined,2,8,5,357,2026-08-13T18:26:17.854918,CA,web_browser,True,19.99,1,recovered
TXN_000648,CUST_0605,MERCH_04,10.27,GBP,ach,29,network_error,2,20,5,693,2026-08-16T23:21:34.180610,IN,web_browser,False,0.0,1,recovered
TXN_000649,CUST_0606,MERCH_10,459.79,USD,wallet,95,network_error,1,0,0,790,2026-08-12T21:12:39.771528,IN,web_browser,False,0.0,0,abandoned
TXN_000650,CUST_0439,MERCH_07,181.57,USD,credit_card,392,authentication_failed,1,17,5,908,2026-08-02T05:47:38.001083,AU,api_integration,False,0.0,0,recovered
TXN_000651,CUST_0805,MERCH_03,212.18,USD,ach,7,invalid_payment_method,4,12,5,316,2026-08-24T18:21:18.167184,CA,api_integration,False,0.0,3,abandoned
TXN_000652,CUST_0953,MERCH_05,89.57,INR,debit_card,138,insufficient_funds,1,5,5,138,2026-08-21T12:07:51.413824,IN,mobile_app,False,0.0,0,failed
TXN_000653,CUST_0474,MERCH_04,615.72,USD,net_banking,640,limit_exceeded,1,14,5,935,2026-08-22T10:02:10.996806,US,web_browser,False,0.0,0,recovered
TXN_000654,CUST_0231,MERCH_06,99.0,USD,credit_card,104,insufficient_funds,1,15,5,779,2026-07-27T03:49:59.152818,IN,api_integration,True,99.0,0,failed
TXN_000655,CUST_0114,MERCH_07,115.12,EUR,upi,485,invalid_payment_method,1,8,3,485,2026-08-13T16:33:47.717820,IN,web_browser,False,0.0,0,failed
TXN_000656,CUST_1462,MERCH_07,146.55,INR,credit_card,4,unknown,3,10,0,4,2026-07-30T18:04:18.379410,DE,mobile_app,False,0.0,2,failed
TXN_000657,CUST_1186,MERCH_05,213.81,USD,ach,675,insufficient_funds,3,14,4,703,2026-08-05T00:11:34.914794,GB,mobile_app,False,0.0,2,failed
TXN_000658,CUST_1397,MERCH_06,499.0,GBP,net_banking,497,bank_declined,1,14,1,622,2026-08-22T08:54:49.517502,AU,api_integration,True,499.0,0,recovered
TXN_000659,CUST_0305,MERCH_07,145.16,USD,upi,804,bank_declined,2,16,4,804,2026-08-09T21:02:06.778584,AU,api_integration,False,0.0,1,failed
TXN_000660,CUST_1056,MERCH_03,470.33,USD,net_banking,217,expired_card,1,17,1,250,2026-08-03T19:37:37.105390,AU,mobile_app,False,0.0,0,abandoned
TXN_000661,CUST_0428,MERCH_06,223.06,GBP,credit_card,488,insufficient_funds,3,8,5,488,2026-08-20T17:45:37.471441,AU,web_browser,False,0.0,2,failed
TXN_000662,CUST_0558,MERCH_10,15.03,INR,upi,658,insufficient_funds,1,12,5,658,2026-07-31T13:29:24.439899,US,web_browser,False,0.0,0,recovered
TXN_000663,CUST_0279,MERCH_02,29.99,GBP,wallet,119,bank_declined,1,6,5,965,2026-08-15T09:53:41.107016,AU,mobile_app,True,29.99,0,failed
TXN_000664,CUST_0736,MERCH_01,120.05,INR,credit_card,374,network_error,2,13,2,790,2026-08-21T00:33:46.053343,CA,mobile_app,False,0.0,1,abandoned
TXN_000665,CUST_1202,MERCH_08,28.45,USD,wallet,467,invalid_payment_method,1,7,3,697,2026-08-02T09:40:58.871517,GB,web_browser,False,0.0,0,failed
TXN_000666,CUST_1128,MERCH_02,868.99,EUR,debit_card,221,bank_declined,1,15,5,849,2026-08-13T12:17:56.125436,AU,mobile_app,False,0.0,0,recovered
TXN_000667,CUST_0560,MERCH_01,499.0,GBP,upi,676,expired_card,3,12,2,835,2026-08-24T03:57:58.426676,CA,api_integration,True,499.0,2,failed
TXN_000668,CUST_1069,MERCH_06,79.41,INR,upi,714,authentication_failed,1,9,2,714,2026-08-13T00:00:52.829842,DE,mobile_app,False,0.0,0,recovered
TXN_000669,CUST_0722,MERCH_08,31.81,USD,upi,149,insufficient_funds,1,15,2,919,2026-08-18T22:38:21.770855,AU,api_integration,False,0.0,0,recovered
TXN_000670,CUST_0308,MERCH_03,455.56,USD,wallet,99,expired_card,4,5,0,99,2026-07-27T11:08:25.689383,AU,web_browser,False,0.0,3,failed
TXN_000671,CUST_1315,MERCH_07,199.0,INR,ach,122,bank_declined,1,7,0,122,2026-08-06T22:19:08.885851,AU,web_browser,True,199.0,0,failed
TXN_000672,CUST_1473,MERCH_02,305.26,GBP,ach,456,bank_declined,1,8,5,669,2026-08-22T08:00:03.941774,AU,api_integration,False,0.0,0,failed
TXN_000673,CUST_0560,MERCH_01,132.64,GBP,upi,97,authentication_failed,2,8,5,764,2026-08-10T06:55:19.271769,DE,mobile_app,False,0.0,1,failed
TXN_000674,CUST_0303,MERCH_06,199.0,GBP,credit_card,416,limit_exceeded,2,17,1,416,2026-07-31T06:59:59.869089,DE,api_integration,True,199.0,1,failed
TXN_000675,CUST_1203,MERCH_02,199.0,USD,debit_card,185,limit_exceeded,1,5,4,712,2026-08-15T09:13:46.972540,DE,mobile_app,True,199.0,0,failed
TXN_000676,CUST_1436,MERCH_03,99.0,USD,debit_card,128,insufficient_funds,1,1,0,128,2026-08-19T15:57:15.558579,GB,mobile_app,True,99.0,0,abandoned
TXN_000677,CUST_1163,MERCH_05,119.57,INR,ach,321,insufficient_funds,3,15,5,321,2026-08-06T15:06:29.323875,US,api_integration,False,0.0,2,abandoned
TXN_000678,CUST_0191,MERCH_04,19.99,GBP,credit_card,566,insufficient_funds,1,6,1,617,2026-08-20T22:59:23.967310,DE,web_browser,True,19.99,0,failed
TXN_000679,CUST_0633,MERCH_07,355.98,EUR,ach,436,expired_card,3,2,2,693,2026-08-18T16:48:09.197913,AU,api_integration,False,0.0,2,failed
TXN_000680,CUST_0494,MERCH_06,165.64,USD,wallet,430,network_error,1,19,1,430,2026-08-11T19:19:23.853110,IN,mobile_app,False,0.0,0,abandoned
TXN_000681,CUST_0653,MERCH_02,22.48,INR,upi,92,authentication_failed,1,2,2,656,2026-08-16T14:46:35.860951,US,mobile_app,False,0.0,0,failed
TXN_000682,CUST_0872,MERCH_04,459.81,USD,wallet,540,network_error,3,3,1,540,2026-07-31T14:40:38.878961,GB,api_integration,False,0.0,2,failed
TXN_000683,CUST_1271,MERCH_05,52.42,GBP,net_banking,326,insufficient_funds,2,1,1,326,2026-07-31T15:11:27.152898,DE,mobile_app,False,0.0,1,failed
TXN_000684,CUST_0630,MERCH_01,113.1,EUR,ach,388,insufficient_funds,2,4,1,388,2026-08-03T01:15:43.667902,IN,api_integration,False,0.0,1,failed
TXN_000685,CUST_1346,MERCH_07,96.81,INR,upi,294,expired_card,1,11,3,515,2026-07-27T13:34:41.467219,AU,mobile_app,False,0.0,0,failed
TXN_000686,CUST_0725,MERCH_07,284.89,EUR,wallet,246,authentication_failed,1,2,5,246,2026-08-22T06:35:55.089389,CA,mobile_app,False,0.0,0,failed
TXN_000687,CUST_0968,MERCH_09,27.0,USD,ach,128,expired_card,1,17,5,128,2026-07-30T20:58:06.463035,CA,api_integration,False,0.0,0,failed
TXN_000688,CUST_1194,MERCH_06,199.0,INR,debit_card,44,bank_declined,1,16,5,624,2026-08-04T13:54:10.639446,US,web_browser,True,199.0,0,abandoned
TXN_000689,CUST_0373,MERCH_09,462.0,USD,upi,383,expired_card,1,12,1,383,2026-08-17T07:41:07.728161,GB,web_browser,False,0.0,0,abandoned
TXN_000690,CUST_0701,MERCH_05,9.99,USD,net_banking,223,bank_declined,1,18,3,223,2026-08-05T12:36:53.079388,DE,web_browser,True,9.99,0,abandoned
TXN_000691,CUST_0217,MERCH_06,99.0,USD,credit_card,6,expired_card,1,9,2,110,2026-08-12T18:02:33.530830,CA,web_browser,True,99.0,0,recovered
TXN_000692,CUST_0504,MERCH_02,113.33,EUR,upi,8,insufficient_funds,2,3,3,8,2026-08-10T16:38:07.745092,GB,web_browser,False,0.0,1,failed
TXN_000693,CUST_0473,MERCH_09,22.26,INR,credit_card,144,expired_card,2,14,1,144,2026-07-29T07:24:17.679267,IN,web_browser,False,0.0,1,failed
TXN_000694,CUST_0182,MERCH_03,86.98,USD,net_banking,204,insufficient_funds,3,1,1,683,2026-07-26T07:52:51.928864,CA,api_integration,False,0.0,2,abandoned
TXN_000695,CUST_1114,MERCH_03,213.6,USD,credit_card,744,network_error,2,12,4,744,2026-08-20T20:53:01.981267,IN,mobile_app,False,0.0,1,recovered
TXN_000696,CUST_0804,MERCH_09,499.0,GBP,upi,351,bank_declined,1,1,5,850,2026-08-24T13:42:41.278354,GB,web_browser,True,499.0,0,failed
TXN_000697,CUST_0269,MERCH_07,99.0,INR,ach,256,insufficient_funds,2,16,1,256,2026-07-25T23:43:32.903862,CA,mobile_app,True,99.0,1,recovered
TXN_000698,CUST_1070,MERCH_02,201.65,EUR,debit_card,645,authentication_failed,1,6,4,645,2026-08-12T18:36:27.782855,IN,web_browser,False,0.0,0,failed
TXN_000699,CUST_0136,MERCH_10,9.99,GBP,net_banking,314,network_error,2,12,3,538,2026-08-18T03:50:07.698719,US,api_integration,True,9.99,1,abandoned
TXN_000700,CUST_0974,MERCH_01,22.49,USD,ach,253,expired_card,1,11,5,429,2026-08-23T14:03:19.369593,AU,web_browser,False,0.0,0,failed
TXN_000701,CUST_0534,MERCH_05,54.31,USD,ach,259,authentication_failed,1,13,1,259,2026-08-21T11:12:07.256376,DE,mobile_app,False,0.0,0,failed
TXN_000702,CUST_0778,MERCH_06,254.14,USD,credit_card,381,bank_declined,1,18,4,620,2026-08-07T06:50:03.485072,IN,api_integration,False,0.0,0,failed
TXN_000703,CUST_1332,MERCH_02,99.0,EUR,upi,198,invalid_payment_method,1,20,1,198,2026-07-27T13:28:36.062808,AU,web_browser,True,99.0,0,failed
TXN_000704,CUST_0513,MERCH_09,30.03,EUR,upi,259,insufficient_funds,3,13,4,729,2026-07-30T10:23:33.673856,CA,api_integration,False,0.0,2,recovered
TXN_000705,CUST_0340,MERCH_07,49.99,USD,ach,171,expired_card,1,16,0,171,2026-08-16T02:58:04.272713,IN,api_integration,True,49.99,0,abandoned
TXN_000706,CUST_0914,MERCH_08,119.04,EUR,debit_card,449,authentication_failed,1,2,1,449,2026-08-13T02:33:09.793688,IN,mobile_app,False,0.0,0,failed
TXN_000707,CUST_0427,MERCH_10,99.0,EUR,ach,516,bank_declined,2,16,3,516,2026-07-30T05:47:40.759408,GB,api_integration,True,99.0,1,failed
TXN_000708,CUST_0343,MERCH_03,9.99,USD,ach,152,authentication_failed,3,9,0,655,2026-08-20T19:45:55.290790,IN,mobile_app,True,9.99,2,failed
TXN_000709,CUST_1194,MERCH_02,199.0,INR,net_banking,86,insufficient_funds,3,19,2,333,2026-08-16T21:24:37.361302,DE,web_browser,True,199.0,2,recovered
TXN_000710,CUST_0764,MERCH_01,258.86,USD,ach,287,network_error,1,7,5,989,2026-08-08T16:37:31.235228,AU,api_integration,False,0.0,0,abandoned
TXN_000711,CUST_0882,MERCH_05,155.89,GBP,debit_card,276,authentication_failed,1,14,1,333,2026-07-30T01:39:28.530427,CA,mobile_app,False,0.0,0,recovered
TXN_000712,CUST_0988,MERCH_06,49.99,INR,ach,190,insufficient_funds,3,5,3,190,2026-08-10T02:22:02.209204,GB,mobile_app,True,49.99,2,failed
TXN_000713,CUST_0735,MERCH_03,499.0,GBP,credit_card,72,expired_card,1,19,1,72,2026-07-28T13:00:28.864832,AU,api_integration,True,499.0,0,failed
TXN_000714,CUST_0381,MERCH_01,20.76,USD,upi,782,expired_card,1,3,0,782,2026-08-17T08:42:33.763417,IN,api_integration,False,0.0,0,failed
TXN_000715,CUST_1328,MERCH_01,499.0,INR,upi,88,insufficient_funds,1,10,5,88,2026-07-29T01:03:34.896354,GB,web_browser,True,499.0,0,recovered
TXN_000716,CUST_0416,MERCH_04,99.0,GBP,debit_card,22,bank_declined,2,20,4,127,2026-08-15T21:52:09.928593,US,mobile_app,True,99.0,1,failed
TXN_000717,CUST_0149,MERCH_04,78.01,USD,net_banking,901,expired_card,2,9,1,944,2026-08-03T08:52:12.309944,IN,mobile_app,False,0.0,1,recovered
TXN_000718,CUST_0559,MERCH_02,71.31,INR,net_banking,946,authentication_failed,3,3,2,946,2026-08-06T16:18:26.352196,DE,web_browser,False,0.0,2,recovered
TXN_000719,CUST_1328,MERCH_03,88.07,EUR,upi,294,limit_exceeded,1,9,4,838,2026-07-28T07:53:39.667129,AU,mobile_app,False,0.0,0,failed
TXN_000720,CUST_0104,MERCH_03,28.78,GBP,ach,805,insufficient_funds,4,14,5,816,2026-08-21T10:01:28.834088,GB,mobile_app,False,0.0,3,failed
TXN_000721,CUST_0285,MERCH_06,19.99,EUR,debit_card,435,bank_declined,1,11,2,507,2026-08-06T18:17:47.744306,AU,mobile_app,True,19.99,0,abandoned
TXN_000722,CUST_0884,MERCH_07,108.11,INR,ach,236,authentication_failed,1,17,4,842,2026-08-12T03:48:29.882008,US,mobile_app,False,0.0,0,failed
TXN_000723,CUST_0840,MERCH_01,499.0,INR,upi,137,insufficient_funds,3,17,3,981,2026-08-14T07:59:46.227725,CA,mobile_app,True,499.0,2,failed
TXN_000724,CUST_1229,MERCH_07,19.99,USD,ach,121,network_error,4,1,5,142,2026-08-13T11:45:26.807767,CA,web_browser,True,19.99,3,failed
TXN_000725,CUST_0210,MERCH_02,135.7,GBP,debit_card,31,expired_card,1,19,1,31,2026-08-22T12:00:43.766808,IN,web_browser,False,0.0,0,failed
TXN_000726,CUST_0386,MERCH_09,450.7,USD,wallet,661,expired_card,2,10,3,801,2026-08-20T03:16:05.416560,IN,api_integration,False,0.0,1,failed
TXN_000727,CUST_0428,MERCH_01,273.18,INR,net_banking,729,bank_declined,1,14,4,729,2026-08-15T15:10:39.421690,IN,web_browser,False,0.0,0,failed
TXN_000728,CUST_0288,MERCH_09,577.01,USD,ach,58,insufficient_funds,1,6,3,634,2026-08-02T10:26:56.879033,CA,web_browser,False,0.0,0,failed
TXN_000729,CUST_0741,MERCH_07,32.02,EUR,credit_card,200,network_error,1,20,3,200,2026-08-06T17:15:17.507357,IN,web_browser,False,0.0,0,failed
TXN_000730,CUST_0433,MERCH_09,9.99,USD,wallet,193,insufficient_funds,1,0,2,193,2026-08-17T14:28:27.074626,DE,mobile_app,True,9.99,0,abandoned
TXN_000731,CUST_1254,MERCH_08,9.99,GBP,ach,366,insufficient_funds,1,9,0,366,2026-08-18T23:11:40.862808,GB,mobile_app,True,9.99,0,failed
TXN_000732,CUST_1481,MERCH_02,83.46,USD,upi,794,bank_declined,1,3,4,827,2026-08-13T08:24:33.223536,IN,mobile_app,False,0.0,0,failed
TXN_000733,CUST_1497,MERCH_08,199.0,EUR,net_banking,698,insufficient_funds,2,7,1,827,2026-08-19T23:33:13.356325,IN,web_browser,True,199.0,1,recovered
TXN_000734,CUST_0695,MERCH_06,295.64,GBP,credit_card,214,expired_card,1,12,1,214,2026-08-07T19:22:46.323374,US,mobile_app,False,0.0,0,abandoned
TXN_000735,CUST_0733,MERCH_09,49.99,USD,credit_card,303,insufficient_funds,1,10,1,957,2026-08-13T21:55:53.205227,IN,api_integration,True,49.99,0,failed
TXN_000736,CUST_1043,MERCH_05,580.84,EUR,upi,144,bank_declined,3,14,5,947,2026-08-10T03:59:37.729129,CA,web_browser,False,0.0,2,abandoned
TXN_000737,CUST_1369,MERCH_03,73.53,USD,wallet,86,network_error,1,10,2,86,2026-07-29T11:50:41.988884,AU,mobile_app,False,0.0,0,failed
TXN_000738,CUST_0601,MERCH_09,19.99,GBP,ach,163,network_error,1,9,3,163,2026-08-13T04:00:35.019040,US,web_browser,True,19.99,0,failed
TXN_000739,CUST_1054,MERCH_08,119.9,GBP,debit_card,185,network_error,1,3,0,185,2026-08-12T21:43:51.046409,CA,web_browser,False,0.0,0,abandoned
TXN_000740,CUST_0232,MERCH_06,850.62,INR,upi,286,expired_card,1,15,0,286,2026-08-10T17:09:42.583249,DE,mobile_app,False,0.0,0,failed
TXN_000741,CUST_1331,MERCH_07,499.0,GBP,upi,56,expired_card,1,13,3,219,2026-08-02T01:21:48.683402,GB,api_integration,True,499.0,0,failed
TXN_000742,CUST_0460,MERCH_02,9.99,EUR,debit_card,730,insufficient_funds,1,2,2,895,2026-08-18T09:21:26.440502,US,mobile_app,True,9.99,0,failed
TXN_000743,CUST_0977,MERCH_06,31.96,EUR,ach,487,insufficient_funds,2,13,3,487,2026-08-03T21:56:39.378021,DE,web_browser,False,0.0,1,failed
TXN_000744,CUST_0120,MERCH_09,38.2,EUR,credit_card,149,bank_declined,2,18,4,149,2026-08-02T18:49:41.365050,IN,web_browser,False,0.0,1,recovered
TXN_000745,CUST_0402,MERCH_08,23.09,INR,ach,534,invalid_payment_method,1,13,2,534,2026-07-30T20:10:00.909954,CA,api_integration,False,0.0,0,failed
TXN_000746,CUST_1284,MERCH_02,19.99,INR,debit_card,560,bank_declined,2,6,3,714,2026-08-18T07:53:39.238325,AU,api_integration,True,19.99,1,recovered
TXN_000747,CUST_0129,MERCH_06,7.45,EUR,wallet,512,limit_exceeded,1,16,0,717,2026-08-12T12:03:14.397557,CA,api_integration,False,0.0,0,failed
TXN_000748,CUST_0787,MERCH_02,49.99,GBP,ach,167,expired_card,1,5,4,610,2026-07-30T11:06:36.055455,GB,api_integration,True,49.99,0,failed
TXN_000749,CUST_1370,MERCH_02,499.0,USD,ach,17,network_error,3,2,5,17,2026-08-02T07:36:25.235203,CA,api_integration,True,499.0,2,failed
TXN_000750,CUST_1290,MERCH_01,56.35,EUR,net_banking,391,expired_card,1,7,3,565,2026-07-27T07:11:21.993204,CA,api_integration,False,0.0,0,recovered
TXN_000751,CUST_0910,MERCH_01,233.62,INR,credit_card,271,authentication_failed,2,8,5,271,2026-08-12T08:56:13.338616,CA,mobile_app,False,0.0,1,recovered
TXN_000752,CUST_0131,MERCH_01,499.0,INR,wallet,326,expired_card,1,16,5,615,2026-07-26T00:45:13.598861,CA,mobile_app,True,499.0,0,abandoned
TXN_000753,CUST_1362,MERCH_07,499.0,EUR,wallet,652,invalid_payment_method,1,13,1,962,2026-08-12T17:17:09.896428,IN,web_browser,True,499.0,0,recovered
TXN_000754,CUST_0573,MERCH_02,247.3,INR,upi,402,authentication_failed,2,20,4,804,2026-08-17T00:09:06.476581,IN,mobile_app,False,0.0,1,recovered
TXN_000755,CUST_0291,MERCH_01,6.74,USD,ach,633,network_error,1,4,0,633,2026-08-07T15:51:25.498145,AU,mobile_app,False,0.0,0,abandoned
TXN_000756,CUST_1029,MERCH_06,19.99,GBP,upi,199,bank_declined,2,7,2,199,2026-07-31T14:27:43.376235,AU,mobile_app,True,19.99,1,recovered
TXN_000757,CUST_0663,MERCH_02,199.0,EUR,debit_card,114,insufficient_funds,3,18,0,114,2026-08-20T13:23:03.011767,US,mobile_app,True,199.0,2,failed
TXN_000758,CUST_1112,MERCH_06,49.99,GBP,net_banking,76,insufficient_funds,4,0,3,76,2026-08-18T12:05:57.816843,GB,api_integration,True,49.99,3,failed
TXN_000759,CUST_1023,MERCH_03,29.99,EUR,net_banking,581,insufficient_funds,1,5,5,581,2026-07-26T12:55:46.656004,DE,api_integration,True,29.99,0,failed
TXN_000760,CUST_1219,MERCH_01,99.0,INR,upi,31,bank_declined,1,3,1,621,2026-08-01T23:40:32.370916,US,mobile_app,True,99.0,0,failed
TXN_000761,CUST_0160,MERCH_06,19.99,EUR,net_banking,281,insufficient_funds,1,4,2,281,2026-08-03T13:44:31.557982,AU,web_browser,True,19.99,0,failed
TXN_000762,CUST_0993,MERCH_09,388.33,EUR,debit_card,867,insufficient_funds,2,6,5,867,2026-08-21T17:25:03.507990,IN,api_integration,False,0.0,1,abandoned
TXN_000763,CUST_1099,MERCH_07,87.68,USD,net_banking,111,bank_declined,1,10,4,111,2026-08-14T05:25:39.330360,IN,mobile_app,False,0.0,0,failed
TXN_000764,CUST_1147,MERCH_05,84.1,INR,upi,361,authentication_failed,1,20,4,361,2026-08-15T03:11:35.865361,IN,mobile_app,False,0.0,0,failed
TXN_000765,CUST_0540,MERCH_06,28.51,EUR,debit_card,12,insufficient_funds,2,0,2,705,2026-08-07T18:58:13.258160,DE,mobile_app,False,0.0,1,failed
TXN_000766,CUST_0889,MERCH_05,40.77,GBP,ach,623,insufficient_funds,3,17,2,734,2026-08-04T16:11:24.803653,CA,web_browser,False,0.0,2,recovered
TXN_000767,CUST_0755,MERCH_04,9.99,GBP,debit_card,282,network_error,1,15,0,282,2026-08-06T18:31:17.466261,DE,mobile_app,True,9.99,0,failed
TXN_000768,CUST_0683,MERCH_01,234.39,USD,upi,135,authentication_failed,2,0,3,292,2026-07-28T22:35:01.641580,AU,mobile_app,False,0.0,1,failed
TXN_000769,CUST_0242,MERCH_08,499.0,GBP,wallet,325,network_error,1,9,2,325,2026-08-01T13:50:50.109520,US,web_browser,True,499.0,0,failed
TXN_000770,CUST_0711,MERCH_08,288.25,INR,credit_card,633,invalid_payment_method,1,3,2,961,2026-07-31T01:14:43.110759,GB,api_integration,False,0.0,0,failed
TXN_000771,CUST_0992,MERCH_04,9.99,USD,credit_card,6,insufficient_funds,2,11,4,6,2026-07-29T07:35:23.520846,US,web_browser,True,9.99,1,failed
TXN_000772,CUST_0253,MERCH_05,179.68,EUR,debit_card,175,network_error,3,12,2,716,2026-08-21T05:10:27.956833,DE,web_browser,False,0.0,2,failed
TXN_000773,CUST_1404,MERCH_08,24.58,GBP,debit_card,502,authentication_failed,4,18,3,678,2026-08-01T15:15:54.243455,US,web_browser,False,0.0,3,abandoned
TXN_000774,CUST_0706,MERCH_02,127.64,INR,credit_card,211,limit_exceeded,2,20,5,877,2026-08-09T23:25:29.225302,AU,mobile_app,False,0.0,1,failed
TXN_000775,CUST_1058,MERCH_07,49.99,GBP,ach,541,insufficient_funds,1,6,4,780,2026-07-27T11:37:52.767890,IN,api_integration,True,49.99,0,failed
TXN_000776,CUST_0316,MERCH_03,29.99,INR,ach,208,expired_card,2,14,4,526,2026-08-16T11:28:32.071734,GB,api_integration,True,29.99,1,failed
TXN_000777,CUST_1427,MERCH_02,49.99,GBP,upi,17,limit_exceeded,1,3,1,17,2026-08-10T12:38:45.540103,GB,mobile_app,True,49.99,0,failed
TXN_000778,CUST_1227,MERCH_02,89.71,GBP,ach,342,insufficient_funds,1,16,3,521,2026-08-21T21:04:33.972238,CA,mobile_app,False,0.0,0,failed
TXN_000779,CUST_0702,MERCH_04,34.16,USD,debit_card,444,insufficient_funds,1,19,3,532,2026-08-17T08:16:35.408953,US,mobile_app,False,0.0,0,failed
TXN_000780,CUST_0173,MERCH_10,45.92,INR,ach,636,authentication_failed,2,8,1,904,2026-08-13T00:39:11.689274,AU,web_browser,False,0.0,1,failed
TXN_000781,CUST_1114,MERCH_04,499.0,GBP,ach,611,insufficient_funds,1,20,2,723,2026-08-19T06:15:11.583832,GB,api_integration,True,499.0,0,failed
TXN_000782,CUST_0588,MERCH_03,176.59,INR,upi,146,insufficient_funds,1,10,3,146,2026-08-14T19:00:21.175097,US,mobile_app,False,0.0,0,failed
TXN_000783,CUST_1491,MERCH_01,70.11,EUR,debit_card,254,expired_card,1,0,3,895,2026-08-24T06:58:18.523025,DE,api_integration,False,0.0,0,failed
TXN_000784,CUST_0442,MERCH_03,9.99,EUR,upi,503,insufficient_funds,1,10,3,503,2026-08-04T21:54:13.211433,CA,mobile_app,True,9.99,0,failed
TXN_000785,CUST_0822,MERCH_05,65.91,GBP,debit_card,116,authentication_failed,2,19,3,116,2026-08-24T04:34:11.629488,AU,mobile_app,False,0.0,1,recovered
TXN_000786,CUST_0831,MERCH_08,19.99,USD,upi,212,authentication_failed,1,13,2,212,2026-08-13T11:31:44.024300,AU,api_integration,True,19.99,0,abandoned
TXN_000787,CUST_1215,MERCH_08,33.85,USD,wallet,401,limit_exceeded,1,11,2,401,2026-08-15T12:48:34.641597,DE,api_integration,False,0.0,0,abandoned
TXN_000788,CUST_0803,MERCH_10,49.99,INR,net_banking,113,network_error,4,18,2,296,2026-07-27T23:58:35.060728,AU,mobile_app,True,49.99,3,abandoned
TXN_000789,CUST_1171,MERCH_05,127.51,USD,credit_card,67,insufficient_funds,1,15,2,67,2026-08-18T07:02:20.326095,CA,web_browser,False,0.0,0,failed
TXN_000790,CUST_0110,MERCH_07,166.93,INR,credit_card,359,insufficient_funds,1,8,1,359,2026-08-04T20:31:23.800074,AU,web_browser,False,0.0,0,recovered
TXN_000791,CUST_0392,MERCH_04,137.0,GBP,net_banking,485,insufficient_funds,1,7,0,485,2026-08-05T16:52:58.878577,US,web_browser,False,0.0,0,recovered
TXN_000792,CUST_0718,MERCH_10,33.55,INR,upi,143,expired_card,2,10,4,143,2026-08-12T07:47:17.652979,GB,mobile_app,False,0.0,1,failed
TXN_000793,CUST_0708,MERCH_10,97.75,EUR,net_banking,142,insufficient_funds,1,13,0,142,2026-07-27T18:28:17.348967,GB,web_browser,False,0.0,0,failed
TXN_000794,CUST_1055,MERCH_07,97.79,EUR,debit_card,91,limit_exceeded,1,0,3,91,2026-08-01T05:11:42.114109,DE,api_integration,False,0.0,0,abandoned
TXN_000795,CUST_1258,MERCH_05,499.0,USD,credit_card,7,network_error,1,4,3,687,2026-08-09T06:34:38.292570,US,web_browser,True,499.0,0,recovered
TXN_000796,CUST_1430,MERCH_02,140.34,USD,ach,340,network_error,3,18,3,708,2026-08-07T06:37:31.211458,IN,api_integration,False,0.0,2,failed
TXN_000797,CUST_0395,MERCH_09,517.96,GBP,wallet,309,insufficient_funds,1,20,1,309,2026-08-24T14:50:51.119026,AU,mobile_app,False,0.0,0,abandoned
TXN_000798,CUST_0334,MERCH_02,19.99,GBP,net_banking,100,authentication_failed,1,3,4,100,2026-07-30T20:00:42.088527,US,mobile_app,True,19.99,0,failed
TXN_000799,CUST_0714,MERCH_07,613.52,GBP,debit_card,628,network_error,2,17,2,842,2026-08-06T07:11:56.569992,AU,mobile_app,False,0.0,1,recovered
TXN_000800,CUST_0478,MERCH_03,165.71,GBP,upi,488,insufficient_funds,1,17,1,488,2026-07-27T01:02:29.598708,AU,web_browser,False,0.0,0,recovered
TXN_000801,CUST_0901,MERCH_07,246.31,EUR,credit_card,29,expired_card,1,13,1,29,2026-08-24T11:33:30.321829,AU,api_integration,False,0.0,0,failed
TXN_000802,CUST_1445,MERCH_10,11.54,INR,upi,741,limit_exceeded,1,4,3,904,2026-08-20T01:31:15.006714,AU,api_integration,False,0.0,0,failed
TXN_000803,CUST_0899,MERCH_09,19.99,EUR,ach,577,bank_declined,1,11,5,737,2026-08-01T05:08:54.203090,GB,web_browser,True,19.99,0,recovered
TXN_000804,CUST_0239,MERCH_08,497.73,EUR,wallet,726,authentication_failed,1,5,4,726,2026-08-17T00:52:28.755575,DE,web_browser,False,0.0,0,recovered
TXN_000805,CUST_1297,MERCH_10,15.49,INR,ach,99,insufficient_funds,1,5,1,99,2026-08-10T12:31:18.267799,IN,mobile_app,False,0.0,0,abandoned
TXN_000806,CUST_0456,MERCH_07,388.38,USD,debit_card,39,insufficient_funds,2,8,0,39,2026-08-13T14:01:01.109911,GB,mobile_app,False,0.0,1,failed
TXN_000807,CUST_1020,MERCH_07,199.0,INR,net_banking,259,authentication_failed,1,6,1,259,2026-08-18T18:39:10.113716,DE,mobile_app,True,199.0,0,failed
TXN_000808,CUST_0276,MERCH_10,199.0,USD,upi,35,invalid_payment_method,1,3,1,35,2026-08-01T14:00:40.390627,IN,api_integration,True,199.0,0,failed
TXN_000809,CUST_1415,MERCH_09,36.63,USD,net_banking,361,insufficient_funds,1,15,4,361,2026-08-20T16:14:10.700222,CA,api_integration,False,0.0,0,failed
TXN_000810,CUST_0870,MERCH_02,17.2,INR,upi,121,network_error,1,9,0,121,2026-08-14T21:15:44.294724,GB,web_browser,False,0.0,0,recovered
TXN_000811,CUST_0832,MERCH_02,29.99,USD,wallet,531,insufficient_funds,3,18,1,874,2026-08-12T20:05:35.634660,AU,mobile_app,True,29.99,2,failed
TXN_000812,CUST_1293,MERCH_08,163.86,EUR,ach,206,insufficient_funds,3,13,2,206,2026-08-18T16:27:50.062318,US,mobile_app,False,0.0,2,failed
TXN_000813,CUST_1110,MERCH_02,357.02,GBP,debit_card,73,bank_declined,1,1,2,73,2026-07-27T22:26:33.426396,GB,api_integration,False,0.0,0,recovered
TXN_000814,CUST_0185,MERCH_02,49.99,USD,credit_card,442,authentication_failed,1,20,2,442,2026-07-26T16:08:00.037634,US,mobile_app,True,49.99,0,recovered
TXN_000815,CUST_1194,MERCH_10,176.83,GBP,wallet,54,bank_declined,2,17,3,54,2026-08-11T22:08:13.233402,IN,mobile_app,False,0.0,1,recovered
TXN_000816,CUST_0996,MERCH_02,612.13,INR,net_banking,448,expired_card,1,6,2,448,2026-08-07T03:44:44.681896,AU,api_integration,False,0.0,0,failed
TXN_000817,CUST_1263,MERCH_01,499.0,INR,upi,59,bank_declined,1,1,0,59,2026-08-15T09:21:08.068048,IN,api_integration,True,499.0,0,failed
TXN_000818,CUST_0914,MERCH_08,24.58,INR,net_banking,211,insufficient_funds,2,8,4,211,2026-07-28T21:16:49.087601,AU,web_browser,False,0.0,1,recovered
TXN_000819,CUST_0851,MERCH_09,309.85,GBP,upi,555,insufficient_funds,1,8,2,715,2026-07-28T19:16:30.846472,US,mobile_app,False,0.0,0,failed
TXN_000820,CUST_0380,MERCH_09,29.99,GBP,ach,382,bank_declined,2,6,0,382,2026-07-26T11:29:39.374925,CA,mobile_app,True,29.99,1,failed
TXN_000821,CUST_0143,MERCH_08,29.99,GBP,credit_card,848,insufficient_funds,1,12,2,848,2026-08-06T12:32:02.676407,CA,web_browser,True,29.99,0,failed
TXN_000822,CUST_1009,MERCH_01,19.99,USD,wallet,54,expired_card,1,13,4,54,2026-08-14T09:06:25.117998,GB,web_browser,True,19.99,0,failed
TXN_000823,CUST_1310,MERCH_04,29.99,USD,wallet,438,bank_declined,2,19,3,887,2026-08-02T05:50:17.472463,CA,api_integration,True,29.99,1,abandoned
TXN_000824,CUST_1488,MERCH_05,98.4,INR,debit_card,167,authentication_failed,4,18,4,267,2026-08-02T10:42:34.708349,US,web_browser,False,0.0,3,abandoned
TXN_000825,CUST_1497,MERCH_05,19.99,EUR,ach,405,network_error,1,9,2,585,2026-08-16T18:01:12.891073,DE,mobile_app,True,19.99,0,failed
TXN_000826,CUST_0354,MERCH_05,167.16,GBP,ach,18,network_error,1,5,3,474,2026-07-26T20:09:01.793301,DE,mobile_app,False,0.0,0,failed
TXN_000827,CUST_0936,MERCH_01,424.13,EUR,upi,322,insufficient_funds,1,19,4,322,2026-08-01T20:03:53.080999,CA,mobile_app,False,0.0,0,failed
TXN_000828,CUST_0565,MERCH_03,499.0,EUR,credit_card,118,authentication_failed,1,1,1,118,2026-07-29T23:58:00.917823,DE,api_integration,True,499.0,0,recovered
TXN_000829,CUST_0566,MERCH_01,728.71,INR,upi,866,unknown,2,0,5,866,2026-08-23T11:17:17.266595,US,mobile_app,False,0.0,1,failed
TXN_000830,CUST_1138,MERCH_08,99.0,GBP,upi,381,insufficient_funds,2,6,2,585,2026-08-22T16:05:43.865894,IN,mobile_app,True,99.0,1,recovered
TXN_000831,CUST_0768,MERCH_10,66.19,USD,upi,482,expired_card,4,20,2,482,2026-08-20T00:04:56.157128,IN,api_integration,False,0.0,3,failed
TXN_000832,CUST_0152,MERCH_02,40.64,INR,net_banking,353,insufficient_funds,3,16,4,730,2026-08-07T08:00:56.290230,AU,mobile_app,False,0.0,2,failed
TXN_000833,CUST_0258,MERCH_04,110.02,USD,wallet,429,authentication_failed,2,17,5,429,2026-08-08T23:33:34.678342,CA,api_integration,False,0.0,1,recovered
TXN_000834,CUST_1174,MERCH_09,62.18,INR,net_banking,250,insufficient_funds,1,18,2,933,2026-07-26T11:48:26.586969,GB,api_integration,False,0.0,0,recovered
TXN_000835,CUST_0336,MERCH_04,202.96,INR,net_banking,361,limit_exceeded,1,11,0,361,2026-08-05T05:09:33.299062,CA,mobile_app,False,0.0,0,abandoned
TXN_000836,CUST_1266,MERCH_03,47.14,USD,net_banking,142,limit_exceeded,1,18,5,142,2026-08-15T09:33:17.729429,CA,api_integration,False,0.0,0,failed
TXN_000837,CUST_0403,MERCH_10,155.21,GBP,ach,16,network_error,1,5,3,16,2026-08-08T04:15:00.725246,US,mobile_app,False,0.0,0,failed
TXN_000838,CUST_0169,MERCH_07,199.0,INR,net_banking,528,insufficient_funds,1,2,1,528,2026-08-12T03:26:07.604724,AU,api_integration,True,199.0,0,failed
TXN_000839,CUST_0594,MERCH_05,29.99,EUR,net_banking,624,limit_exceeded,1,10,4,624,2026-08-22T14:23:49.231781,CA,api_integration,True,29.99,0,recovered
TXN_000840,CUST_1021,MERCH_07,217.61,USD,wallet,604,bank_declined,3,5,5,785,2026-08-22T07:10:17.074768,DE,web_browser,False,0.0,2,abandoned
TXN_000841,CUST_1480,MERCH_08,62.95,GBP,upi,792,insufficient_funds,1,18,2,968,2026-08-14T13:55:16.263160,GB,web_browser,False,0.0,0,failed
TXN_000842,CUST_0752,MERCH_03,9.99,EUR,debit_card,285,network_error,1,6,3,532,2026-08-21T19:53:07.821081,US,web_browser,True,9.99,0,recovered
TXN_000843,CUST_0660,MERCH_08,42.97,INR,wallet,109,insufficient_funds,3,8,4,772,2026-08-20T13:58:59.932781,DE,mobile_app,False,0.0,2,recovered
TXN_000844,CUST_0156,MERCH_10,99.0,GBP,ach,501,authentication_failed,2,6,0,501,2026-08-16T08:35:47.875054,CA,api_integration,True,99.0,1,failed
TXN_000845,CUST_0358,MERCH_08,380.15,EUR,ach,443,bank_declined,1,3,3,911,2026-08-20T16:59:46.176177,AU,mobile_app,False,0.0,0,failed
TXN_000846,CUST_0824,MERCH_02,241.49,USD,ach,344,bank_declined,1,10,1,520,2026-08-09T10:17:41.954844,AU,web_browser,False,0.0,0,recovered
TXN_000847,CUST_0178,MERCH_07,199.0,USD,debit_card,572,network_error,2,10,1,862,2026-08-23T17:50:13.106337,IN,api_integration,True,199.0,1,recovered
TXN_000848,CUST_0870,MERCH_04,37.66,INR,credit_card,509,expired_card,1,15,1,752,2026-07-29T12:57:25.230746,CA,mobile_app,False,0.0,0,failed
TXN_000849,CUST_1104,MERCH_09,40.08,GBP,wallet,270,insufficient_funds,1,13,5,270,2026-08-05T16:24:02.536069,AU,mobile_app,False,0.0,0,failed
TXN_000850,CUST_0714,MERCH_04,170.38,EUR,net_banking,366,expired_card,1,20,3,613,2026-08-18T05:53:00.157359,CA,web_browser,False,0.0,0,failed
TXN_000851,CUST_0606,MERCH_07,19.99,GBP,net_banking,117,expired_card,2,10,5,117,2026-08-01T14:31:04.620286,DE,web_browser,True,19.99,1,recovered
TXN_000852,CUST_0580,MERCH_01,51.78,GBP,net_banking,576,insufficient_funds,1,13,0,576,2026-08-12T11:26:51.527784,CA,web_browser,False,0.0,0,recovered
TXN_000853,CUST_0211,MERCH_05,200.4,USD,wallet,420,insufficient_funds,1,1,2,459,2026-08-08T17:36:56.286416,DE,web_browser,False,0.0,0,recovered
TXN_000854,CUST_0364,MERCH_10,8.02,USD,ach,722,bank_declined,1,12,0,800,2026-08-01T20:02:19.493712,US,api_integration,False,0.0,0,failed
TXN_000855,CUST_0531,MERCH_06,38.18,EUR,net_banking,736,insufficient_funds,1,17,3,881,2026-07-28T11:54:42.509062,IN,api_integration,False,0.0,0,recovered
TXN_000856,CUST_0609,MERCH_01,499.0,USD,debit_card,408,insufficient_funds,2,16,0,514,2026-08-16T07:41:42.624978,AU,api_integration,True,499.0,1,failed
TXN_000857,CUST_0606,MERCH_01,212.89,USD,credit_card,135,network_error,2,12,5,411,2026-07-29T22:56:57.849284,DE,api_integration,False,0.0,1,recovered
TXN_000858,CUST_0950,MERCH_01,199.0,EUR,upi,98,network_error,1,19,1,98,2026-07-30T20:54:53.914174,CA,api_integration,True,199.0,0,failed
TXN_000859,CUST_0147,MERCH_05,97.12,EUR,net_banking,386,insufficient_funds,1,20,4,483,2026-07-26T19:25:47.984496,GB,api_integration,False,0.0,0,failed
TXN_000860,CUST_1192,MERCH_09,49.99,INR,wallet,404,insufficient_funds,1,15,5,404,2026-08-21T13:31:23.528038,US,web_browser,True,49.99,0,failed
TXN_000861,CUST_0575,MERCH_08,102.17,INR,net_banking,148,insufficient_funds,1,9,2,148,2026-08-07T23:42:36.173832,DE,mobile_app,False,0.0,0,failed
TXN_000862,CUST_0271,MERCH_03,148.76,INR,credit_card,61,expired_card,1,18,1,61,2026-08-02T14:23:51.008769,GB,api_integration,False,0.0,0,failed
TXN_000863,CUST_1257,MERCH_10,312.69,EUR,net_banking,501,insufficient_funds,1,6,4,814,2026-08-05T06:06:37.640030,AU,web_browser,False,0.0,0,failed
TXN_000864,CUST_1153,MERCH_09,744.12,USD,debit_card,80,insufficient_funds,1,3,3,717,2026-08-19T22:48:02.273364,IN,web_browser,False,0.0,0,recovered
TXN_000865,CUST_0332,MERCH_01,107.53,USD,net_banking,144,authentication_failed,3,16,3,144,2026-08-24T12:49:34.506205,GB,api_integration,False,0.0,2,failed
TXN_000866,CUST_1485,MERCH_05,63.38,EUR,wallet,145,limit_exceeded,1,18,5,170,2026-07-31T17:32:45.101292,DE,web_browser,False,0.0,0,recovered
TXN_000867,CUST_1066,MERCH_08,29.99,INR,net_banking,537,invalid_payment_method,2,4,1,537,2026-08-12T07:47:41.912604,US,mobile_app,True,29.99,1,failed
TXN_000868,CUST_0738,MERCH_04,199.0,INR,upi,63,insufficient_funds,1,14,2,97,2026-08-22T19:25:20.281736,AU,mobile_app,True,199.0,0,failed
TXN_000869,CUST_0494,MERCH_05,262.85,INR,credit_card,314,network_error,1,18,5,314,2026-08-17T04:05:50.577842,DE,mobile_app,False,0.0,0,failed
TXN_000870,CUST_0310,MERCH_04,34.46,EUR,ach,602,authentication_failed,2,4,4,602,2026-08-01T15:44:38.438821,DE,api_integration,False,0.0,1,failed
TXN_000871,CUST_1069,MERCH_04,9.99,USD,upi,823,network_error,1,6,0,952,2026-08-10T13:12:17.750092,US,mobile_app,True,9.99,0,failed
TXN_000872,CUST_0380,MERCH_09,88.11,GBP,upi,121,expired_card,1,9,4,779,2026-08-01T14:20:48.221559,GB,api_integration,False,0.0,0,failed
TXN_000873,CUST_0749,MERCH_09,99.0,GBP,ach,285,network_error,2,5,5,854,2026-08-07T23:59:51.683567,GB,api_integration,True,99.0,1,recovered
TXN_000874,CUST_0346,MERCH_09,163.37,INR,net_banking,687,insufficient_funds,1,11,3,790,2026-08-06T07:19:54.271732,GB,mobile_app,False,0.0,0,failed
TXN_000875,CUST_0121,MERCH_04,72.18,USD,wallet,97,insufficient_funds,3,18,2,337,2026-08-09T17:31:49.898354,GB,mobile_app,False,0.0,2,abandoned
TXN_000876,CUST_1425,MERCH_05,102.72,GBP,wallet,59,insufficient_funds,4,8,2,641,2026-07-29T22:05:03.664932,AU,web_browser,False,0.0,3,failed
TXN_000877,CUST_1104,MERCH_03,212.91,INR,debit_card,40,authentication_failed,1,17,0,40,2026-08-20T05:12:31.403629,US,web_browser,False,0.0,0,recovered
TXN_000878,CUST_0344,MERCH_01,157.2,EUR,ach,285,insufficient_funds,1,3,4,285,2026-08-24T07:29:15.090008,IN,api_integration,False,0.0,0,recovered
TXN_000879,CUST_0850,MERCH_09,199.0,INR,net_banking,198,expired_card,2,1,0,198,2026-08-16T19:32:24.942801,US,web_browser,True,199.0,1,failed
TXN_000880,CUST_1346,MERCH_04,110.62,USD,wallet,281,insufficient_funds,1,0,2,281,2026-08-07T18:27:48.709608,CA,mobile_app,False,0.0,0,failed
TXN_000881,CUST_0338,MERCH_02,199.0,EUR,net_banking,642,insufficient_funds,1,10,4,642,2026-08-24T11:58:35.907550,US,api_integration,True,199.0,0,failed
TXN_000882,CUST_0605,MERCH_05,159.22,INR,upi,756,limit_exceeded,1,6,5,774,2026-08-03T15:18:14.408738,IN,api_integration,False,0.0,0,failed
TXN_000883,CUST_0746,MERCH_07,499.0,EUR,upi,266,insufficient_funds,2,6,1,303,2026-08-10T02:49:21.998371,AU,api_integration,True,499.0,1,failed
TXN_000884,CUST_1020,MERCH_03,499.0,EUR,debit_card,216,authentication_failed,4,4,4,583,2026-08-14T09:44:33.556149,GB,api_integration,True,499.0,3,abandoned
TXN_000885,CUST_1131,MERCH_09,242.2,INR,net_banking,224,insufficient_funds,1,6,2,224,2026-08-09T07:16:54.111034,IN,web_browser,False,0.0,0,abandoned
TXN_000886,CUST_1301,MERCH_06,129.44,GBP,net_banking,108,bank_declined,1,1,2,719,2026-08-24T13:48:19.716421,GB,web_browser,False,0.0,0,recovered
TXN_000887,CUST_1426,MERCH_02,29.99,GBP,ach,191,insufficient_funds,1,14,4,191,2026-08-11T02:53:46.400141,CA,web_browser,True,29.99,0,recovered
TXN_000888,CUST_0598,MERCH_05,75.07,USD,net_banking,42,insufficient_funds,3,12,2,42,2026-07-27T18:33:42.261092,CA,web_browser,False,0.0,2,failed
TXN_000889,CUST_1282,MERCH_07,9.35,INR,debit_card,715,authentication_failed,3,9,4,989,2026-07-26T15:26:26.611829,AU,web_browser,False,0.0,2,failed
TXN_000890,CUST_0210,MERCH_02,241.16,INR,upi,170,insufficient_funds,1,11,3,406,2026-08-18T19:13:07.678104,GB,mobile_app,False,0.0,0,recovered
TXN_000891,CUST_0478,MERCH_04,49.99,EUR,credit_card,569,insufficient_funds,2,7,1,702,2026-08-10T11:51:05.236030,CA,api_integration,True,49.99,1,failed
TXN_000892,CUST_0907,MERCH_04,170.59,EUR,upi,132,network_error,1,7,0,397,2026-08-12T19:36:55.044767,AU,api_integration,False,0.0,0,abandoned
TXN_000893,CUST_0969,MERCH_10,119.57,EUR,wallet,228,insufficient_funds,1,18,0,228,2026-08-13T17:45:10.548204,US,api_integration,False,0.0,0,recovered
TXN_000894,CUST_1327,MERCH_07,199.0,INR,net_banking,46,insufficient_funds,1,15,1,46,2026-08-13T07:00:07.078666,IN,web_browser,True,199.0,0,failed
TXN_000895,CUST_0737,MERCH_07,263.29,USD,upi,168,insufficient_funds,2,13,1,168,2026-08-10T20:47:36.999654,AU,api_integration,False,0.0,1,recovered
TXN_000896,CUST_0307,MERCH_07,19.99,GBP,net_banking,394,insufficient_funds,1,18,4,394,2026-07-27T00:26:39.476570,US,web_browser,True,19.99,0,failed
TXN_000897,CUST_0970,MERCH_05,155.82,EUR,credit_card,382,authentication_failed,1,14,4,382,2026-08-08T18:19:39.242690,IN,web_browser,False,0.0,0,failed
TXN_000898,CUST_1188,MERCH_07,17.51,USD,net_banking,203,insufficient_funds,2,18,2,203,2026-08-11T03:56:40.641802,GB,mobile_app,False,0.0,1,recovered
TXN_000899,CUST_0348,MERCH_08,73.62,EUR,debit_card,346,limit_exceeded,2,11,2,436,2026-08-24T02:33:07.086791,GB,web_browser,False,0.0,1,recovered
TXN_000900,CUST_0954,MERCH_01,63.87,USD,wallet,366,authentication_failed,1,19,0,366,2026-08-17T08:30:18.325230,US,mobile_app,False,0.0,0,recovered
TXN_000901,CUST_0396,MERCH_08,339.84,GBP,credit_card,250,insufficient_funds,3,14,5,633,2026-07-27T20:21:10.598569,US,web_browser,False,0.0,2,abandoned
TXN_000902,CUST_0863,MERCH_01,99.0,EUR,net_banking,392,unknown,4,20,0,392,2026-08-14T16:19:43.924543,CA,mobile_app,True,99.0,3,failed
TXN_000903,CUST_0476,MERCH_05,163.72,INR,ach,197,limit_exceeded,1,13,0,813,2026-08-06T08:20:03.706996,US,web_browser,False,0.0,0,abandoned
TXN_000904,CUST_1274,MERCH_08,499.0,GBP,debit_card,706,invalid_payment_method,1,8,5,706,2026-08-23T10:33:42.006085,AU,web_browser,True,499.0,0,failed
TXN_000905,CUST_0658,MERCH_01,39.82,INR,debit_card,274,network_error,1,4,2,274,2026-08-15T06:26:54.658341,US,api_integration,False,0.0,0,abandoned
TXN_000906,CUST_0764,MERCH_04,99.0,USD,upi,431,insufficient_funds,1,19,3,603,2026-08-13T03:25:18.909711,GB,web_browser,True,99.0,0,failed
TXN_000907,CUST_0809,MERCH_08,49.99,USD,ach,546,network_error,1,15,1,546,2026-08-12T17:24:58.451552,CA,api_integration,True,49.99,0,failed
TXN_000908,CUST_0807,MERCH_02,199.0,INR,wallet,299,unknown,1,11,2,299,2026-08-23T22:12:28.554797,GB,api_integration,True,199.0,0,recovered
TXN_000909,CUST_0983,MERCH_07,499.0,USD,credit_card,241,unknown,1,17,5,503,2026-08-13T11:03:37.943585,CA,mobile_app,True,499.0,0,failed
TXN_000910,CUST_0532,MERCH_02,56.24,EUR,upi,361,network_error,2,12,4,419,2026-08-06T20:05:32.790950,AU,mobile_app,False,0.0,1,failed
TXN_000911,CUST_1460,MERCH_06,120.06,INR,net_banking,476,expired_card,1,12,3,775,2026-08-20T02:29:25.234331,GB,mobile_app,False,0.0,0,abandoned
TXN_000912,CUST_1190,MERCH_06,165.15,USD,wallet,595,bank_declined,1,3,3,595,2026-08-19T03:31:13.377822,IN,mobile_app,False,0.0,0,failed
TXN_000913,CUST_1348,MERCH_10,1028.22,USD,upi,333,authentication_failed,1,13,0,333,2026-08-10T15:45:39.254895,US,api_integration,False,0.0,0,failed
TXN_000914,CUST_1331,MERCH_07,112.41,INR,upi,378,insufficient_funds,3,5,3,378,2026-07-27T16:50:37.462766,IN,web_browser,False,0.0,2,failed
TXN_000915,CUST_0232,MERCH_01,99.0,USD,wallet,455,expired_card,4,7,5,618,2026-07-26T15:10:08.176954,GB,mobile_app,True,99.0,3,failed
TXN_000916,CUST_0601,MERCH_08,497.41,USD,net_banking,417,insufficient_funds,3,1,5,694,2026-07-29T22:48:57.681043,GB,api_integration,False,0.0,2,abandoned
TXN_000917,CUST_1200,MERCH_02,229.82,GBP,ach,25,authentication_failed,1,17,5,25,2026-08-16T00:35:14.458009,US,web_browser,False,0.0,0,recovered
TXN_000918,CUST_0918,MERCH_09,162.31,USD,ach,150,expired_card,1,3,0,150,2026-08-02T04:59:26.755568,IN,web_browser,False,0.0,0,recovered
TXN_000919,CUST_0945,MERCH_06,19.99,GBP,debit_card,100,network_error,1,6,2,100,2026-07-28T20:09:38.735453,GB,web_browser,True,19.99,0,failed
TXN_000920,CUST_0704,MERCH_08,237.23,INR,upi,37,bank_declined,2,18,2,609,2026-08-16T03:51:01.431902,DE,web_browser,False,0.0,1,failed
TXN_000921,CUST_0696,MERCH_05,30.85,INR,wallet,451,authentication_failed,1,15,5,451,2026-08-03T23:06:05.619099,GB,web_browser,False,0.0,0,recovered
TXN_000922,CUST_0626,MERCH_04,499.0,GBP,net_banking,13,insufficient_funds,1,9,1,599,2026-08-02T10:50:12.474455,DE,mobile_app,True,499.0,0,recovered
TXN_000923,CUST_0804,MERCH_03,292.2,INR,net_banking,887,insufficient_funds,1,11,3,887,2026-08-09T01:22:24.387741,CA,mobile_app,False,0.0,0,failed
TXN_000924,CUST_1469,MERCH_02,43.2,GBP,net_banking,624,insufficient_funds,2,4,2,624,2026-08-18T21:42:45.974784,DE,api_integration,False,0.0,1,failed
TXN_000925,CUST_0124,MERCH_09,199.0,USD,credit_card,102,insufficient_funds,4,1,3,642,2026-08-16T16:03:27.532678,CA,api_integration,True,199.0,3,failed
TXN_000926,CUST_1170,MERCH_04,29.99,INR,credit_card,667,network_error,3,5,5,959,2026-08-03T07:02:57.724143,DE,web_browser,True,29.99,2,failed
TXN_000927,CUST_1230,MERCH_05,199.0,GBP,net_banking,311,insufficient_funds,1,2,1,536,2026-08-07T05:51:44.318370,US,api_integration,True,199.0,0,failed
TXN_000928,CUST_0204,MERCH_06,16.38,EUR,wallet,203,expired_card,1,14,0,488,2026-08-06T20:46:47.205888,US,api_integration,False,0.0,0,failed
TXN_000929,CUST_0980,MERCH_02,331.42,GBP,wallet,651,network_error,1,6,4,826,2026-08-24T19:08:06.092049,GB,web_browser,False,0.0,0,failed
TXN_000930,CUST_1392,MERCH_03,111.18,EUR,ach,271,authentication_failed,1,20,2,271,2026-08-04T11:30:45.394928,CA,mobile_app,False,0.0,0,failed
TXN_000931,CUST_0473,MERCH_08,29.99,USD,net_banking,168,limit_exceeded,1,16,3,508,2026-08-04T15:00:57.257307,GB,api_integration,True,29.99,0,recovered
TXN_000932,CUST_1203,MERCH_03,499.0,EUR,wallet,315,insufficient_funds,1,7,1,315,2026-08-10T15:47:17.492138,IN,api_integration,True,499.0,0,recovered
TXN_000933,CUST_1476,MERCH_03,30.51,GBP,ach,625,bank_declined,1,5,1,625,2026-07-26T09:09:30.261760,GB,mobile_app,False,0.0,0,abandoned
TXN_000934,CUST_0638,MERCH_08,74.49,USD,net_banking,323,insufficient_funds,1,11,5,323,2026-08-01T22:25:37.758036,US,web_browser,False,0.0,0,failed
TXN_000935,CUST_0824,MERCH_03,223.54,GBP,net_banking,678,insufficient_funds,1,6,1,678,2026-08-24T02:26:41.833445,GB,api_integration,False,0.0,0,recovered
TXN_000936,CUST_1246,MERCH_04,99.0,GBP,credit_card,77,authentication_failed,1,8,0,77,2026-07-27T13:42:35.354109,AU,web_browser,True,99.0,0,recovered
TXN_000937,CUST_1097,MERCH_04,655.61,EUR,credit_card,58,authentication_failed,1,1,0,58,2026-08-11T16:05:08.621990,CA,mobile_app,False,0.0,0,failed
TXN_000938,CUST_0251,MERCH_06,85.11,EUR,wallet,307,insufficient_funds,1,4,4,307,2026-08-17T10:57:10.028134,DE,web_browser,False,0.0,0,failed
TXN_000939,CUST_0144,MERCH_03,499.0,GBP,debit_card,792,network_error,1,10,2,927,2026-08-19T06:55:44.607333,CA,web_browser,True,499.0,0,recovered
TXN_000940,CUST_0782,MERCH_04,538.36,GBP,credit_card,24,insufficient_funds,1,19,5,956,2026-08-11T23:51:21.343127,DE,mobile_app,False,0.0,0,recovered
TXN_000941,CUST_1149,MERCH_06,99.0,EUR,ach,818,expired_card,1,1,4,895,2026-08-16T08:00:51.499141,US,api_integration,True,99.0,0,failed
TXN_000942,CUST_0254,MERCH_10,99.0,INR,credit_card,526,network_error,2,17,1,818,2026-07-28T03:23:09.455059,AU,web_browser,True,99.0,1,failed
TXN_000943,CUST_0667,MERCH_08,335.22,GBP,credit_card,75,unknown,1,4,5,339,2026-08-11T04:37:22.696713,CA,api_integration,False,0.0,0,failed
TXN_000944,CUST_0701,MERCH_01,269.23,EUR,wallet,155,insufficient_funds,1,7,2,438,2026-08-04T13:53:28.799496,CA,api_integration,False,0.0,0,failed
TXN_000945,CUST_1462,MERCH_04,394.25,USD,debit_card,194,limit_exceeded,1,18,1,194,2026-08-21T18:51:21.885406,DE,web_browser,False,0.0,0,failed
TXN_000946,CUST_0241,MERCH_06,400.64,INR,upi,168,bank_declined,4,6,2,168,2026-07-27T17:26:50.866255,US,mobile_app,False,0.0,3,failed
TXN_000947,CUST_1000,MERCH_02,8.86,USD,credit_card,51,network_error,1,6,3,51,2026-08-01T16:27:36.982242,IN,api_integration,False,0.0,0,failed
TXN_000948,CUST_1284,MERCH_09,19.99,INR,credit_card,620,bank_declined,1,3,3,759,2026-08-12T08:38:27.285744,DE,web_browser,True,19.99,0,abandoned
TXN_000949,CUST_1078,MERCH_05,22.82,EUR,credit_card,431,expired_card,1,0,3,823,2026-08-14T04:09:23.546882,CA,api_integration,False,0.0,0,recovered
TXN_000950,CUST_0715,MERCH_04,18.23,INR,debit_card,17,authentication_failed,4,12,3,17,2026-08-23T10:49:47.881671,DE,mobile_app,False,0.0,3,abandoned
TXN_000951,CUST_0362,MERCH_09,19.99,GBP,debit_card,611,bank_declined,1,1,0,611,2026-08-16T00:29:59.552392,CA,mobile_app,True,19.99,0,recovered
TXN_000952,CUST_0457,MERCH_09,199.0,EUR,net_banking,901,network_error,1,5,2,901,2026-08-09T21:18:04.817114,AU,web_browser,True,199.0,0,failed
TXN_000953,CUST_0643,MERCH_10,9.33,GBP,wallet,36,insufficient_funds,3,0,3,36,2026-08-23T10:00:59.437257,AU,api_integration,False,0.0,2,abandoned
TXN_000954,CUST_0447,MERCH_03,9.99,GBP,debit_card,68,insufficient_funds,1,7,0,430,2026-07-26T07:33:51.388124,DE,api_integration,True,9.99,0,failed
TXN_000955,CUST_0101,MERCH_05,100.09,GBP,net_banking,553,limit_exceeded,1,4,2,673,2026-08-03T07:48:57.907236,AU,api_integration,False,0.0,0,recovered
TXN_000956,CUST_0501,MERCH_03,99.0,USD,debit_card,85,insufficient_funds,2,4,1,676,2026-08-16T08:15:49.874010,IN,web_browser,True,99.0,1,recovered
TXN_000957,CUST_0478,MERCH_05,190.92,INR,upi,530,expired_card,4,18,4,530,2026-08-02T00:26:38.576423,CA,web_browser,False,0.0,3,abandoned
TXN_000958,CUST_1454,MERCH_03,205.0,USD,debit_card,50,network_error,1,12,5,50,2026-08-20T12:34:42.759718,IN,web_browser,False,0.0,0,failed
TXN_000959,CUST_0760,MERCH_01,103.31,INR,net_banking,837,network_error,4,6,5,891,2026-08-11T06:01:18.166139,DE,web_browser,False,0.0,3,abandoned
TXN_000960,CUST_1217,MERCH_08,199.0,GBP,ach,346,insufficient_funds,1,16,2,346,2026-07-29T15:45:34.060197,US,api_integration,True,199.0,0,failed
TXN_000961,CUST_0801,MERCH_09,14.78,USD,credit_card,557,expired_card,1,20,0,988,2026-08-11T02:11:06.475376,DE,api_integration,False,0.0,0,failed
TXN_000962,CUST_0705,MERCH_03,60.02,INR,ach,187,expired_card,2,2,4,187,2026-08-09T11:41:28.425056,IN,mobile_app,False,0.0,1,recovered
TXN_000963,CUST_0506,MERCH_06,142.8,INR,upi,49,insufficient_funds,1,16,4,49,2026-08-04T00:06:02.216349,IN,mobile_app,False,0.0,0,failed
TXN_000964,CUST_1493,MERCH_03,155.9,GBP,upi,965,authentication_failed,1,4,4,965,2026-08-16T11:03:21.286757,CA,api_integration,False,0.0,0,recovered
TXN_000965,CUST_0962,MERCH_08,63.27,USD,credit_card,77,bank_declined,2,9,0,77,2026-08-18T13:12:31.982935,CA,mobile_app,False,0.0,1,recovered
TXN_000966,CUST_0394,MERCH_08,499.0,EUR,credit_card,164,unknown,1,7,3,806,2026-08-19T00:17:00.481814,IN,web_browser,True,499.0,0,failed
TXN_000967,CUST_0387,MERCH_07,199.0,USD,wallet,146,bank_declined,2,4,1,455,2026-08-24T11:44:19.805758,GB,api_integration,True,199.0,1,recovered
TXN_000968,CUST_0310,MERCH_10,44.63,EUR,upi,625,expired_card,1,3,4,761,2026-07-26T10:42:51.958395,US,web_browser,False,0.0,0,failed
TXN_000969,CUST_0623,MERCH_02,99.25,EUR,debit_card,231,authentication_failed,1,15,2,231,2026-08-06T17:09:51.216618,AU,web_browser,False,0.0,0,abandoned
TXN_000970,CUST_0985,MERCH_07,199.0,EUR,upi,283,insufficient_funds,3,8,5,751,2026-08-14T22:46:01.141918,US,mobile_app,True,199.0,2,recovered
TXN_000971,CUST_0307,MERCH_08,99.0,GBP,wallet,273,expired_card,1,18,3,682,2026-08-03T13:25:16.944930,DE,api_integration,True,99.0,0,recovered
TXN_000972,CUST_0883,MERCH_01,22.11,GBP,net_banking,98,network_error,1,20,0,590,2026-08-13T23:49:22.578923,AU,api_integration,False,0.0,0,recovered
TXN_000973,CUST_0181,MERCH_06,237.77,GBP,ach,39,network_error,1,18,4,39,2026-08-02T11:36:27.848749,US,mobile_app,False,0.0,0,recovered
TXN_000974,CUST_1261,MERCH_03,199.0,EUR,upi,423,invalid_payment_method,2,3,2,943,2026-07-30T07:59:12.290611,AU,web_browser,True,199.0,1,recovered
TXN_000975,CUST_0821,MERCH_04,93.59,EUR,ach,270,insufficient_funds,2,14,5,651,2026-08-08T01:26:35.956840,CA,web_browser,False,0.0,1,failed
TXN_000976,CUST_0452,MERCH_08,29.99,USD,ach,825,expired_card,4,17,5,825,2026-07-30T22:55:20.975836,US,api_integration,True,29.99,3,abandoned
TXN_000977,CUST_0931,MERCH_06,108.13,EUR,debit_card,272,insufficient_funds,2,12,1,272,2026-07-31T15:19:33.075348,IN,web_browser,False,0.0,1,failed
TXN_000978,CUST_0132,MERCH_02,99.0,USD,debit_card,574,insufficient_funds,1,16,5,658,2026-08-19T11:24:55.515540,US,mobile_app,True,99.0,0,failed
TXN_000979,CUST_1324,MERCH_07,28.63,EUR,wallet,137,insufficient_funds,1,11,3,137,2026-08-02T17:26:30.470255,DE,mobile_app,False,0.0,0,recovered
TXN_000980,CUST_0763,MERCH_04,267.42,INR,debit_card,27,insufficient_funds,1,4,5,281,2026-07-26T07:38:27.378631,CA,api_integration,False,0.0,0,recovered
TXN_000981,CUST_0542,MERCH_03,29.99,INR,net_banking,495,insufficient_funds,1,0,4,495,2026-07-25T20:45:46.916612,IN,api_integration,True,29.99,0,failed
TXN_000982,CUST_1289,MERCH_07,133.51,GBP,upi,268,limit_exceeded,2,12,5,268,2026-07-31T18:19:45.857239,GB,mobile_app,False,0.0,1,failed
TXN_000983,CUST_0755,MERCH_09,17.03,GBP,wallet,253,bank_declined,1,10,5,253,2026-07-26T09:15:41.859183,GB,mobile_app,False,0.0,0,failed
TXN_000984,CUST_1337,MERCH_04,69.24,GBP,wallet,276,bank_declined,1,17,1,477,2026-08-06T06:00:47.043758,CA,mobile_app,False,0.0,0,failed
TXN_000985,CUST_0450,MERCH_01,94.26,EUR,wallet,724,bank_declined,1,11,3,889,2026-08-22T20:24:02.948111,GB,api_integration,False,0.0,0,recovered
TXN_000986,CUST_0156,MERCH_10,89.54,EUR,debit_card,221,bank_declined,1,4,3,221,2026-08-04T13:47:53.677570,DE,api_integration,False,0.0,0,failed
TXN_000987,CUST_0933,MERCH_03,593.15,USD,wallet,55,authentication_failed,2,0,4,55,2026-08-01T13:50:30.710236,US,api_integration,False,0.0,1,failed
TXN_000988,CUST_0947,MERCH_03,37.47,USD,net_banking,31,unknown,3,5,1,31,2026-08-14T20:38:08.744517,DE,api_integration,False,0.0,2,recovered
TXN_000989,CUST_0893,MERCH_07,183.81,GBP,credit_card,99,insufficient_funds,1,10,1,99,2026-07-29T10:39:10.468252,IN,web_browser,False,0.0,0,recovered
TXN_000990,CUST_0922,MERCH_04,29.99,USD,wallet,348,unknown,2,20,0,348,2026-08-24T04:48:17.842050,US,api_integration,True,29.99,1,failed
TXN_000991,CUST_0864,MERCH_02,9.99,EUR,credit_card,5,invalid_payment_method,1,16,0,5,2026-07-28T15:52:39.165298,IN,mobile_app,True,9.99,0,failed
TXN_000992,CUST_1403,MERCH_10,35.09,GBP,ach,700,insufficient_funds,3,11,0,894,2026-08-07T14:16:46.756263,IN,api_integration,False,0.0,2,failed
TXN_000993,CUST_0404,MERCH_08,99.0,INR,wallet,827,insufficient_funds,1,17,0,827,2026-08-14T08:12:26.908332,DE,mobile_app,True,99.0,0,failed
TXN_000994,CUST_0304,MERCH_08,99.0,GBP,credit_card,466,insufficient_funds,3,19,2,961,2026-08-13T03:33:40.827690,AU,api_integration,True,99.0,2,failed
TXN_000995,CUST_0234,MERCH_06,29.99,GBP,ach,414,insufficient_funds,1,15,1,814,2026-07-26T08:18:03.036669,AU,api_integration,True,29.99,0,failed
TXN_000996,CUST_0302,MERCH_09,199.0,INR,upi,589,bank_declined,1,16,4,589,2026-08-08T10:09:06.104330,GB,mobile_app,True,199.0,0,failed
TXN_000997,CUST_1017,MERCH_04,438.02,GBP,upi,85,expired_card,1,13,3,85,2026-08-07T23:26:43.566560,CA,web_browser,False,0.0,0,failed
TXN_000998,CUST_1500,MERCH_01,271.91,EUR,ach,602,insufficient_funds,2,2,2,914,2026-08-19T14:41:25.780156,US,api_integration,False,0.0,1,failed
TXN_000999,CUST_0157,MERCH_01,77.9,INR,wallet,844,expired_card,2,17,0,844,2026-08-09T13:30:44.730103,GB,api_integration,False,0.0,1,failed
TXN_001000,CUST_0191,MERCH_04,49.99,USD,credit_card,75,invalid_payment_method,2,7,5,328,2026-08-07T16:19:26.187216,CA,mobile_app,True,49.99,1,failed
TXN_001001,CUST_0338,MERCH_05,19.99,INR,debit_card,400,bank_declined,1,10,1,400,2026-08-12T18:07:16.938273,DE,mobile_app,True,19.99,0,abandoned
TXN_001002,CUST_1373,MERCH_05,176.1,USD,net_banking,210,bank_declined,3,20,2,210,2026-08-16T15:14:09.497707,CA,web_browser,False,0.0,2,recovered
TXN_001003,CUST_0669,MERCH_04,48.84,USD,credit_card,713,insufficient_funds,1,12,0,713,2026-08-18T02:58:19.401725,IN,web_browser,False,0.0,0,recovered
TXN_001004,CUST_0236,MERCH_03,64.49,EUR,credit_card,733,invalid_payment_method,2,8,5,733,2026-08-16T05:17:02.608349,US,web_browser,False,0.0,1,failed
TXN_001005,CUST_0513,MERCH_02,286.06,INR,credit_card,481,insufficient_funds,1,16,0,481,2026-07-30T19:44:47.635922,AU,mobile_app,False,0.0,0,failed
TXN_001006,CUST_0595,MERCH_07,74.52,INR,ach,43,bank_declined,2,14,4,788,2026-07-26T13:56:36.391703,GB,mobile_app,False,0.0,1,failed
TXN_001007,CUST_1264,MERCH_01,29.99,INR,upi,359,network_error,1,8,1,359,2026-08-13T01:47:09.791726,DE,mobile_app,True,29.99,0,recovered
TXN_001008,CUST_0561,MERCH_03,37.41,INR,debit_card,452,bank_declined,1,14,0,893,2026-08-08T22:59:00.839062,DE,web_browser,False,0.0,0,failed
TXN_001009,CUST_0216,MERCH_02,15.1,USD,ach,174,authentication_failed,2,0,4,738,2026-08-23T15:49:32.491639,IN,mobile_app,False,0.0,1,failed
TXN_001010,CUST_0880,MERCH_01,14.03,USD,ach,230,expired_card,2,18,0,878,2026-08-08T10:43:35.755047,CA,api_integration,False,0.0,1,failed
TXN_001011,CUST_1420,MERCH_07,178.57,GBP,debit_card,503,expired_card,1,7,5,503,2026-08-05T17:07:58.378080,CA,api_integration,False,0.0,0,abandoned
TXN_001012,CUST_0837,MERCH_04,29.99,EUR,debit_card,264,authentication_failed,1,5,3,264,2026-08-11T20:41:03.463588,US,web_browser,True,29.99,0,recovered
TXN_001013,CUST_0940,MERCH_09,49.99,GBP,net_banking,214,insufficient_funds,1,20,2,214,2026-08-10T23:55:07.732066,CA,web_browser,True,49.99,0,recovered
TXN_001014,CUST_0844,MERCH_06,169.21,EUR,net_banking,223,insufficient_funds,2,16,1,252,2026-07-27T09:01:21.581418,DE,web_browser,False,0.0,1,failed
TXN_001015,CUST_0867,MERCH_05,49.99,GBP,credit_card,464,insufficient_funds,1,3,4,668,2026-08-01T13:52:22.821654,IN,mobile_app,True,49.99,0,recovered
TXN_001016,CUST_0791,MERCH_09,199.0,INR,upi,185,expired_card,1,16,3,185,2026-08-13T05:37:52.241603,AU,api_integration,True,199.0,0,recovered
TXN_001017,CUST_1253,MERCH_03,82.09,GBP,upi,325,network_error,1,6,1,422,2026-08-20T21:30:17.493918,DE,api_integration,False,0.0,0,recovered
TXN_001018,CUST_1186,MERCH_01,20.32,EUR,debit_card,883,insufficient_funds,3,0,0,943,2026-08-22T02:44:19.099724,AU,mobile_app,False,0.0,2,failed
TXN_001019,CUST_0536,MERCH_05,29.99,EUR,credit_card,849,authentication_failed,1,10,4,927,2026-08-19T13:21:07.305577,DE,mobile_app,True,29.99,0,failed
TXN_001020,CUST_0411,MERCH_03,23.91,INR,credit_card,566,limit_exceeded,1,13,1,576,2026-08-16T09:01:50.401526,AU,mobile_app,False,0.0,0,recovered
TXN_001021,CUST_1011,MERCH_02,19.99,EUR,net_banking,175,limit_exceeded,2,15,3,489,2026-07-26T04:23:37.119531,DE,api_integration,True,19.99,1,failed
TXN_001022,CUST_0472,MERCH_08,49.99,INR,wallet,348,invalid_payment_method,4,18,2,907,2026-08-22T17:53:51.213726,GB,api_integration,True,49.99,3,abandoned
TXN_001023,CUST_0906,MERCH_03,499.0,GBP,credit_card,300,invalid_payment_method,2,6,5,329,2026-08-22T07:41:14.753247,DE,api_integration,True,499.0,1,abandoned
TXN_001024,CUST_0955,MERCH_03,290.83,INR,ach,926,insufficient_funds,1,8,4,926,2026-08-19T19:21:11.414674,GB,web_browser,False,0.0,0,failed
TXN_001025,CUST_1019,MERCH_07,11.19,USD,ach,83,bank_declined,1,14,5,83,2026-07-26T11:15:00.907797,DE,mobile_app,False,0.0,0,failed
TXN_001026,CUST_0719,MERCH_07,49.99,GBP,net_banking,277,expired_card,2,1,5,689,2026-07-31T17:18:23.892609,AU,web_browser,True,49.99,1,failed
TXN_001027,CUST_0371,MERCH_06,50.49,EUR,wallet,86,insufficient_funds,1,9,2,86,2026-07-31T15:37:47.594916,US,mobile_app,False,0.0,0,recovered
TXN_001028,CUST_0363,MERCH_02,9.99,USD,ach,586,insufficient_funds,1,2,1,586,2026-08-22T13:12:09.699860,GB,api_integration,True,9.99,0,failed
TXN_001029,CUST_0244,MERCH_03,152.58,INR,debit_card,339,limit_exceeded,2,14,5,895,2026-08-21T03:40:45.184103,AU,mobile_app,False,0.0,1,failed
TXN_001030,CUST_0480,MERCH_02,458.59,GBP,debit_card,52,insufficient_funds,1,7,1,52,2026-08-08T22:25:27.448939,AU,web_browser,False,0.0,0,failed
TXN_001031,CUST_1339,MERCH_03,55.96,INR,wallet,190,bank_declined,1,1,3,190,2026-08-18T21:09:08.915872,DE,mobile_app,False,0.0,0,failed
TXN_001032,CUST_0353,MERCH_02,19.99,EUR,debit_card,405,network_error,2,7,1,405,2026-08-12T10:41:22.784825,CA,web_browser,True,19.99,1,failed
TXN_001033,CUST_0806,MERCH_04,6.05,USD,wallet,166,limit_exceeded,1,8,2,773,2026-08-14T11:41:06.521357,CA,mobile_app,False,0.0,0,failed
TXN_001034,CUST_1480,MERCH_08,199.0,USD,wallet,790,bank_declined,3,10,4,790,2026-08-06T15:35:13.480285,GB,api_integration,True,199.0,2,recovered
TXN_001035,CUST_0753,MERCH_08,208.33,INR,credit_card,501,expired_card,1,15,2,782,2026-08-19T02:30:18.922218,AU,web_browser,False,0.0,0,abandoned
TXN_001036,CUST_0939,MERCH_08,63.82,GBP,net_banking,890,network_error,1,12,3,890,2026-08-02T16:18:23.867600,US,mobile_app,False,0.0,0,failed
TXN_001037,CUST_0748,MERCH_07,29.27,USD,net_banking,177,expired_card,1,13,5,928,2026-08-18T07:16:39.493592,CA,mobile_app,False,0.0,0,abandoned
TXN_001038,CUST_0654,MERCH_06,9.99,GBP,net_banking,850,expired_card,3,5,2,850,2026-08-19T02:44:57.467552,CA,mobile_app,True,9.99,2,failed
TXN_001039,CUST_1098,MERCH_01,493.33,INR,net_banking,489,insufficient_funds,1,10,5,489,2026-07-27T12:22:56.808605,CA,mobile_app,False,0.0,0,failed
TXN_001040,CUST_0730,MERCH_03,154.32,INR,upi,125,bank_declined,1,13,4,125,2026-08-03T01:44:20.687736,DE,web_browser,False,0.0,0,failed
TXN_001041,CUST_0229,MERCH_01,74.31,GBP,upi,240,insufficient_funds,3,10,5,240,2026-07-28T08:15:06.271482,DE,web_browser,False,0.0,2,failed
TXN_001042,CUST_1282,MERCH_06,37.42,INR,net_banking,587,insufficient_funds,3,10,5,587,2026-08-06T12:47:37.245622,DE,web_browser,False,0.0,2,recovered
TXN_001043,CUST_0139,MERCH_06,323.95,EUR,credit_card,84,expired_card,1,4,4,330,2026-07-28T19:16:17.475220,CA,web_browser,False,0.0,0,failed
TXN_001044,CUST_0495,MERCH_05,28.16,GBP,wallet,229,network_error,1,1,3,253,2026-07-31T01:41:29.278738,IN,web_browser,False,0.0,0,failed
TXN_001045,CUST_0755,MERCH_08,144.24,INR,wallet,946,authentication_failed,1,20,1,981,2026-08-02T19:30:08.875774,DE,web_browser,False,0.0,0,failed
TXN_001046,CUST_0608,MERCH_07,185.92,GBP,credit_card,148,network_error,1,9,2,210,2026-08-05T11:53:03.486747,GB,web_browser,False,0.0,0,failed
TXN_001047,CUST_0402,MERCH_08,77.19,GBP,upi,111,insufficient_funds,1,14,2,111,2026-08-03T15:01:42.410562,IN,api_integration,False,0.0,0,failed
TXN_001048,CUST_0363,MERCH_06,9.99,USD,ach,378,insufficient_funds,1,10,4,489,2026-08-13T13:30:28.994022,CA,api_integration,True,9.99,0,recovered
TXN_001049,CUST_0763,MERCH_07,29.99,USD,ach,290,authentication_failed,1,1,5,290,2026-07-29T07:37:58.328160,AU,api_integration,True,29.99,0,failed
TXN_001050,CUST_0370,MERCH_08,9.99,EUR,upi,168,insufficient_funds,2,3,4,168,2026-08-14T00:05:57.498359,US,web_browser,True,9.99,1,failed
TXN_001051,CUST_0803,MERCH_02,81.76,INR,net_banking,406,insufficient_funds,2,13,5,809,2026-08-22T03:04:45.592566,IN,mobile_app,False,0.0,1,failed
TXN_001052,CUST_0634,MERCH_04,9.99,INR,debit_card,54,authentication_failed,2,17,0,54,2026-08-23T12:58:17.129355,IN,mobile_app,True,9.99,1,failed
TXN_001053,CUST_1125,MERCH_06,78.54,GBP,wallet,523,authentication_failed,1,12,0,523,2026-08-03T08:56:54.864226,US,mobile_app,False,0.0,0,failed
TXN_001054,CUST_0509,MERCH_10,19.99,INR,net_banking,358,insufficient_funds,1,15,0,358,2026-08-09T12:57:19.305619,IN,mobile_app,True,19.99,0,recovered
TXN_001055,CUST_1198,MERCH_01,209.54,EUR,debit_card,398,insufficient_funds,1,17,2,524,2026-08-06T14:04:00.829916,GB,web_browser,False,0.0,0,failed
TXN_001056,CUST_0904,MERCH_02,55.4,GBP,credit_card,525,insufficient_funds,2,19,5,688,2026-08-21T10:21:48.318401,AU,mobile_app,False,0.0,1,failed
TXN_001057,CUST_0509,MERCH_10,211.32,EUR,debit_card,311,network_error,1,6,4,838,2026-08-06T00:44:57.768297,DE,mobile_app,False,0.0,0,failed
TXN_001058,CUST_0734,MERCH_01,499.0,GBP,wallet,512,insufficient_funds,2,10,1,512,2026-08-11T01:51:37.916860,IN,web_browser,True,499.0,1,recovered
TXN_001059,CUST_1083,MERCH_09,55.39,USD,upi,110,unknown,3,7,0,632,2026-08-06T05:40:26.901465,US,web_browser,False,0.0,2,recovered
TXN_001060,CUST_1011,MERCH_07,130.94,USD,upi,221,insufficient_funds,1,1,2,221,2026-07-29T12:32:20.283752,CA,api_integration,False,0.0,0,failed
TXN_001061,CUST_0145,MERCH_05,9.99,USD,net_banking,953,insufficient_funds,3,8,3,953,2026-08-18T16:09:08.783996,IN,mobile_app,True,9.99,2,recovered
TXN_001062,CUST_0330,MERCH_02,45.14,INR,debit_card,280,network_error,1,18,5,571,2026-08-10T10:08:14.782679,US,web_browser,False,0.0,0,recovered
TXN_001063,CUST_1488,MERCH_07,9.99,EUR,ach,180,expired_card,1,14,3,180,2026-08-05T02:47:52.460519,GB,api_integration,True,9.99,0,recovered
TXN_001064,CUST_1081,MERCH_04,8.71,GBP,wallet,459,insufficient_funds,2,6,1,707,2026-08-23T11:43:38.068768,AU,web_browser,False,0.0,1,abandoned
TXN_001065,CUST_0574,MERCH_01,72.89,INR,upi,168,authentication_failed,1,14,3,558,2026-08-03T00:42:03.924910,AU,api_integration,False,0.0,0,abandoned
TXN_001066,CUST_0810,MERCH_07,99.0,GBP,upi,300,expired_card,1,14,2,786,2026-07-29T03:11:29.288019,CA,mobile_app,True,99.0,0,recovered
TXN_001067,CUST_1333,MERCH_05,29.99,EUR,wallet,462,invalid_payment_method,1,20,3,462,2026-07-29T02:58:01.147844,AU,mobile_app,True,29.99,0,recovered
TXN_001068,CUST_1326,MERCH_06,155.24,GBP,credit_card,812,bank_declined,1,18,1,836,2026-08-22T08:38:39.818473,DE,api_integration,False,0.0,0,recovered
TXN_001069,CUST_0185,MERCH_09,99.0,GBP,credit_card,169,insufficient_funds,2,17,5,965,2026-08-01T04:24:31.611991,GB,api_integration,True,99.0,1,recovered
TXN_001070,CUST_0864,MERCH_09,116.07,GBP,debit_card,360,network_error,1,7,4,360,2026-08-21T14:52:29.765478,AU,mobile_app,False,0.0,0,recovered
TXN_001071,CUST_0101,MERCH_09,49.99,USD,debit_card,314,insufficient_funds,1,2,5,973,2026-07-31T01:24:25.125510,US,mobile_app,True,49.99,0,failed
TXN_001072,CUST_0163,MERCH_05,19.99,GBP,credit_card,260,insufficient_funds,4,2,0,260,2026-07-27T11:16:34.438537,AU,api_integration,True,19.99,3,abandoned
TXN_001073,CUST_0714,MERCH_06,75.48,USD,net_banking,490,insufficient_funds,1,19,4,942,2026-08-04T10:35:41.395182,GB,web_browser,False,0.0,0,failed
TXN_001074,CUST_0163,MERCH_05,101.25,GBP,credit_card,433,network_error,1,17,0,433,2026-07-27T08:13:05.929877,CA,mobile_app,False,0.0,0,recovered
TXN_001075,CUST_1098,MERCH_02,48.58,EUR,debit_card,733,insufficient_funds,1,7,5,851,2026-08-13T10:02:11.926086,DE,web_browser,False,0.0,0,failed
TXN_001076,CUST_0170,MERCH_06,125.65,USD,wallet,421,bank_declined,1,14,1,629,2026-08-07T00:16:54.769414,CA,mobile_app,False,0.0,0,recovered
TXN_001077,CUST_1128,MERCH_03,53.18,INR,net_banking,50,authentication_failed,1,17,5,742,2026-08-09T07:29:34.743164,GB,mobile_app,False,0.0,0,failed
TXN_001078,CUST_0181,MERCH_05,65.39,INR,net_banking,204,insufficient_funds,1,4,0,204,2026-08-01T13:02:10.160535,US,web_browser,False,0.0,0,failed
TXN_001079,CUST_0474,MERCH_04,306.0,INR,debit_card,456,authentication_failed,2,15,1,731,2026-08-21T07:55:06.980447,IN,api_integration,False,0.0,1,abandoned
TXN_001080,CUST_1339,MERCH_10,49.99,GBP,net_banking,538,expired_card,3,13,0,726,2026-08-08T12:14:12.768112,US,web_browser,True,49.99,2,failed
TXN_001081,CUST_0993,MERCH_09,87.29,INR,credit_card,367,insufficient_funds,1,8,5,367,2026-07-28T14:49:06.359237,US,mobile_app,False,0.0,0,abandoned
TXN_001082,CUST_0276,MERCH_10,199.0,GBP,credit_card,270,insufficient_funds,1,17,2,571,2026-08-05T03:02:52.615497,DE,mobile_app,True,199.0,0,abandoned
TXN_001083,CUST_0575,MERCH_04,29.99,EUR,wallet,62,insufficient_funds,1,12,0,381,2026-08-09T01:51:30.497890,DE,mobile_app,True,29.99,0,failed
TXN_001084,CUST_0721,MERCH_03,385.24,USD,debit_card,487,network_error,1,6,1,680,2026-08-19T15:22:03.960592,AU,mobile_app,False,0.0,0,failed
TXN_001085,CUST_1144,MERCH_03,49.99,INR,upi,169,authentication_failed,1,2,4,169,2026-08-06T01:06:18.392018,CA,mobile_app,True,49.99,0,failed
TXN_001086,CUST_0984,MERCH_01,232.55,GBP,wallet,461,insufficient_funds,2,11,3,461,2026-07-28T14:10:35.504850,DE,web_browser,False,0.0,1,failed
TXN_001087,CUST_1423,MERCH_03,99.0,INR,ach,444,authentication_failed,1,15,0,444,2026-08-22T06:24:47.628240,US,web_browser,True,99.0,0,failed
TXN_001088,CUST_0668,MERCH_07,98.69,GBP,wallet,549,network_error,1,10,2,857,2026-07-30T03:42:15.091656,CA,web_browser,False,0.0,0,abandoned
TXN_001089,CUST_1307,MERCH_09,144.41,USD,upi,346,bank_declined,1,18,1,481,2026-08-14T12:59:25.756101,AU,web_browser,False,0.0,0,failed
TXN_001090,CUST_0655,MERCH_05,113.08,GBP,upi,196,insufficient_funds,1,10,1,580,2026-07-31T01:02:40.862325,GB,api_integration,False,0.0,0,failed
TXN_001091,CUST_0968,MERCH_04,336.84,GBP,wallet,703,insufficient_funds,1,9,1,704,2026-08-15T04:18:03.552448,DE,mobile_app,False,0.0,0,failed
TXN_001092,CUST_0340,MERCH_05,47.56,GBP,ach,188,authentication_failed,1,20,2,188,2026-08-17T10:39:34.855119,GB,api_integration,False,0.0,0,failed
TXN_001093,CUST_1040,MERCH_09,28.73,INR,upi,386,authentication_failed,2,8,0,990,2026-08-24T17:08:22.195866,CA,web_browser,False,0.0,1,abandoned
TXN_001094,CUST_1227,MERCH_10,112.35,GBP,upi,438,expired_card,4,8,0,438,2026-08-10T12:33:14.507128,US,mobile_app,False,0.0,3,failed
TXN_001095,CUST_0470,MERCH_02,219.15,GBP,debit_card,111,unknown,1,1,0,285,2026-08-01T07:10:58.771388,US,api_integration,False,0.0,0,failed
TXN_001096,CUST_1260,MERCH_01,9.99,EUR,wallet,284,insufficient_funds,1,19,5,284,2026-08-06T06:22:07.415804,GB,mobile_app,True,9.99,0,failed
TXN_001097,CUST_0410,MERCH_01,136.6,EUR,net_banking,209,bank_declined,1,5,3,209,2026-08-22T01:51:09.365628,US,mobile_app,False,0.0,0,abandoned
TXN_001098,CUST_0604,MERCH_07,19.99,GBP,wallet,226,expired_card,1,5,1,940,2026-08-04T16:19:20.037730,DE,web_browser,True,19.99,0,failed
TXN_001099,CUST_1013,MERCH_04,9.99,GBP,credit_card,454,network_error,1,13,5,455,2026-07-30T07:09:15.581812,DE,web_browser,True,9.99,0,recovered
TXN_001100,CUST_0520,MERCH_08,238.8,EUR,debit_card,512,authentication_failed,1,10,0,512,2026-08-06T14:49:59.829182,AU,mobile_app,False,0.0,0,recovered
TXN_001101,CUST_1330,MERCH_07,499.0,GBP,wallet,362,expired_card,1,6,2,362,2026-07-28T20:41:43.565242,CA,mobile_app,True,499.0,0,recovered
TXN_001102,CUST_1253,MERCH_04,184.39,GBP,net_banking,354,expired_card,1,0,3,586,2026-08-11T17:24:17.864328,US,web_browser,False,0.0,0,failed
TXN_001103,CUST_0622,MERCH_06,29.99,INR,credit_card,162,expired_card,1,8,3,162,2026-08-09T07:10:51.349811,CA,web_browser,True,29.99,0,failed
TXN_001104,CUST_0198,MERCH_04,199.0,GBP,debit_card,567,limit_exceeded,1,2,4,713,2026-07-27T20:32:14.632649,GB,mobile_app,True,199.0,0,failed
TXN_001105,CUST_0992,MERCH_05,19.99,INR,upi,69,expired_card,3,5,4,69,2026-08-07T15:16:12.754978,DE,web_browser,True,19.99,2,recovered
TXN_001106,CUST_0966,MERCH_03,9.99,INR,wallet,79,network_error,1,6,4,730,2026-07-31T07:07:28.436877,US,web_browser,True,9.99,0,failed
TXN_001107,CUST_1233,MERCH_06,34.57,USD,wallet,9,authentication_failed,1,5,1,806,2026-08-16T15:26:08.648388,DE,mobile_app,False,0.0,0,failed
TXN_001108,CUST_0906,MERCH_03,9.99,INR,net_banking,624,expired_card,2,4,1,883,2026-08-16T10:26:23.691783,IN,api_integration,True,9.99,1,failed
TXN_001109,CUST_0325,MERCH_04,199.0,GBP,wallet,140,authentication_failed,1,1,0,387,2026-07-31T20:24:28.620775,DE,api_integration,True,199.0,0,failed
TXN_001110,CUST_0927,MERCH_09,495.94,GBP,debit_card,592,invalid_payment_method,2,11,4,592,2026-08-17T06:29:13.706196,DE,web_browser,False,0.0,1,failed
TXN_001111,CUST_0358,MERCH_01,9.99,USD,upi,119,authentication_failed,3,11,2,119,2026-08-15T19:52:06.540594,CA,mobile_app,True,9.99,2,failed
TXN_001112,CUST_0132,MERCH_04,228.8,INR,debit_card,777,bank_declined,2,14,4,810,2026-08-15T18:06:06.198054,US,mobile_app,False,0.0,1,recovered
TXN_001113,CUST_0999,MERCH_05,81.43,USD,upi,134,bank_declined,1,11,1,475,2026-07-27T09:13:26.135440,GB,mobile_app,False,0.0,0,failed
TXN_001114,CUST_0817,MERCH_08,332.12,GBP,credit_card,302,limit_exceeded,2,2,4,302,2026-08-23T14:19:04.576638,GB,web_browser,False,0.0,1,failed
TXN_001115,CUST_0496,MERCH_05,32.22,EUR,credit_card,576,unknown,1,4,5,729,2026-08-18T06:03:13.678593,CA,web_browser,False,0.0,0,failed
TXN_001116,CUST_0784,MERCH_10,68.91,GBP,wallet,530,insufficient_funds,1,11,0,821,2026-08-02T01:27:09.818872,US,api_integration,False,0.0,0,recovered
TXN_001117,CUST_1222,MERCH_10,15.45,INR,debit_card,677,invalid_payment_method,1,12,2,677,2026-08-16T19:12:07.070349,US,api_integration,False,0.0,0,recovered
TXN_001118,CUST_0886,MERCH_05,42.31,INR,net_banking,200,insufficient_funds,1,0,1,200,2026-07-31T00:54:36.460580,DE,api_integration,False,0.0,0,failed
TXN_001119,CUST_0622,MERCH_04,9.99,INR,ach,495,insufficient_funds,2,1,2,745,2026-07-28T08:41:11.340377,CA,mobile_app,True,9.99,1,failed
TXN_001120,CUST_0263,MERCH_08,148.88,EUR,wallet,572,unknown,1,15,2,591,2026-08-02T13:14:43.831986,IN,api_integration,False,0.0,0,abandoned
TXN_001121,CUST_1496,MERCH_10,177.14,EUR,net_banking,23,network_error,1,7,1,835,2026-07-27T14:49:43.049664,AU,web_browser,False,0.0,0,failed
TXN_001122,CUST_0205,MERCH_10,247.68,INR,credit_card,229,insufficient_funds,2,4,4,229,2026-08-17T08:25:29.878479,AU,api_integration,False,0.0,1,recovered
TXN_001123,CUST_1135,MERCH_06,208.52,USD,upi,84,expired_card,1,10,2,84,2026-07-27T23:07:45.169440,US,web_browser,False,0.0,0,failed
TXN_001124,CUST_0931,MERCH_07,49.99,GBP,net_banking,380,expired_card,1,0,2,961,2026-07-29T10:37:23.403521,DE,mobile_app,True,49.99,0,failed
TXN_001125,CUST_0930,MERCH_07,29.99,USD,credit_card,164,insufficient_funds,1,5,2,164,2026-08-22T07:49:38.361990,AU,mobile_app,True,29.99,0,failed
TXN_001126,CUST_0407,MERCH_09,106.78,EUR,ach,3,insufficient_funds,1,20,1,53,2026-08-16T01:41:45.690328,AU,api_integration,False,0.0,0,failed
TXN_001127,CUST_0831,MERCH_10,9.99,USD,debit_card,40,insufficient_funds,4,9,2,103,2026-07-26T04:05:50.357936,IN,web_browser,True,9.99,3,failed
TXN_001128,CUST_1104,MERCH_02,139.98,EUR,debit_card,628,authentication_failed,1,16,0,852,2026-08-06T15:06:40.729558,AU,api_integration,False,0.0,0,failed
TXN_001129,CUST_1154,MERCH_02,144.89,EUR,wallet,347,bank_declined,2,1,3,873,2026-07-31T12:10:39.082689,GB,web_browser,False,0.0,1,recovered
TXN_001130,CUST_1438,MERCH_07,251.73,USD,credit_card,216,insufficient_funds,1,9,5,335,2026-08-20T03:44:57.299811,DE,mobile_app,False,0.0,0,failed
TXN_001131,CUST_0402,MERCH_02,25.22,USD,ach,328,bank_declined,1,9,2,705,2026-08-11T18:05:38.101434,AU,api_integration,False,0.0,0,recovered
TXN_001132,CUST_1230,MERCH_10,420.74,USD,upi,35,insufficient_funds,1,15,5,35,2026-08-22T19:56:17.583762,CA,mobile_app,False,0.0,0,failed
TXN_001133,CUST_1119,MERCH_08,514.67,EUR,wallet,137,network_error,1,10,3,137,2026-08-12T03:26:34.264890,AU,mobile_app,False,0.0,0,abandoned
TXN_001134,CUST_0115,MERCH_03,85.63,EUR,debit_card,44,expired_card,1,10,1,44,2026-08-09T22:53:00.579158,AU,mobile_app,False,0.0,0,failed
TXN_001135,CUST_0955,MERCH_01,199.0,INR,debit_card,346,expired_card,1,10,4,382,2026-07-31T02:03:38.113403,IN,web_browser,True,199.0,0,failed
TXN_001136,CUST_1493,MERCH_09,118.53,USD,net_banking,627,limit_exceeded,1,18,4,949,2026-08-02T21:02:57.892337,AU,api_integration,False,0.0,0,recovered
TXN_001137,CUST_1220,MERCH_05,866.23,GBP,net_banking,19,expired_card,1,9,2,19,2026-08-22T22:16:58.254680,DE,api_integration,False,0.0,0,abandoned
TXN_001138,CUST_0572,MERCH_06,42.83,USD,wallet,235,insufficient_funds,2,20,0,837,2026-08-12T23:15:57.201181,IN,mobile_app,False,0.0,1,failed
TXN_001139,CUST_0554,MERCH_08,49.99,GBP,credit_card,822,insufficient_funds,1,1,0,822,2026-08-08T10:01:58.978594,DE,api_integration,True,49.99,0,recovered
TXN_001140,CUST_1410,MERCH_05,168.29,GBP,wallet,547,expired_card,1,18,1,547,2026-07-30T03:48:30.940147,AU,web_browser,False,0.0,0,recovered
TXN_001141,CUST_0462,MERCH_09,38.52,EUR,debit_card,252,bank_declined,3,2,2,663,2026-08-20T21:59:33.606542,AU,web_browser,False,0.0,2,failed
TXN_001142,CUST_1475,MERCH_05,31.49,USD,credit_card,100,expired_card,3,5,2,100,2026-08-08T13:04:32.255821,IN,mobile_app,False,0.0,2,failed
TXN_001143,CUST_0106,MERCH_04,499.0,GBP,wallet,117,network_error,1,8,1,117,2026-08-01T20:02:53.569039,US,web_browser,True,499.0,0,failed
TXN_001144,CUST_1468,MERCH_10,235.91,USD,wallet,181,expired_card,2,2,2,181,2026-08-17T07:19:04.198855,US,mobile_app,False,0.0,1,failed
TXN_001145,CUST_0432,MERCH_03,31.21,GBP,net_banking,491,network_error,2,17,1,491,2026-08-14T14:35:43.165885,US,api_integration,False,0.0,1,failed
TXN_001146,CUST_0924,MERCH_04,19.99,GBP,wallet,715,authentication_failed,1,15,4,766,2026-08-18T00:15:11.793007,CA,web_browser,True,19.99,0,abandoned
TXN_001147,CUST_0759,MERCH_06,9.99,EUR,net_banking,364,insufficient_funds,1,6,0,585,2026-08-13T15:18:06.459610,AU,mobile_app,True,9.99,0,recovered
TXN_001148,CUST_0745,MERCH_08,19.99,EUR,credit_card,575,network_error,1,19,4,575,2026-08-09T23:36:43.937945,DE,mobile_app,True,19.99,0,failed
TXN_001149,CUST_1406,MERCH_06,29.99,INR,ach,40,authentication_failed,1,13,2,40,2026-08-04T20:53:05.666379,GB,web_browser,True,29.99,0,abandoned
TXN_001150,CUST_0413,MERCH_05,289.31,EUR,upi,77,unknown,1,16,2,77,2026-08-24T03:07:35.500701,IN,api_integration,False,0.0,0,failed
TXN_001151,CUST_0290,MERCH_03,143.54,INR,wallet,98,network_error,1,11,0,98,2026-07-29T03:55:34.562142,IN,api_integration,False,0.0,0,failed
TXN_001152,CUST_0261,MERCH_04,29.99,EUR,wallet,880,insufficient_funds,1,17,4,935,2026-07-27T18:14:03.419984,AU,web_browser,True,29.99,0,recovered
TXN_001153,CUST_0305,MERCH_07,29.99,USD,credit_card,342,limit_exceeded,1,13,0,674,2026-08-22T18:00:00.369046,CA,mobile_app,True,29.99,0,failed
TXN_001154,CUST_1060,MERCH_06,122.12,USD,ach,814,insufficient_funds,1,18,4,917,2026-08-19T06:13:01.012063,US,web_browser,False,0.0,0,failed
TXN_001155,CUST_0547,MERCH_03,199.0,INR,net_banking,6,invalid_payment_method,2,16,1,418,2026-08-07T12:19:54.445639,DE,mobile_app,True,199.0,1,recovered
TXN_001156,CUST_0221,MERCH_07,99.0,EUR,upi,300,bank_declined,1,6,4,300,2026-08-12T11:13:17.923657,IN,api_integration,True,99.0,0,abandoned
TXN_001157,CUST_0355,MERCH_07,161.76,USD,ach,196,expired_card,2,3,3,605,2026-08-07T12:23:08.148236,IN,mobile_app,False,0.0,1,recovered
TXN_001158,CUST_0182,MERCH_04,199.0,USD,ach,137,insufficient_funds,4,2,5,405,2026-07-27T00:49:10.341247,IN,api_integration,True,199.0,3,abandoned
TXN_001159,CUST_0326,MERCH_01,21.97,GBP,net_banking,664,insufficient_funds,2,4,1,742,2026-08-15T01:26:37.012555,AU,api_integration,False,0.0,1,recovered
TXN_001160,CUST_1493,MERCH_05,168.2,INR,net_banking,362,network_error,1,4,1,399,2026-07-27T09:54:54.813939,CA,web_browser,False,0.0,0,recovered
TXN_001161,CUST_0995,MERCH_01,5.46,EUR,debit_card,470,expired_card,1,1,0,767,2026-08-21T12:00:09.490283,GB,web_browser,False,0.0,0,failed
TXN_001162,CUST_0462,MERCH_07,49.99,EUR,net_banking,466,network_error,1,16,0,601,2026-08-11T08:00:33.793175,CA,web_browser,True,49.99,0,recovered
TXN_001163,CUST_0428,MERCH_08,49.99,INR,credit_card,498,limit_exceeded,1,0,1,661,2026-08-08T06:17:20.821201,GB,api_integration,True,49.99,0,abandoned
TXN_001164,CUST_0859,MERCH_09,180.63,INR,upi,414,insufficient_funds,1,16,2,765,2026-07-29T06:31:03.852027,GB,mobile_app,False,0.0,0,failed
TXN_001165,CUST_1468,MERCH_09,133.14,GBP,wallet,509,invalid_payment_method,1,5,5,509,2026-08-14T23:48:46.781175,GB,mobile_app,False,0.0,0,abandoned
TXN_001166,CUST_1085,MERCH_04,9.99,EUR,credit_card,713,bank_declined,1,13,2,713,2026-08-12T18:07:30.056475,CA,web_browser,True,9.99,0,failed
TXN_001167,CUST_1379,MERCH_04,29.99,USD,ach,483,insufficient_funds,1,10,2,483,2026-08-17T23:39:29.848037,US,mobile_app,True,29.99,0,failed
TXN_001168,CUST_1257,MERCH_03,49.99,GBP,ach,423,network_error,4,6,3,423,2026-08-21T17:37:07.717817,IN,mobile_app,True,49.99,3,failed
TXN_001169,CUST_0539,MERCH_04,20.28,USD,upi,124,insufficient_funds,1,18,3,124,2026-07-29T00:32:48.495094,IN,api_integration,False,0.0,0,recovered
TXN_001170,CUST_0343,MERCH_02,239.88,USD,net_banking,46,authentication_failed,2,20,1,46,2026-08-05T02:18:12.020924,IN,web_browser,False,0.0,1,failed
TXN_001171,CUST_0777,MERCH_02,99.0,INR,credit_card,1,authentication_failed,2,18,2,1,2026-08-02T05:10:15.880259,AU,mobile_app,True,99.0,1,abandoned
TXN_001172,CUST_1384,MERCH_10,199.0,INR,debit_card,240,insufficient_funds,1,5,1,240,2026-07-30T23:56:03.913586,GB,web_browser,True,199.0,0,failed
TXN_001173,CUST_0225,MERCH_08,99.0,EUR,ach,742,insufficient_funds,1,3,5,935,2026-07-29T09:51:34.914023,CA,mobile_app,True,99.0,0,recovered
TXN_001174,CUST_0229,MERCH_03,76.24,INR,debit_card,180,insufficient_funds,2,1,4,180,2026-08-22T06:25:27.423391,US,mobile_app,False,0.0,1,failed
TXN_001175,CUST_0950,MERCH_02,44.06,EUR,net_banking,533,network_error,1,8,5,533,2026-07-27T07:36:37.114989,IN,api_integration,False,0.0,0,recovered
TXN_001176,CUST_1191,MERCH_10,49.99,USD,debit_card,286,expired_card,1,19,3,286,2026-08-02T19:30:23.188972,CA,web_browser,True,49.99,0,failed
TXN_001177,CUST_0869,MERCH_09,398.1,USD,wallet,130,limit_exceeded,1,3,5,130,2026-08-08T19:23:38.167611,CA,web_browser,False,0.0,0,recovered
TXN_001178,CUST_1430,MERCH_10,205.69,USD,debit_card,552,insufficient_funds,1,16,1,552,2026-07-28T13:49:16.888220,DE,api_integration,False,0.0,0,failed
TXN_001179,CUST_0271,MERCH_06,120.69,INR,debit_card,140,insufficient_funds,1,10,4,140,2026-07-30T07:24:00.287475,IN,api_integration,False,0.0,0,failed
TXN_001180,CUST_1403,MERCH_02,28.99,EUR,upi,560,expired_card,1,13,5,650,2026-08-10T23:41:24.455721,US,mobile_app,False,0.0,0,recovered
TXN_001181,CUST_0123,MERCH_01,181.11,USD,ach,169,network_error,2,0,0,331,2026-08-07T05:44:41.498154,IN,web_browser,False,0.0,1,recovered
TXN_001182,CUST_0301,MERCH_08,161.43,GBP,ach,620,insufficient_funds,1,20,5,992,2026-08-14T05:07:27.433615,US,api_integration,False,0.0,0,failed
TXN_001183,CUST_1422,MERCH_05,50.33,USD,debit_card,591,insufficient_funds,1,4,4,685,2026-08-09T03:32:37.431634,IN,web_browser,False,0.0,0,failed
TXN_001184,CUST_1126,MERCH_10,29.99,EUR,debit_card,446,expired_card,1,1,4,446,2026-08-24T17:28:44.110598,CA,web_browser,True,29.99,0,failed
TXN_001185,CUST_1403,MERCH_06,29.99,EUR,wallet,154,bank_declined,1,8,4,154,2026-08-12T10:11:33.483295,IN,web_browser,True,29.99,0,failed
TXN_001186,CUST_0856,MERCH_01,60.69,GBP,debit_card,43,insufficient_funds,1,18,3,748,2026-08-10T17:18:16.557924,IN,web_browser,False,0.0,0,failed
TXN_001187,CUST_1333,MERCH_10,97.43,USD,upi,652,expired_card,4,0,4,798,2026-08-21T00:57:07.313115,US,mobile_app,False,0.0,3,failed
TXN_001188,CUST_0902,MERCH_05,24.9,INR,wallet,6,authentication_failed,1,16,5,6,2026-07-30T02:34:34.368006,CA,web_browser,False,0.0,0,failed
TXN_001189,CUST_0609,MERCH_09,49.99,INR,ach,66,bank_declined,1,6,4,664,2026-08-04T14:59:56.090307,CA,api_integration,True,49.99,0,failed
TXN_001190,CUST_1488,MERCH_05,33.11,INR,upi,163,authentication_failed,1,9,3,305,2026-08-02T02:54:06.857466,AU,api_integration,False,0.0,0,recovered
TXN_001191,CUST_1182,MERCH_07,9.99,GBP,debit_card,474,insufficient_funds,1,8,0,474,2026-07-27T10:51:35.857011,GB,web_browser,True,9.99,0,failed
TXN_001192,CUST_0695,MERCH_01,49.99,USD,ach,557,network_error,1,11,2,557,2026-07-29T20:26:27.701547,US,web_browser,True,49.99,0,failed
TXN_001193,CUST_0872,MERCH_05,240.6,INR,ach,835,network_error,1,16,4,984,2026-08-24T03:17:58.131494,US,web_browser,False,0.0,0,abandoned
TXN_001194,CUST_0594,MERCH_09,109.26,EUR,credit_card,743,insufficient_funds,1,8,2,743,2026-08-03T21:35:02.288232,GB,api_integration,False,0.0,0,recovered
TXN_001195,CUST_1408,MERCH_01,45.93,USD,net_banking,199,limit_exceeded,1,6,2,199,2026-07-29T07:28:26.520341,AU,mobile_app,False,0.0,0,failed
TXN_001196,CUST_0389,MERCH_02,9.99,INR,debit_card,478,bank_declined,3,14,4,478,2026-08-23T08:41:54.445506,DE,mobile_app,True,9.99,2,failed
TXN_001197,CUST_1392,MERCH_04,41.65,USD,wallet,41,expired_card,1,10,1,41,2026-08-22T12:10:26.056814,DE,web_browser,False,0.0,0,failed
TXN_001198,CUST_0770,MERCH_07,49.99,INR,credit_card,738,invalid_payment_method,1,13,4,738,2026-07-28T11:17:41.160424,US,api_integration,True,49.99,0,failed
TXN_001199,CUST_0318,MERCH_06,22.82,GBP,upi,14,insufficient_funds,1,19,4,947,2026-08-10T15:30:07.643745,AU,web_browser,False,0.0,0,failed
TXN_001200,CUST_1320,MERCH_02,362.79,USD,credit_card,219,limit_exceeded,1,19,5,219,2026-08-20T19:04:40.512379,GB,api_integration,False,0.0,0,recovered
TXN_001201,CUST_0245,MERCH_02,157.95,USD,wallet,232,authentication_failed,1,3,4,300,2026-08-14T12:36:05.580540,IN,web_browser,False,0.0,0,failed
TXN_001202,CUST_0498,MERCH_03,30.74,USD,credit_card,76,insufficient_funds,1,19,4,152,2026-08-14T16:23:06.217791,GB,mobile_app,False,0.0,0,failed
TXN_001203,CUST_0702,MERCH_03,120.21,GBP,net_banking,22,invalid_payment_method,2,1,2,646,2026-08-10T01:01:49.153885,CA,api_integration,False,0.0,1,failed
TXN_001204,CUST_0194,MERCH_09,20.14,INR,upi,44,bank_declined,3,13,0,962,2026-08-23T03:37:04.925214,CA,web_browser,False,0.0,2,recovered
TXN_001205,CUST_1344,MERCH_02,49.99,INR,upi,329,insufficient_funds,2,14,0,329,2026-08-19T13:08:35.317981,GB,web_browser,True,49.99,1,failed
TXN_001206,CUST_0206,MERCH_07,124.87,INR,wallet,642,expired_card,1,3,3,642,2026-08-05T11:46:01.944402,IN,api_integration,False,0.0,0,recovered
TXN_001207,CUST_0640,MERCH_05,500.05,EUR,debit_card,6,insufficient_funds,1,9,4,6,2026-08-18T23:46:51.804417,CA,api_integration,False,0.0,0,failed
TXN_001208,CUST_1226,MERCH_09,49.99,GBP,ach,384,insufficient_funds,2,7,5,384,2026-08-04T19:17:58.663288,AU,mobile_app,True,49.99,1,failed
TXN_001209,CUST_1340,MERCH_01,73.89,EUR,wallet,293,authentication_failed,1,2,2,293,2026-07-25T22:55:45.353912,IN,web_browser,False,0.0,0,failed
TXN_001210,CUST_1324,MERCH_10,433.63,GBP,credit_card,385,expired_card,3,19,4,828,2026-07-30T21:46:16.748457,DE,web_browser,False,0.0,2,recovered
TXN_001211,CUST_0397,MERCH_09,134.87,EUR,wallet,151,authentication_failed,1,18,1,151,2026-08-01T15:30:46.990507,DE,mobile_app,False,0.0,0,failed
TXN_001212,CUST_0458,MERCH_04,19.99,USD,net_banking,145,network_error,2,7,2,800,2026-08-07T21:31:44.244662,DE,api_integration,True,19.99,1,failed
TXN_001213,CUST_0147,MERCH_09,30.26,EUR,wallet,914,authentication_failed,1,14,3,996,2026-08-02T08:05:14.174041,AU,mobile_app,False,0.0,0,failed
TXN_001214,CUST_1164,MERCH_10,29.99,USD,upi,250,bank_declined,3,19,2,666,2026-08-05T02:19:50.089768,US,web_browser,True,29.99,2,failed
TXN_001215,CUST_0934,MERCH_02,199.0,EUR,wallet,31,authentication_failed,2,13,2,31,2026-08-12T15:02:44.942203,AU,mobile_app,True,199.0,1,recovered
TXN_001216,CUST_0989,MERCH_05,499.0,GBP,net_banking,353,authentication_failed,1,18,3,353,2026-08-18T07:32:16.842042,US,api_integration,True,499.0,0,abandoned
TXN_001217,CUST_0398,MERCH_04,61.46,EUR,wallet,197,insufficient_funds,2,3,2,864,2026-08-20T08:15:39.209930,GB,api_integration,False,0.0,1,failed
TXN_001218,CUST_0183,MERCH_01,49.99,GBP,credit_card,684,bank_declined,1,0,0,684,2026-07-28T14:17:53.172366,US,mobile_app,True,49.99,0,recovered
TXN_001219,CUST_0892,MERCH_09,9.99,USD,net_banking,343,insufficient_funds,4,6,4,343,2026-08-23T08:59:47.857961,DE,mobile_app,True,9.99,3,failed
TXN_001220,CUST_1353,MERCH_05,29.99,INR,wallet,56,authentication_failed,1,2,5,330,2026-07-29T22:17:27.013787,CA,api_integration,True,29.99,0,recovered
TXN_001221,CUST_0942,MERCH_03,199.0,GBP,debit_card,18,expired_card,3,20,2,277,2026-08-06T20:23:22.695619,US,api_integration,True,199.0,2,failed
TXN_001222,CUST_1019,MERCH_03,82.43,GBP,ach,141,network_error,1,4,4,141,2026-08-02T10:32:40.836216,AU,web_browser,False,0.0,0,recovered
TXN_001223,CUST_0887,MERCH_01,99.0,EUR,credit_card,788,bank_declined,1,19,0,788,2026-08-09T02:16:38.007356,IN,mobile_app,True,99.0,0,failed
TXN_001224,CUST_0515,MERCH_08,9.99,USD,net_banking,733,invalid_payment_method,1,10,2,733,2026-07-26T23:39:26.393989,DE,mobile_app,True,9.99,0,failed
TXN_001225,CUST_1050,MERCH_01,499.0,GBP,debit_card,81,unknown,1,5,5,105,2026-08-21T10:24:58.703915,DE,api_integration,True,499.0,0,failed
TXN_001226,CUST_0750,MERCH_03,107.7,EUR,upi,125,authentication_failed,1,11,3,125,2026-08-04T18:41:14.763165,GB,api_integration,False,0.0,0,failed
TXN_001227,CUST_0200,MERCH_03,63.52,EUR,credit_card,45,insufficient_funds,4,12,2,523,2026-08-11T21:05:58.432463,IN,web_browser,False,0.0,3,failed
TXN_001228,CUST_0519,MERCH_05,49.99,INR,credit_card,475,expired_card,2,3,1,927,2026-08-09T09:54:05.169626,US,mobile_app,True,49.99,1,failed
TXN_001229,CUST_1408,MERCH_02,342.02,EUR,ach,199,authentication_failed,1,5,0,644,2026-08-12T05:13:43.279987,CA,api_integration,False,0.0,0,abandoned
TXN_001230,CUST_1342,MERCH_08,499.0,EUR,net_banking,249,expired_card,1,7,4,249,2026-08-08T12:13:02.471435,US,web_browser,True,499.0,0,failed
TXN_001231,CUST_0568,MERCH_10,486.96,GBP,net_banking,652,insufficient_funds,1,18,4,737,2026-07-25T23:34:27.024064,AU,mobile_app,False,0.0,0,recovered
TXN_001232,CUST_0924,MERCH_08,49.99,INR,debit_card,374,authentication_failed,1,4,0,374,2026-08-22T06:45:57.944263,IN,api_integration,True,49.99,0,failed
TXN_001233,CUST_0815,MERCH_06,31.01,EUR,net_banking,344,unknown,1,11,0,796,2026-08-21T15:58:23.860583,DE,mobile_app,False,0.0,0,failed
TXN_001234,CUST_0249,MERCH_09,225.51,USD,wallet,336,insufficient_funds,1,18,1,336,2026-08-06T23:44:51.511125,DE,api_integration,False,0.0,0,failed
TXN_001235,CUST_1496,MERCH_05,49.99,USD,upi,560,authentication_failed,3,17,2,803,2026-08-21T00:09:17.328746,US,api_integration,True,49.99,2,abandoned
TXN_001236,CUST_0570,MERCH_09,558.39,USD,ach,299,authentication_failed,1,8,4,993,2026-08-06T15:31:18.223290,US,web_browser,False,0.0,0,failed
TXN_001237,CUST_0810,MERCH_08,123.35,GBP,net_banking,452,expired_card,1,1,5,671,2026-08-17T18:06:45.821322,CA,web_browser,False,0.0,0,abandoned
TXN_001238,CUST_0501,MERCH_09,36.01,GBP,net_banking,390,invalid_payment_method,1,14,2,390,2026-08-03T05:35:20.842875,DE,api_integration,False,0.0,0,recovered
TXN_001239,CUST_1108,MERCH_07,29.36,INR,net_banking,510,authentication_failed,2,13,4,510,2026-08-20T22:16:24.243746,AU,mobile_app,False,0.0,1,recovered
TXN_001240,CUST_1417,MERCH_09,176.65,USD,ach,641,insufficient_funds,2,20,1,699,2026-08-03T22:47:59.433986,GB,web_browser,False,0.0,1,failed
TXN_001241,CUST_0880,MERCH_10,178.57,EUR,upi,128,authentication_failed,1,0,5,128,2026-08-01T11:08:10.911054,GB,web_browser,False,0.0,0,failed
TXN_001242,CUST_0473,MERCH_09,97.62,INR,ach,835,expired_card,1,4,2,847,2026-08-17T09:56:46.588656,DE,api_integration,False,0.0,0,failed
TXN_001243,CUST_1279,MERCH_05,271.07,INR,upi,924,insufficient_funds,3,6,4,984,2026-08-14T14:35:29.445690,US,api_integration,False,0.0,2,abandoned
TXN_001244,CUST_1493,MERCH_06,99.0,GBP,wallet,936,bank_declined,1,15,1,936,2026-08-07T13:13:46.416050,IN,api_integration,True,99.0,0,failed
TXN_001245,CUST_0555,MERCH_06,145.45,EUR,credit_card,882,bank_declined,1,3,1,882,2026-08-13T01:51:09.651098,AU,web_browser,False,0.0,0,failed
TXN_001246,CUST_1162,MERCH_05,453.1,INR,credit_card,329,authentication_failed,1,0,4,329,2026-07-31T01:40:23.943259,IN,web_browser,False,0.0,0,recovered
TXN_001247,CUST_1386,MERCH_10,199.0,USD,debit_card,853,limit_exceeded,1,18,0,949,2026-08-10T06:52:49.969676,DE,api_integration,True,199.0,0,failed
TXN_001248,CUST_0783,MERCH_10,29.99,EUR,upi,216,network_error,1,2,2,216,2026-08-11T04:53:22.508360,IN,mobile_app,True,29.99,0,failed
TXN_001249,CUST_0543,MERCH_03,149.89,GBP,net_banking,746,insufficient_funds,4,13,3,746,2026-08-17T16:02:53.220636,GB,mobile_app,False,0.0,3,failed
TXN_001250,CUST_0132,MERCH_10,462.78,INR,net_banking,291,insufficient_funds,2,20,0,291,2026-08-01T12:36:31.782997,CA,api_integration,False,0.0,1,failed
TXN_001251,CUST_1183,MERCH_02,139.38,INR,debit_card,751,expired_card,1,1,4,751,2026-08-16T15:54:27.264340,DE,api_integration,False,0.0,0,failed
TXN_001252,CUST_1242,MERCH_06,31.65,EUR,wallet,829,insufficient_funds,2,10,4,829,2026-08-23T01:28:17.423812,DE,web_browser,False,0.0,1,failed
TXN_001253,CUST_1021,MERCH_09,54.18,EUR,wallet,346,network_error,1,4,3,724,2026-07-29T00:29:51.671655,AU,web_browser,False,0.0,0,abandoned
TXN_001254,CUST_1304,MERCH_07,243.89,USD,ach,183,insufficient_funds,1,19,2,183,2026-07-28T12:01:55.388144,CA,web_browser,False,0.0,0,abandoned
TXN_001255,CUST_0152,MERCH_03,9.99,INR,debit_card,236,insufficient_funds,1,9,2,655,2026-08-22T15:07:12.207305,AU,mobile_app,True,9.99,0,recovered
TXN_001256,CUST_0767,MERCH_06,19.99,INR,ach,35,insufficient_funds,1,10,3,35,2026-08-08T03:33:13.904892,US,web_browser,True,19.99,0,recovered
TXN_001257,CUST_0721,MERCH_05,116.6,INR,net_banking,503,expired_card,1,18,4,734,2026-08-04T02:30:02.976815,CA,api_integration,False,0.0,0,abandoned
TXN_001258,CUST_1003,MERCH_05,84.98,EUR,debit_card,528,bank_declined,4,4,2,867,2026-07-28T05:43:47.259044,US,api_integration,False,0.0,3,failed
TXN_001259,CUST_0547,MERCH_03,122.58,USD,ach,65,network_error,1,4,1,857,2026-07-29T10:56:28.443451,GB,api_integration,False,0.0,0,recovered
TXN_001260,CUST_0289,MERCH_01,206.08,EUR,credit_card,269,limit_exceeded,1,16,1,426,2026-08-08T05:34:10.644348,DE,mobile_app,False,0.0,0,failed
TXN_001261,CUST_1065,MERCH_07,188.71,EUR,wallet,359,bank_declined,1,5,1,922,2026-08-02T09:51:03.591807,AU,web_browser,False,0.0,0,failed
TXN_001262,CUST_1090,MERCH_03,30.22,GBP,net_banking,146,authentication_failed,1,1,2,146,2026-07-30T04:03:50.224532,AU,api_integration,False,0.0,0,recovered
TXN_001263,CUST_0593,MERCH_02,13.18,GBP,ach,481,network_error,1,14,0,661,2026-08-18T08:39:49.091285,AU,mobile_app,False,0.0,0,failed
TXN_001264,CUST_1256,MERCH_10,499.0,GBP,debit_card,159,invalid_payment_method,1,10,1,177,2026-08-06T08:53:25.152338,US,api_integration,True,499.0,0,failed
TXN_001265,CUST_0974,MERCH_06,293.49,EUR,ach,564,insufficient_funds,1,9,1,567,2026-08-15T01:27:00.595370,IN,api_integration,False,0.0,0,recovered
TXN_001266,CUST_1206,MERCH_04,126.77,INR,debit_card,501,insufficient_funds,1,13,0,501,2026-07-29T08:10:30.529553,CA,web_browser,False,0.0,0,recovered
TXN_001267,CUST_0606,MERCH_01,65.66,GBP,credit_card,626,network_error,2,18,3,626,2026-08-11T09:49:15.262965,IN,api_integration,False,0.0,1,failed
TXN_001268,CUST_0457,MERCH_08,19.99,USD,debit_card,611,insufficient_funds,1,7,5,923,2026-08-09T21:11:47.678747,CA,api_integration,True,19.99,0,failed
TXN_001269,CUST_0769,MERCH_03,458.11,INR,upi,134,invalid_payment_method,1,16,1,134,2026-07-26T15:41:14.323788,CA,api_integration,False,0.0,0,recovered
TXN_001270,CUST_0211,MERCH_09,19.99,GBP,wallet,568,insufficient_funds,1,1,2,780,2026-08-04T05:37:46.531185,DE,api_integration,True,19.99,0,recovered
TXN_001271,CUST_1265,MERCH_08,177.61,USD,credit_card,366,bank_declined,1,11,5,527,2026-08-12T23:36:07.007806,IN,mobile_app,False,0.0,0,recovered
TXN_001272,CUST_0669,MERCH_05,49.99,INR,ach,113,authentication_failed,1,18,4,329,2026-07-29T15:51:52.141041,DE,mobile_app,True,49.99,0,failed
TXN_001273,CUST_0146,MERCH_03,134.12,INR,credit_card,357,network_error,1,18,5,357,2026-08-10T11:24:06.367832,DE,mobile_app,False,0.0,0,failed
TXN_001274,CUST_0110,MERCH_10,732.63,INR,ach,96,insufficient_funds,4,18,3,96,2026-08-12T21:06:04.331346,IN,mobile_app,False,0.0,3,failed
TXN_001275,CUST_0524,MERCH_03,499.0,USD,credit_card,478,bank_declined,2,14,3,478,2026-08-06T15:20:57.056531,US,web_browser,True,499.0,1,failed
TXN_001276,CUST_0924,MERCH_02,19.99,GBP,debit_card,33,insufficient_funds,1,19,5,33,2026-08-02T12:54:30.100687,IN,api_integration,True,19.99,0,failed
TXN_001277,CUST_0538,MERCH_01,132.25,EUR,wallet,14,expired_card,2,10,1,550,2026-07-29T12:13:51.388066,US,mobile_app,False,0.0,1,failed
TXN_001278,CUST_0677,MERCH_03,9.99,EUR,debit_card,405,insufficient_funds,1,17,5,405,2026-07-30T00:29:23.575369,IN,api_integration,True,9.99,0,abandoned
TXN_001279,CUST_0687,MERCH_07,9.99,USD,ach,718,network_error,1,18,1,718,2026-08-03T04:01:48.699310,AU,api_integration,True,9.99,0,abandoned
TXN_001280,CUST_0102,MERCH_04,169.92,GBP,credit_card,509,authentication_failed,2,4,5,598,2026-08-17T22:43:58.147127,IN,web_browser,False,0.0,1,recovered
TXN_001281,CUST_0490,MERCH_07,124.67,USD,ach,781,authentication_failed,1,12,2,781,2026-08-17T00:46:48.607936,IN,mobile_app,False,0.0,0,recovered
TXN_001282,CUST_0388,MERCH_08,49.99,USD,net_banking,237,insufficient_funds,1,19,1,491,2026-08-19T19:44:05.197378,AU,api_integration,True,49.99,0,failed
TXN_001283,CUST_0274,MERCH_07,302.04,EUR,upi,130,insufficient_funds,1,7,1,130,2026-07-28T18:46:30.634197,GB,mobile_app,False,0.0,0,recovered
TXN_001284,CUST_1393,MERCH_01,199.0,GBP,net_banking,61,bank_declined,1,9,0,256,2026-07-28T13:50:10.667218,DE,api_integration,True,199.0,0,recovered
TXN_001285,CUST_1024,MERCH_06,340.3,GBP,debit_card,454,insufficient_funds,2,2,2,454,2026-08-13T15:42:37.462527,IN,web_browser,False,0.0,1,abandoned
TXN_001286,CUST_1082,MERCH_02,499.0,USD,credit_card,3,network_error,1,14,3,3,2026-08-21T06:10:35.080460,IN,mobile_app,True,499.0,0,failed
TXN_001287,CUST_0944,MERCH_09,9.99,USD,ach,166,expired_card,1,8,0,501,2026-08-24T10:02:23.592474,AU,web_browser,True,9.99,0,failed
TXN_001288,CUST_1017,MERCH_02,99.0,GBP,credit_card,63,insufficient_funds,1,3,2,722,2026-08-23T12:55:52.534820,IN,mobile_app,True,99.0,0,failed
TXN_001289,CUST_1046,MERCH_04,17.46,GBP,debit_card,544,insufficient_funds,4,9,2,994,2026-08-15T19:21:04.169427,US,api_integration,False,0.0,3,abandoned
TXN_001290,CUST_0502,MERCH_01,99.0,EUR,net_banking,541,expired_card,2,11,4,881,2026-08-03T17:06:29.584391,US,mobile_app,True,99.0,1,failed
TXN_001291,CUST_0346,MERCH_09,29.99,EUR,net_banking,161,insufficient_funds,2,6,4,413,2026-08-11T15:06:45.079418,CA,web_browser,True,29.99,1,abandoned
TXN_001292,CUST_0404,MERCH_02,136.97,GBP,net_banking,487,authentication_failed,1,4,5,875,2026-08-16T19:59:41.682903,US,web_browser,False,0.0,0,failed
TXN_001293,CUST_0776,MERCH_10,499.0,USD,credit_card,458,insufficient_funds,1,3,0,458,2026-07-28T09:33:13.288886,AU,api_integration,True,499.0,0,failed
TXN_001294,CUST_0637,MERCH_10,99.0,EUR,wallet,733,bank_declined,1,17,0,841,2026-08-03T14:09:24.757946,US,web_browser,True,99.0,0,recovered
TXN_001295,CUST_0610,MERCH_02,235.19,GBP,net_banking,39,insufficient_funds,2,19,4,514,2026-07-30T21:52:48.686185,DE,api_integration,False,0.0,1,failed
TXN_001296,CUST_1109,MERCH_04,15.1,USD,net_banking,124,expired_card,1,14,5,124,2026-08-02T07:38:00.921267,CA,mobile_app,False,0.0,0,recovered
TXN_001297,CUST_0404,MERCH_04,55.67,INR,debit_card,255,insufficient_funds,1,15,4,273,2026-08-15T03:27:13.057648,AU,api_integration,False,0.0,0,failed
TXN_001298,CUST_1155,MERCH_10,56.18,INR,net_banking,457,authentication_failed,1,3,4,457,2026-07-28T11:36:41.638822,AU,mobile_app,False,0.0,0,recovered
TXN_001299,CUST_0153,MERCH_04,12.85,USD,ach,92,expired_card,1,17,1,109,2026-08-04T23:48:47.716062,AU,api_integration,False,0.0,0,recovered
TXN_001300,CUST_0631,MERCH_02,436.6,GBP,debit_card,701,network_error,2,7,2,701,2026-08-06T22:48:35.186379,US,mobile_app,False,0.0,1,failed
TXN_001301,CUST_1010,MERCH_01,276.44,GBP,upi,678,authentication_failed,1,18,2,951,2026-07-30T06:34:05.461159,GB,api_integration,False,0.0,0,recovered
TXN_001302,CUST_0383,MERCH_03,49.99,EUR,net_banking,526,invalid_payment_method,3,11,4,526,2026-08-11T14:28:51.282305,US,api_integration,True,49.99,2,failed
TXN_001303,CUST_0453,MERCH_01,29.99,INR,net_banking,328,authentication_failed,2,13,3,328,2026-08-19T10:01:54.731587,DE,mobile_app,True,29.99,1,recovered
TXN_001304,CUST_0713,MERCH_10,19.39,INR,wallet,524,authentication_failed,1,2,1,524,2026-08-16T16:49:08.047438,AU,web_browser,False,0.0,0,recovered
TXN_001305,CUST_1246,MERCH_09,49.99,EUR,credit_card,687,bank_declined,3,12,4,966,2026-08-05T18:04:30.823235,DE,web_browser,True,49.99,2,failed
TXN_001306,CUST_0569,MERCH_02,357.64,INR,debit_card,116,insufficient_funds,1,18,3,116,2026-08-08T06:12:57.904264,CA,web_browser,False,0.0,0,failed
TXN_001307,CUST_1480,MERCH_09,43.07,GBP,debit_card,798,bank_declined,1,11,0,798,2026-07-31T16:06:27.448219,GB,api_integration,False,0.0,0,recovered
TXN_001308,CUST_0192,MERCH_10,186.6,USD,upi,393,insufficient_funds,1,19,3,393,2026-08-06T11:03:13.716250,CA,api_integration,False,0.0,0,failed
TXN_001309,CUST_0739,MERCH_03,49.99,INR,ach,105,insufficient_funds,1,17,2,105,2026-08-14T03:30:56.302931,CA,web_browser,True,49.99,0,abandoned
TXN_001310,CUST_1211,MERCH_09,9.99,USD,net_banking,273,authentication_failed,1,18,1,273,2026-08-17T23:23:19.594677,IN,web_browser,True,9.99,0,recovered
TXN_001311,CUST_0909,MERCH_08,499.0,USD,debit_card,70,authentication_failed,1,19,4,70,2026-08-22T03:17:22.021989,US,api_integration,True,499.0,0,recovered
TXN_001312,CUST_0608,MERCH_06,216.28,USD,upi,418,authentication_failed,1,5,1,732,2026-08-03T05:22:08.512483,IN,mobile_app,False,0.0,0,failed
TXN_001313,CUST_0189,MERCH_05,126.89,EUR,net_banking,23,insufficient_funds,1,10,5,23,2026-08-16T11:03:33.515258,IN,web_browser,False,0.0,0,abandoned
TXN_001314,CUST_0355,MERCH_10,49.99,USD,net_banking,297,insufficient_funds,1,1,1,714,2026-08-12T07:43:54.040164,AU,web_browser,True,49.99,0,recovered
TXN_001315,CUST_0233,MERCH_09,199.0,USD,net_banking,560,insufficient_funds,1,17,4,772,2026-07-27T02:57:37.119407,CA,api_integration,True,199.0,0,failed
TXN_001316,CUST_0397,MERCH_02,17.45,GBP,upi,232,insufficient_funds,2,16,0,807,2026-07-28T05:49:09.606712,DE,web_browser,False,0.0,1,recovered
TXN_001317,CUST_1362,MERCH_09,250.03,EUR,ach,634,insufficient_funds,1,18,3,714,2026-08-09T14:42:05.201349,US,web_browser,False,0.0,0,failed
TXN_001318,CUST_0796,MERCH_10,583.75,GBP,upi,128,network_error,1,1,0,128,2026-08-19T09:29:27.237824,IN,api_integration,False,0.0,0,failed
TXN_001319,CUST_0881,MERCH_01,23.05,GBP,debit_card,64,expired_card,1,13,5,746,2026-08-02T05:37:05.432977,CA,web_browser,False,0.0,0,failed
TXN_001320,CUST_0609,MERCH_07,161.46,USD,wallet,336,insufficient_funds,1,18,2,336,2026-08-24T13:57:49.804028,AU,api_integration,False,0.0,0,failed
TXN_001321,CUST_1272,MERCH_05,29.99,EUR,ach,49,authentication_failed,1,18,2,184,2026-08-13T13:29:48.500028,DE,api_integration,True,29.99,0,failed
TXN_001322,CUST_0990,MERCH_07,84.26,EUR,net_banking,15,insufficient_funds,2,13,2,166,2026-08-15T08:54:16.789223,CA,web_browser,False,0.0,1,abandoned
TXN_001323,CUST_1200,MERCH_01,94.85,INR,upi,197,invalid_payment_method,1,10,1,197,2026-08-12T01:25:29.740004,GB,web_browser,False,0.0,0,recovered
TXN_001324,CUST_0880,MERCH_03,35.56,USD,credit_card,112,expired_card,1,9,0,112,2026-08-14T09:40:09.336800,AU,api_integration,False,0.0,0,recovered
TXN_001325,CUST_0971,MERCH_03,9.99,GBP,upi,781,insufficient_funds,2,9,1,987,2026-07-29T09:00:16.450108,CA,mobile_app,True,9.99,1,failed
TXN_001326,CUST_0747,MERCH_10,49.99,EUR,wallet,288,insufficient_funds,4,2,1,288,2026-08-13T15:19:19.346867,DE,api_integration,True,49.99,3,failed
TXN_001327,CUST_0895,MERCH_01,499.0,GBP,wallet,111,limit_exceeded,1,17,0,111,2026-08-10T09:04:31.177203,IN,mobile_app,True,499.0,0,abandoned
TXN_001328,CUST_0262,MERCH_03,140.77,EUR,debit_card,822,invalid_payment_method,1,14,0,954,2026-08-03T06:24:10.442377,AU,web_browser,False,0.0,0,failed
TXN_001329,CUST_0255,MERCH_03,22.63,GBP,upi,235,insufficient_funds,2,6,4,258,2026-08-14T13:10:38.804252,AU,api_integration,False,0.0,1,recovered
TXN_001330,CUST_0890,MERCH_09,49.99,INR,wallet,272,authentication_failed,3,20,1,378,2026-08-20T23:24:15.230275,GB,web_browser,True,49.99,2,failed
TXN_001331,CUST_0841,MERCH_05,9.99,INR,debit_card,313,bank_declined,1,13,2,313,2026-08-14T15:46:37.530500,US,mobile_app,True,9.99,0,recovered
TXN_001332,CUST_0386,MERCH_04,199.0,USD,net_banking,630,unknown,2,9,4,630,2026-08-04T08:23:44.778994,CA,web_browser,True,199.0,1,abandoned
TXN_001333,CUST_0522,MERCH_04,57.11,INR,credit_card,32,authentication_failed,1,5,3,174,2026-08-08T15:32:24.946222,CA,web_browser,False,0.0,0,recovered
TXN_001334,CUST_0125,MERCH_09,499.0,INR,credit_card,253,network_error,2,19,3,986,2026-08-03T08:56:13.369900,CA,api_integration,True,499.0,1,failed
TXN_001335,CUST_0570,MERCH_06,123.22,USD,ach,235,network_error,1,8,4,916,2026-08-15T15:30:06.368724,AU,api_integration,False,0.0,0,failed
TXN_001336,CUST_0312,MERCH_09,199.0,INR,upi,294,limit_exceeded,1,14,3,518,2026-08-12T01:32:42.050049,GB,web_browser,True,199.0,0,failed
TXN_001337,CUST_1472,MERCH_06,50.55,INR,net_banking,548,insufficient_funds,3,17,1,840,2026-08-10T13:27:31.467760,AU,api_integration,False,0.0,2,recovered
TXN_001338,CUST_0319,MERCH_01,178.87,EUR,wallet,611,bank_declined,1,10,1,660,2026-07-27T00:08:20.785040,AU,web_browser,False,0.0,0,failed
TXN_001339,CUST_1374,MERCH_10,88.16,EUR,net_banking,907,authentication_failed,2,16,1,907,2026-08-15T15:08:52.925846,DE,api_integration,False,0.0,1,failed
TXN_001340,CUST_0372,MERCH_08,29.99,GBP,ach,239,network_error,1,4,2,386,2026-08-02T22:45:24.458438,GB,mobile_app,True,29.99,0,failed
TXN_001341,CUST_0648,MERCH_03,499.0,INR,credit_card,167,authentication_failed,1,7,4,461,2026-08-01T01:04:46.478482,AU,api_integration,True,499.0,0,failed
TXN_001342,CUST_1225,MERCH_08,49.99,INR,debit_card,177,limit_exceeded,1,5,4,216,2026-08-23T07:56:44.181667,IN,mobile_app,True,49.99,0,failed
TXN_001343,CUST_0191,MERCH_02,19.99,USD,credit_card,65,insufficient_funds,1,0,0,65,2026-08-13T10:21:34.778346,DE,api_integration,True,19.99,0,failed
TXN_001344,CUST_1322,MERCH_09,103.33,EUR,credit_card,86,expired_card,1,0,4,86,2026-07-31T21:49:56.095982,AU,mobile_app,False,0.0,0,failed
TXN_001345,CUST_1232,MERCH_05,162.42,INR,debit_card,523,authentication_failed,1,2,4,523,2026-08-12T04:18:45.581201,GB,web_browser,False,0.0,0,failed
TXN_001346,CUST_0936,MERCH_10,272.62,GBP,debit_card,204,network_error,2,1,0,204,2026-07-30T18:09:29.588785,US,web_browser,False,0.0,1,failed
TXN_001347,CUST_0671,MERCH_06,138.13,GBP,net_banking,21,expired_card,2,2,2,21,2026-07-26T15:25:44.221734,GB,mobile_app,False,0.0,1,failed
TXN_001348,CUST_0251,MERCH_01,79.88,EUR,credit_card,93,expired_card,2,2,5,93,2026-08-18T01:39:40.383788,CA,api_integration,False,0.0,1,abandoned
TXN_001349,CUST_0763,MERCH_02,147.83,INR,net_banking,634,invalid_payment_method,1,18,2,791,2026-08-24T08:39:39.619009,CA,api_integration,False,0.0,0,failed
TXN_001350,CUST_0514,MERCH_05,27.77,INR,wallet,415,authentication_failed,1,18,4,637,2026-08-01T06:26:00.869038,CA,api_integration,False,0.0,0,recovered
TXN_001351,CUST_1237,MERCH_09,130.12,GBP,debit_card,630,expired_card,1,20,3,801,2026-07-31T17:31:09.154202,GB,web_browser,False,0.0,0,failed
TXN_001352,CUST_0258,MERCH_10,345.65,EUR,net_banking,23,insufficient_funds,3,19,1,130,2026-07-29T09:07:49.169834,AU,api_integration,False,0.0,2,failed
TXN_001353,CUST_1282,MERCH_09,49.99,INR,credit_card,6,insufficient_funds,2,2,4,876,2026-08-07T15:58:05.044849,CA,web_browser,True,49.99,1,abandoned
TXN_001354,CUST_0787,MERCH_09,538.76,GBP,wallet,298,insufficient_funds,1,15,3,298,2026-08-10T03:58:49.122849,IN,mobile_app,False,0.0,0,recovered
TXN_001355,CUST_0297,MERCH_09,244.36,EUR,debit_card,95,authentication_failed,2,4,2,95,2026-08-20T16:18:37.020086,IN,mobile_app,False,0.0,1,failed
TXN_001356,CUST_1335,MERCH_08,112.69,INR,credit_card,903,insufficient_funds,3,1,5,903,2026-08-13T19:41:25.215077,DE,web_browser,False,0.0,2,recovered
TXN_001357,CUST_1494,MERCH_05,104.86,EUR,net_banking,518,network_error,1,10,3,799,2026-08-20T13:35:59.071752,US,api_integration,False,0.0,0,recovered
TXN_001358,CUST_1276,MERCH_01,12.66,INR,debit_card,351,authentication_failed,1,7,5,921,2026-08-11T00:47:58.297971,GB,web_browser,False,0.0,0,abandoned
TXN_001359,CUST_0463,MERCH_09,99.0,INR,debit_card,60,authentication_failed,1,8,0,60,2026-07-28T10:38:40.619409,AU,web_browser,True,99.0,0,recovered
TXN_001360,CUST_1026,MERCH_04,19.99,USD,net_banking,957,unknown,1,2,3,965,2026-08-01T15:25:11.398674,US,mobile_app,True,19.99,0,abandoned
TXN_001361,CUST_0819,MERCH_09,184.61,USD,ach,381,invalid_payment_method,4,2,0,589,2026-07-30T12:00:38.463911,US,web_browser,False,0.0,3,failed
TXN_001362,CUST_0480,MERCH_07,199.0,INR,debit_card,837,limit_exceeded,3,11,1,970,2026-07-31T04:35:10.969255,US,mobile_app,True,199.0,2,failed
TXN_001363,CUST_1046,MERCH_02,140.08,EUR,wallet,263,bank_declined,2,0,3,263,2026-08-22T05:07:51.813145,AU,web_browser,False,0.0,1,abandoned
TXN_001364,CUST_0700,MERCH_04,27.77,INR,wallet,569,authentication_failed,1,14,3,608,2026-08-12T10:48:09.594657,GB,web_browser,False,0.0,0,recovered
TXN_001365,CUST_1067,MERCH_02,276.49,USD,debit_card,528,insufficient_funds,1,19,5,528,2026-07-31T16:08:06.125063,AU,mobile_app,False,0.0,0,failed
TXN_001366,CUST_0172,MERCH_05,11.97,EUR,debit_card,413,expired_card,1,17,5,626,2026-08-10T18:22:56.652781,AU,web_browser,False,0.0,0,failed
TXN_001367,CUST_0996,MERCH_05,221.55,GBP,credit_card,431,network_error,1,10,1,431,2026-07-26T10:41:58.475875,AU,web_browser,False,0.0,0,recovered
TXN_001368,CUST_1017,MERCH_04,124.1,EUR,debit_card,555,unknown,1,8,2,954,2026-07-26T18:51:49.205339,CA,api_integration,False,0.0,0,failed
TXN_001369,CUST_0710,MERCH_07,99.0,EUR,net_banking,457,insufficient_funds,1,10,0,457,2026-08-23T07:24:33.806200,DE,web_browser,True,99.0,0,failed
TXN_001370,CUST_0821,MERCH_02,491.33,EUR,credit_card,747,insufficient_funds,1,18,1,747,2026-07-27T17:00:16.824011,US,web_browser,False,0.0,0,failed
TXN_001371,CUST_1388,MERCH_05,9.19,GBP,credit_card,103,unknown,1,3,1,103,2026-08-01T10:45:17.083783,DE,api_integration,False,0.0,0,failed
TXN_001372,CUST_0139,MERCH_03,250.55,GBP,ach,56,bank_declined,2,14,5,399,2026-08-05T19:11:08.875538,DE,web_browser,False,0.0,1,failed
TXN_001373,CUST_0578,MERCH_06,184.91,EUR,credit_card,85,insufficient_funds,2,5,0,915,2026-07-28T18:46:38.624224,US,mobile_app,False,0.0,1,failed
TXN_001374,CUST_0955,MERCH_01,29.99,EUR,net_banking,188,insufficient_funds,3,6,5,953,2026-07-31T21:02:56.282108,AU,api_integration,True,29.99,2,failed
TXN_001375,CUST_0795,MERCH_01,54.8,USD,upi,454,invalid_payment_method,2,15,0,784,2026-08-10T21:40:37.232711,AU,api_integration,False,0.0,1,recovered
TXN_001376,CUST_1308,MERCH_06,9.27,EUR,ach,10,insufficient_funds,1,2,0,10,2026-08-18T07:49:34.288830,US,mobile_app,False,0.0,0,recovered
TXN_001377,CUST_1285,MERCH_02,29.99,USD,credit_card,47,insufficient_funds,1,1,1,439,2026-08-02T00:08:21.110014,DE,web_browser,True,29.99,0,recovered
TXN_001378,CUST_1383,MERCH_10,19.99,INR,upi,632,unknown,1,10,4,632,2026-08-14T10:19:41.483863,AU,api_integration,True,19.99,0,failed
TXN_001379,CUST_0797,MERCH_03,29.99,USD,net_banking,418,expired_card,1,1,0,418,2026-08-24T10:05:52.979228,DE,web_browser,True,29.99,0,abandoned
TXN_001380,CUST_1221,MERCH_01,99.0,EUR,ach,46,expired_card,2,14,3,270,2026-07-25T22:23:15.411559,AU,mobile_app,True,99.0,1,recovered
TXN_001381,CUST_0546,MERCH_04,287.86,INR,upi,3,insufficient_funds,1,11,1,22,2026-08-02T01:15:29.292620,GB,mobile_app,False,0.0,0,failed
TXN_001382,CUST_0546,MERCH_03,69.14,USD,net_banking,321,insufficient_funds,1,15,1,389,2026-08-19T07:17:07.821720,DE,web_browser,False,0.0,0,recovered
TXN_001383,CUST_0476,MERCH_10,199.0,USD,credit_card,154,insufficient_funds,1,18,5,798,2026-08-14T21:10:58.733845,US,api_integration,True,199.0,0,failed
TXN_001384,CUST_0165,MERCH_10,199.0,GBP,wallet,48,limit_exceeded,1,13,5,48,2026-07-27T01:03:11.539262,GB,mobile_app,True,199.0,0,recovered
TXN_001385,CUST_0128,MERCH_03,9.99,EUR,net_banking,140,expired_card,1,14,1,814,2026-07-28T22:11:02.792744,GB,api_integration,True,9.99,0,failed
TXN_001386,CUST_1239,MERCH_09,63.57,GBP,credit_card,176,authentication_failed,2,5,0,176,2026-08-15T11:06:34.294270,IN,mobile_app,False,0.0,1,recovered
TXN_001387,CUST_0958,MERCH_03,199.0,USD,ach,192,insufficient_funds,1,11,2,534,2026-08-10T21:54:48.049296,DE,mobile_app,True,199.0,0,failed
TXN_001388,CUST_0102,MERCH_08,9.99,INR,credit_card,731,network_error,1,5,1,731,2026-08-11T20:53:28.569902,AU,api_integration,True,9.99,0,failed
TXN_001389,CUST_1452,MERCH_03,29.99,USD,net_banking,535,limit_exceeded,3,16,0,535,2026-08-04T05:21:19.357192,US,mobile_app,True,29.99,2,recovered
TXN_001390,CUST_1130,MERCH_07,99.0,GBP,debit_card,84,expired_card,1,17,4,84,2026-08-02T07:50:12.023061,AU,api_integration,True,99.0,0,failed
TXN_001391,CUST_0292,MERCH_07,114.09,USD,wallet,491,bank_declined,2,10,1,491,2026-07-30T01:45:34.547112,CA,api_integration,False,0.0,1,recovered
TXN_001392,CUST_0416,MERCH_09,102.97,INR,debit_card,340,insufficient_funds,3,16,2,340,2026-08-05T02:15:37.791624,AU,web_browser,False,0.0,2,recovered
TXN_001393,CUST_0432,MERCH_01,19.99,INR,credit_card,131,authentication_failed,1,19,2,550,2026-08-17T22:53:40.683853,GB,mobile_app,True,19.99,0,recovered
TXN_001394,CUST_0668,MERCH_05,661.14,EUR,wallet,538,bank_declined,2,4,5,881,2026-07-26T14:21:12.373924,DE,api_integration,False,0.0,1,failed
TXN_001395,CUST_0501,MERCH_01,25.29,INR,debit_card,37,authentication_failed,1,0,1,37,2026-07-27T16:52:11.460031,IN,mobile_app,False,0.0,0,failed
TXN_001396,CUST_0998,MERCH_08,290.06,USD,net_banking,382,insufficient_funds,1,3,1,382,2026-08-02T00:52:06.510753,GB,mobile_app,False,0.0,0,recovered
TXN_001397,CUST_0933,MERCH_05,37.92,GBP,upi,733,bank_declined,1,1,2,733,2026-08-11T14:45:24.481439,CA,api_integration,False,0.0,0,abandoned
TXN_001398,CUST_0296,MERCH_10,43.09,USD,net_banking,166,bank_declined,1,0,5,166,2026-07-31T10:14:43.413438,GB,web_browser,False,0.0,0,recovered
TXN_001399,CUST_1345,MERCH_01,99.0,EUR,credit_card,123,bank_declined,2,16,1,123,2026-07-30T13:13:47.788112,DE,web_browser,True,99.0,1,failed
TXN_001400,CUST_0902,MERCH_03,99.0,EUR,net_banking,430,insufficient_funds,1,6,0,430,2026-08-12T15:18:38.992231,CA,web_browser,True,99.0,0,failed
TXN_001401,CUST_0183,MERCH_07,199.0,EUR,upi,525,expired_card,2,4,0,585,2026-08-22T23:58:38.736571,GB,api_integration,True,199.0,1,failed
TXN_001402,CUST_0174,MERCH_08,79.52,EUR,ach,194,insufficient_funds,2,9,4,789,2026-08-14T11:59:49.601633,DE,web_browser,False,0.0,1,failed
TXN_001403,CUST_0442,MERCH_08,19.99,EUR,debit_card,445,network_error,2,12,1,445,2026-07-26T18:09:17.820396,CA,api_integration,True,19.99,1,failed
TXN_001404,CUST_0381,MERCH_06,126.39,GBP,wallet,528,insufficient_funds,3,4,0,696,2026-07-27T04:00:57.307055,AU,api_integration,False,0.0,2,recovered
TXN_001405,CUST_0300,MERCH_10,28.94,INR,wallet,87,insufficient_funds,1,9,5,87,2026-08-16T21:40:32.289285,GB,mobile_app,False,0.0,0,recovered
TXN_001406,CUST_0374,MERCH_05,553.08,INR,credit_card,59,insufficient_funds,1,11,5,59,2026-08-16T23:46:59.757038,AU,mobile_app,False,0.0,0,failed
TXN_001407,CUST_0258,MERCH_02,274.78,GBP,ach,29,network_error,1,16,3,416,2026-08-13T17:16:33.929317,CA,api_integration,False,0.0,0,recovered
TXN_001408,CUST_1254,MERCH_05,65.26,EUR,debit_card,738,expired_card,2,18,5,917,2026-08-01T15:39:53.355732,GB,mobile_app,False,0.0,1,failed
TXN_001409,CUST_0994,MERCH_06,100.85,USD,net_banking,746,network_error,1,12,3,954,2026-07-26T22:44:58.551236,IN,web_browser,False,0.0,0,failed
TXN_001410,CUST_0359,MERCH_02,29.99,EUR,wallet,715,insufficient_funds,1,0,4,715,2026-07-30T15:39:34.769999,US,web_browser,True,29.99,0,failed
TXN_001411,CUST_0479,MERCH_07,28.08,INR,credit_card,391,network_error,1,11,4,391,2026-08-21T10:15:24.280905,CA,web_browser,False,0.0,0,failed
TXN_001412,CUST_0379,MERCH_04,230.03,EUR,ach,186,authentication_failed,1,3,2,186,2026-08-23T05:35:47.586208,DE,api_integration,False,0.0,0,recovered
TXN_001413,CUST_0500,MERCH_04,49.99,GBP,debit_card,317,network_error,1,9,2,908,2026-08-11T05:31:01.253748,AU,web_browser,True,49.99,0,recovered
TXN_001414,CUST_0562,MERCH_02,355.99,INR,debit_card,125,insufficient_funds,1,20,5,749,2026-08-14T03:00:51.231614,US,mobile_app,False,0.0,0,failed
TXN_001415,CUST_0854,MERCH_09,19.54,INR,net_banking,161,invalid_payment_method,1,8,2,161,2026-08-16T10:22:48.330679,DE,web_browser,False,0.0,0,abandoned
TXN_001416,CUST_0631,MERCH_05,162.68,USD,ach,199,bank_declined,1,1,0,510,2026-08-05T08:55:15.079969,DE,web_browser,False,0.0,0,failed
TXN_001417,CUST_0799,MERCH_03,49.99,USD,credit_card,410,expired_card,2,4,4,441,2026-08-18T23:07:33.373535,GB,mobile_app,True,49.99,1,failed
TXN_001418,CUST_1422,MERCH_01,185.73,USD,credit_card,26,network_error,3,14,4,65,2026-08-05T08:13:14.944774,US,mobile_app,False,0.0,2,failed
TXN_001419,CUST_1090,MERCH_03,25.55,EUR,debit_card,679,insufficient_funds,3,10,3,679,2026-08-24T00:26:09.191756,DE,api_integration,False,0.0,2,failed
TXN_001420,CUST_0352,MERCH_04,117.96,EUR,upi,169,authentication_failed,1,2,3,169,2026-08-13T11:18:33.060926,AU,mobile_app,False,0.0,0,failed
TXN_001421,CUST_1161,MERCH_07,199.0,INR,ach,590,insufficient_funds,1,20,1,590,2026-08-17T10:18:05.675785,GB,api_integration,True,199.0,0,failed
TXN_001422,CUST_0821,MERCH_04,19.99,INR,credit_card,790,insufficient_funds,1,20,5,790,2026-08-19T02:38:07.853150,GB,web_browser,True,19.99,0,recovered
TXN_001423,CUST_1070,MERCH_04,43.33,USD,wallet,359,insufficient_funds,4,13,0,520,2026-08-12T21:37:19.352582,CA,mobile_app,False,0.0,3,abandoned
TXN_001424,CUST_1147,MERCH_03,145.14,USD,net_banking,163,network_error,2,3,4,827,2026-08-23T15:43:18.337696,US,mobile_app,False,0.0,1,failed
TXN_001425,CUST_0911,MERCH_02,160.26,USD,net_banking,915,invalid_payment_method,1,17,1,915,2026-07-26T23:00:48.190857,AU,api_integration,False,0.0,0,failed
TXN_001426,CUST_0990,MERCH_05,299.41,INR,ach,333,network_error,2,15,1,333,2026-08-18T12:26:30.878851,IN,mobile_app,False,0.0,1,failed
TXN_001427,CUST_0430,MERCH_09,199.0,INR,ach,158,insufficient_funds,1,19,2,260,2026-07-30T01:46:15.414606,AU,api_integration,True,199.0,0,abandoned
TXN_001428,CUST_1392,MERCH_03,199.0,INR,upi,188,invalid_payment_method,2,12,0,387,2026-07-26T00:35:20.228233,AU,mobile_app,True,199.0,1,recovered
TXN_001429,CUST_0897,MERCH_04,239.35,GBP,upi,664,expired_card,1,7,0,876,2026-08-12T21:49:15.346437,US,mobile_app,False,0.0,0,failed
TXN_001430,CUST_0112,MERCH_08,61.81,INR,net_banking,576,network_error,1,9,0,669,2026-08-05T00:21:49.317195,IN,web_browser,False,0.0,0,failed
TXN_001431,CUST_1453,MERCH_01,235.25,EUR,net_banking,738,bank_declined,1,7,4,849,2026-08-22T21:57:08.481408,US,web_browser,False,0.0,0,failed
TXN_001432,CUST_0752,MERCH_05,16.33,USD,wallet,69,insufficient_funds,1,20,5,69,2026-08-16T18:47:49.843319,AU,web_browser,False,0.0,0,abandoned
TXN_001433,CUST_0775,MERCH_07,7.56,GBP,upi,385,invalid_payment_method,1,2,4,739,2026-08-15T04:22:27.736475,IN,mobile_app,False,0.0,0,failed
TXN_001434,CUST_1077,MERCH_01,9.99,INR,ach,16,insufficient_funds,1,13,1,683,2026-08-09T22:19:37.862514,AU,mobile_app,True,9.99,0,recovered
TXN_001435,CUST_0406,MERCH_05,19.99,GBP,debit_card,414,authentication_failed,1,13,4,414,2026-08-12T15:13:26.347354,US,mobile_app,True,19.99,0,recovered
TXN_001436,CUST_0973,MERCH_08,44.46,EUR,ach,449,network_error,1,5,1,449,2026-08-11T00:03:44.191487,DE,api_integration,False,0.0,0,recovered
TXN_001437,CUST_1195,MERCH_10,161.94,EUR,debit_card,213,expired_card,3,7,5,959,2026-07-28T19:30:10.204277,US,api_integration,False,0.0,2,recovered
TXN_001438,CUST_0287,MERCH_07,60.39,INR,credit_card,743,insufficient_funds,1,16,5,743,2026-08-17T19:37:43.974180,IN,mobile_app,False,0.0,0,failed
TXN_001439,CUST_1300,MERCH_02,281.93,GBP,credit_card,279,network_error,1,15,3,279,2026-07-28T03:59:16.223734,AU,mobile_app,False,0.0,0,failed
TXN_001440,CUST_0102,MERCH_03,522.1,GBP,wallet,558,expired_card,2,9,2,558,2026-08-15T21:08:44.333010,CA,web_browser,False,0.0,1,failed
TXN_001441,CUST_0282,MERCH_07,49.99,EUR,upi,35,limit_exceeded,3,13,5,35,2026-08-12T14:42:13.619066,AU,mobile_app,True,49.99,2,failed
TXN_001442,CUST_1063,MERCH_04,99.0,EUR,debit_card,437,bank_declined,1,8,4,437,2026-08-22T10:33:47.088776,DE,api_integration,True,99.0,0,failed
TXN_001443,CUST_0878,MERCH_04,39.58,INR,net_banking,9,bank_declined,1,18,3,737,2026-08-19T23:13:08.315322,CA,api_integration,False,0.0,0,failed
TXN_001444,CUST_0522,MERCH_07,45.14,EUR,wallet,297,insufficient_funds,1,10,4,297,2026-07-30T14:25:06.198148,CA,web_browser,False,0.0,0,recovered
TXN_001445,CUST_0676,MERCH_07,90.54,EUR,credit_card,896,insufficient_funds,3,10,2,896,2026-08-18T04:06:02.945831,GB,api_integration,False,0.0,2,failed
TXN_001446,CUST_0348,MERCH_07,399.67,EUR,debit_card,723,authentication_failed,3,19,1,854,2026-08-07T11:09:33.803761,DE,web_browser,False,0.0,2,failed
TXN_001447,CUST_0939,MERCH_05,99.0,GBP,ach,150,bank_declined,1,17,1,150,2026-08-12T05:02:28.114542,IN,api_integration,True,99.0,0,failed
TXN_001448,CUST_1470,MERCH_09,225.8,GBP,debit_card,162,authentication_failed,1,8,0,256,2026-07-28T23:44:42.740429,US,api_integration,False,0.0,0,failed
TXN_001449,CUST_0454,MERCH_02,220.12,EUR,net_banking,198,expired_card,1,9,4,357,2026-08-12T10:19:04.040425,DE,mobile_app,False,0.0,0,recovered
TXN_001450,CUST_0357,MERCH_01,9.99,INR,wallet,444,insufficient_funds,1,8,4,444,2026-08-20T08:40:17.321602,US,mobile_app,True,9.99,0,abandoned
TXN_001451,CUST_0389,MERCH_06,19.99,GBP,debit_card,473,network_error,1,6,5,885,2026-08-14T03:02:05.927237,GB,api_integration,True,19.99,0,failed
TXN_001452,CUST_0790,MERCH_08,99.0,EUR,debit_card,224,invalid_payment_method,3,2,4,625,2026-08-13T23:58:12.868639,GB,api_integration,True,99.0,2,failed
TXN_001453,CUST_0770,MERCH_07,42.52,GBP,debit_card,50,insufficient_funds,3,17,4,380,2026-08-19T07:20:29.238064,AU,api_integration,False,0.0,2,failed
TXN_001454,CUST_0377,MERCH_01,19.99,GBP,ach,272,insufficient_funds,1,9,1,272,2026-08-15T18:36:57.453645,DE,web_browser,True,19.99,0,failed
TXN_001455,CUST_1133,MERCH_07,271.85,USD,debit_card,725,insufficient_funds,3,20,2,728,2026-08-16T09:30:07.495067,AU,mobile_app,False,0.0,2,failed
TXN_001456,CUST_1424,MERCH_08,335.1,EUR,credit_card,39,insufficient_funds,1,8,1,39,2026-08-20T03:47:15.492218,IN,mobile_app,False,0.0,0,failed
TXN_001457,CUST_1245,MERCH_10,87.26,INR,wallet,748,insufficient_funds,2,14,2,748,2026-08-18T20:15:09.814275,IN,api_integration,False,0.0,1,recovered
TXN_001458,CUST_0578,MERCH_01,9.99,INR,upi,111,insufficient_funds,1,12,4,111,2026-08-24T03:40:39.847858,CA,web_browser,True,9.99,0,failed
TXN_001459,CUST_1003,MERCH_02,181.77,GBP,wallet,374,bank_declined,2,13,3,374,2026-08-12T00:11:20.682478,DE,web_browser,False,0.0,1,failed
TXN_001460,CUST_0745,MERCH_04,13.75,EUR,net_banking,58,insufficient_funds,3,11,1,58,2026-08-17T21:19:00.111362,IN,mobile_app,False,0.0,2,failed
TXN_001461,CUST_0159,MERCH_04,194.21,USD,credit_card,131,invalid_payment_method,1,4,0,131,2026-07-26T15:36:02.736635,CA,api_integration,False,0.0,0,failed
TXN_001462,CUST_0433,MERCH_03,244.23,GBP,ach,450,insufficient_funds,3,11,0,450,2026-07-30T21:01:12.922293,US,web_browser,False,0.0,2,failed
TXN_001463,CUST_1415,MERCH_08,266.31,INR,wallet,883,expired_card,1,19,4,959,2026-08-13T05:22:53.787480,CA,mobile_app,False,0.0,0,failed
TXN_001464,CUST_1487,MERCH_08,29.08,EUR,net_banking,160,authentication_failed,1,2,1,160,2026-08-07T06:23:52.787978,CA,api_integration,False,0.0,0,recovered
TXN_001465,CUST_0677,MERCH_05,198.49,INR,credit_card,256,insufficient_funds,1,7,3,256,2026-07-27T14:26:01.455113,IN,mobile_app,False,0.0,0,failed
TXN_001466,CUST_0276,MERCH_01,99.0,USD,ach,242,expired_card,1,16,0,242,2026-08-12T08:03:51.918587,US,web_browser,True,99.0,0,recovered
TXN_001467,CUST_0201,MERCH_08,182.42,EUR,debit_card,155,network_error,1,7,4,155,2026-08-06T07:07:58.137227,DE,web_browser,False,0.0,0,abandoned
TXN_001468,CUST_0324,MERCH_08,19.99,USD,upi,261,insufficient_funds,1,15,3,767,2026-08-19T08:37:20.474057,GB,mobile_app,True,19.99,0,failed
TXN_001469,CUST_0395,MERCH_02,34.06,USD,ach,662,bank_declined,1,8,4,901,2026-07-28T13:16:00.369729,DE,mobile_app,False,0.0,0,abandoned
TXN_001470,CUST_0514,MERCH_05,58.94,EUR,credit_card,515,limit_exceeded,1,0,2,515,2026-08-07T09:52:11.413406,GB,web_browser,False,0.0,0,failed
TXN_001471,CUST_0142,MERCH_03,499.0,GBP,net_banking,358,expired_card,1,12,4,701,2026-08-15T10:00:11.110151,GB,api_integration,True,499.0,0,recovered
TXN_001472,CUST_0472,MERCH_07,156.04,GBP,upi,325,insufficient_funds,1,19,5,325,2026-07-28T04:15:38.248052,IN,mobile_app,False,0.0,0,failed
TXN_001473,CUST_0834,MERCH_10,9.99,EUR,wallet,86,expired_card,1,12,2,556,2026-08-23T23:29:41.387670,AU,mobile_app,True,9.99,0,recovered
TXN_001474,CUST_0409,MERCH_10,23.67,GBP,debit_card,44,insufficient_funds,1,13,1,44,2026-08-04T20:52:21.974686,CA,mobile_app,False,0.0,0,failed
TXN_001475,CUST_1048,MERCH_03,83.79,EUR,wallet,783,network_error,1,9,5,783,2026-08-22T12:46:50.366695,DE,mobile_app,False,0.0,0,failed
TXN_001476,CUST_1423,MERCH_09,20.32,INR,ach,552,insufficient_funds,2,3,1,671,2026-08-16T15:14:18.782263,IN,mobile_app,False,0.0,1,failed
TXN_001477,CUST_1415,MERCH_02,499.0,EUR,wallet,382,insufficient_funds,1,5,0,382,2026-07-29T07:30:21.769295,IN,web_browser,True,499.0,0,recovered
TXN_001478,CUST_1212,MERCH_07,108.82,USD,net_banking,597,expired_card,1,0,0,782,2026-08-08T03:01:52.456730,GB,web_browser,False,0.0,0,failed
TXN_001479,CUST_0373,MERCH_01,499.0,EUR,wallet,938,expired_card,1,18,4,938,2026-08-10T09:37:17.753304,GB,api_integration,True,499.0,0,recovered
TXN_001480,CUST_0894,MERCH_07,442.07,INR,credit_card,122,expired_card,1,9,5,122,2026-08-15T22:15:40.282793,DE,mobile_app,False,0.0,0,failed
TXN_001481,CUST_0993,MERCH_03,9.99,INR,credit_card,66,insufficient_funds,1,0,2,707,2026-08-17T05:24:11.138343,GB,api_integration,True,9.99,0,failed
TXN_001482,CUST_1094,MERCH_09,227.08,EUR,wallet,483,bank_declined,1,3,0,483,2026-08-02T00:06:52.150069,AU,api_integration,False,0.0,0,failed
TXN_001483,CUST_0297,MERCH_03,184.75,INR,ach,59,insufficient_funds,3,17,0,59,2026-08-24T04:25:08.700689,US,mobile_app,False,0.0,2,failed
TXN_001484,CUST_0111,MERCH_06,199.0,USD,upi,406,insufficient_funds,1,10,1,558,2026-08-15T03:51:08.984231,IN,web_browser,True,199.0,0,failed
TXN_001485,CUST_0600,MERCH_09,99.0,USD,credit_card,166,bank_declined,3,11,4,706,2026-08-06T08:04:23.006910,CA,web_browser,True,99.0,2,recovered
TXN_001486,CUST_1193,MERCH_07,499.0,GBP,ach,233,expired_card,1,13,1,879,2026-07-29T03:06:53.770275,IN,mobile_app,True,499.0,0,failed
TXN_001487,CUST_1090,MERCH_07,18.05,INR,net_banking,556,insufficient_funds,3,3,5,987,2026-08-01T18:38:03.994547,CA,mobile_app,False,0.0,2,recovered
TXN_001488,CUST_0607,MERCH_07,59.51,INR,ach,159,network_error,2,0,0,195,2026-08-18T18:42:05.457718,DE,mobile_app,False,0.0,1,recovered
TXN_001489,CUST_0303,MERCH_09,202.01,USD,net_banking,615,insufficient_funds,2,5,3,755,2026-08-10T12:11:32.044288,CA,web_browser,False,0.0,1,failed
TXN_001490,CUST_0889,MERCH_02,11.66,EUR,debit_card,7,bank_declined,1,11,4,172,2026-08-09T03:14:17.246380,US,api_integration,False,0.0,0,abandoned
TXN_001491,CUST_0360,MERCH_08,93.21,INR,wallet,114,expired_card,1,14,4,712,2026-08-07T10:16:10.318709,AU,web_browser,False,0.0,0,failed
TXN_001492,CUST_0816,MERCH_08,199.0,GBP,debit_card,386,bank_declined,1,4,5,401,2026-08-12T20:04:07.219366,DE,web_browser,True,199.0,0,abandoned
TXN_001493,CUST_1277,MERCH_02,29.99,INR,wallet,520,expired_card,1,9,4,520,2026-08-14T12:15:25.996255,GB,api_integration,True,29.99,0,abandoned
TXN_001494,CUST_0991,MERCH_01,206.01,GBP,net_banking,24,limit_exceeded,1,18,4,24,2026-08-01T20:53:19.598771,DE,web_browser,False,0.0,0,failed
TXN_001495,CUST_0228,MERCH_08,149.64,EUR,wallet,567,expired_card,1,17,0,567,2026-08-04T10:09:50.961017,GB,api_integration,False,0.0,0,failed
TXN_001496,CUST_1365,MERCH_10,83.04,GBP,debit_card,623,insufficient_funds,2,16,1,822,2026-08-21T10:28:14.283323,GB,web_browser,False,0.0,1,recovered
TXN_001497,CUST_1162,MERCH_06,49.99,EUR,upi,110,bank_declined,1,17,4,110,2026-08-23T23:22:01.584659,US,api_integration,True,49.99,0,failed
TXN_001498,CUST_0441,MERCH_09,317.93,GBP,credit_card,856,insufficient_funds,4,5,0,856,2026-08-12T20:37:54.367107,CA,web_browser,False,0.0,3,failed
TXN_001499,CUST_0693,MERCH_09,353.01,INR,credit_card,278,insufficient_funds,2,17,1,278,2026-08-21T16:21:07.746608,DE,api_integration,False,0.0,1,failed
TXN_001500,CUST_1273,MERCH_09,499.0,GBP,upi,313,bank_declined,2,1,2,495,2026-08-17T16:54:11.172136,AU,mobile_app,True,499.0,1,failed
TXN_001501,CUST_1233,MERCH_06,627.62,EUR,ach,380,insufficient_funds,3,4,3,808,2026-08-18T10:15:28.162089,CA,api_integration,False,0.0,2,failed
TXN_001502,CUST_0925,MERCH_02,334.2,USD,wallet,18,network_error,3,11,5,209,2026-08-13T04:36:01.284632,GB,api_integration,False,0.0,2,abandoned
TXN_001503,CUST_0492,MERCH_08,169.03,USD,ach,460,limit_exceeded,1,9,3,460,2026-07-28T09:31:00.567549,US,api_integration,False,0.0,0,recovered
TXN_001504,CUST_1066,MERCH_03,320.79,USD,debit_card,647,network_error,1,0,0,647,2026-08-04T04:14:56.815397,GB,web_browser,False,0.0,0,failed
TXN_001505,CUST_0720,MERCH_05,99.0,GBP,upi,281,authentication_failed,2,1,3,496,2026-08-08T01:20:11.546294,IN,web_browser,True,99.0,1,abandoned
TXN_001506,CUST_0179,MERCH_07,499.0,EUR,net_banking,353,network_error,1,3,2,933,2026-08-10T11:36:17.070146,IN,mobile_app,True,499.0,0,failed
TXN_001507,CUST_0470,MERCH_02,6.19,GBP,net_banking,302,insufficient_funds,1,20,5,676,2026-08-09T20:19:49.865122,GB,api_integration,False,0.0,0,failed
TXN_001508,CUST_0690,MERCH_06,141.43,USD,net_banking,99,authentication_failed,2,10,1,99,2026-08-18T01:21:09.305515,US,mobile_app,False,0.0,1,failed
TXN_001509,CUST_0688,MERCH_06,69.09,USD,credit_card,4,insufficient_funds,1,19,0,4,2026-08-19T06:25:43.817152,AU,web_browser,False,0.0,0,failed
TXN_001510,CUST_0585,MERCH_03,530.54,EUR,ach,549,expired_card,1,13,2,549,2026-08-14T10:02:32.924133,AU,web_browser,False,0.0,0,failed
TXN_001511,CUST_1234,MERCH_06,19.99,GBP,credit_card,698,authentication_failed,1,9,1,698,2026-08-15T10:25:50.520322,DE,web_browser,True,19.99,0,recovered
TXN_001512,CUST_1101,MERCH_06,18.17,EUR,net_banking,542,insufficient_funds,1,10,0,542,2026-08-06T20:03:54.819548,CA,web_browser,False,0.0,0,failed
TXN_001513,CUST_0651,MERCH_08,499.0,EUR,credit_card,145,expired_card,1,6,2,791,2026-08-02T20:40:06.764841,CA,mobile_app,True,499.0,0,recovered
TXN_001514,CUST_0829,MERCH_10,186.76,INR,net_banking,267,unknown,2,14,1,267,2026-08-23T17:06:33.378057,DE,api_integration,False,0.0,1,recovered
TXN_001515,CUST_0162,MERCH_04,9.99,INR,net_banking,807,authentication_failed,1,13,0,895,2026-07-31T01:12:54.889635,US,api_integration,True,9.99,0,failed
TXN_001516,CUST_1071,MERCH_09,335.58,EUR,wallet,362,network_error,1,17,0,362,2026-08-18T22:10:32.270855,CA,mobile_app,False,0.0,0,failed
TXN_001517,CUST_0747,MERCH_02,35.05,GBP,wallet,335,expired_card,2,9,3,335,2026-08-02T22:43:42.983840,US,mobile_app,False,0.0,1,abandoned
TXN_001518,CUST_1148,MERCH_10,29.99,GBP,ach,286,expired_card,3,15,1,300,2026-08-02T18:12:21.983038,CA,mobile_app,True,29.99,2,failed
TXN_001519,CUST_1313,MERCH_07,408.55,GBP,ach,406,unknown,1,7,1,834,2026-08-17T02:30:40.815056,CA,web_browser,False,0.0,0,recovered
TXN_001520,CUST_0799,MERCH_01,137.84,INR,wallet,38,authentication_failed,1,0,5,38,2026-08-14T14:31:14.794217,US,api_integration,False,0.0,0,failed
TXN_001521,CUST_0579,MERCH_06,9.99,EUR,net_banking,420,bank_declined,1,17,4,420,2026-08-19T16:57:49.067168,GB,api_integration,True,9.99,0,abandoned
TXN_001522,CUST_1153,MERCH_09,149.84,EUR,net_banking,469,invalid_payment_method,1,19,5,469,2026-07-28T11:46:43.360298,GB,api_integration,False,0.0,0,failed
TXN_001523,CUST_1269,MERCH_06,25.27,USD,debit_card,53,authentication_failed,1,3,4,53,2026-08-07T07:12:31.730718,GB,api_integration,False,0.0,0,failed
TXN_001524,CUST_1206,MERCH_04,145.64,EUR,upi,15,network_error,1,2,3,15,2026-08-15T20:03:44.365432,US,web_browser,False,0.0,0,failed
TXN_001525,CUST_0522,MERCH_07,219.41,EUR,net_banking,85,insufficient_funds,1,12,4,108,2026-08-23T22:07:16.671189,DE,mobile_app,False,0.0,0,failed
TXN_001526,CUST_0267,MERCH_10,99.0,USD,ach,82,unknown,3,15,4,82,2026-08-24T11:18:57.268706,DE,api_integration,True,99.0,2,failed
TXN_001527,CUST_1273,MERCH_03,49.99,INR,debit_card,152,expired_card,1,1,2,324,2026-08-12T03:00:13.207840,GB,mobile_app,True,49.99,0,failed
TXN_001528,CUST_1386,MERCH_06,110.36,GBP,credit_card,13,bank_declined,2,14,5,13,2026-08-21T00:23:52.137306,AU,api_integration,False,0.0,1,failed
TXN_001529,CUST_0348,MERCH_02,46.39,EUR,debit_card,879,authentication_failed,1,0,1,982,2026-07-26T06:33:48.788065,AU,web_browser,False,0.0,0,recovered
TXN_001530,CUST_0815,MERCH_02,199.0,USD,credit_card,544,expired_card,1,18,0,707,2026-08-21T18:44:06.909841,GB,web_browser,True,199.0,0,failed
TXN_001531,CUST_0224,MERCH_03,40.77,INR,net_banking,352,expired_card,3,12,0,928,2026-08-08T21:16:30.789681,CA,mobile_app,False,0.0,2,recovered
TXN_001532,CUST_1000,MERCH_02,199.0,USD,ach,252,insufficient_funds,1,19,3,582,2026-08-06T06:06:08.375822,GB,api_integration,True,199.0,0,failed
TXN_001533,CUST_0758,MERCH_07,29.99,GBP,debit_card,253,authentication_failed,1,9,3,682,2026-08-13T05:43:46.464408,DE,web_browser,True,29.99,0,failed
TXN_001534,CUST_1263,MERCH_03,68.86,INR,wallet,253,limit_exceeded,1,3,3,298,2026-08-23T12:49:58.225038,IN,web_browser,False,0.0,0,recovered
TXN_001535,CUST_1095,MERCH_03,9.29,EUR,debit_card,666,insufficient_funds,1,19,3,785,2026-07-28T09:25:18.513776,DE,mobile_app,False,0.0,0,failed
TXN_001536,CUST_0873,MERCH_05,15.67,EUR,ach,36,bank_declined,1,13,0,36,2026-08-10T23:01:19.457388,IN,web_browser,False,0.0,0,abandoned
TXN_001537,CUST_1196,MERCH_05,269.24,INR,credit_card,39,insufficient_funds,2,11,0,39,2026-08-20T18:02:21.771770,GB,mobile_app,False,0.0,1,failed
TXN_001538,CUST_1096,MERCH_07,49.99,INR,wallet,270,insufficient_funds,1,16,0,270,2026-08-21T07:56:25.502804,GB,mobile_app,True,49.99,0,failed
TXN_001539,CUST_0144,MERCH_10,133.4,USD,wallet,267,insufficient_funds,2,15,3,267,2026-07-30T00:11:06.742044,IN,mobile_app,False,0.0,1,abandoned
TXN_001540,CUST_1135,MERCH_09,423.27,EUR,wallet,773,authentication_failed,1,8,2,773,2026-08-17T16:46:55.011314,AU,web_browser,False,0.0,0,recovered
TXN_001541,CUST_0378,MERCH_08,49.99,USD,credit_card,658,insufficient_funds,1,6,0,658,2026-08-08T00:22:58.751085,CA,web_browser,True,49.99,0,failed
TXN_001542,CUST_0171,MERCH_04,445.93,EUR,wallet,506,authentication_failed,1,16,0,520,2026-08-05T06:11:20.259243,IN,api_integration,False,0.0,0,failed
TXN_001543,CUST_0579,MERCH_04,55.1,USD,upi,97,expired_card,2,0,2,97,2026-08-06T03:13:04.438665,IN,api_integration,False,0.0,1,recovered
TXN_001544,CUST_1404,MERCH_07,19.99,USD,ach,271,authentication_failed,2,12,1,358,2026-07-28T02:25:35.270816,IN,mobile_app,True,19.99,1,abandoned
TXN_001545,CUST_0274,MERCH_10,199.0,GBP,ach,8,bank_declined,1,14,3,138,2026-08-24T05:19:25.117698,DE,api_integration,True,199.0,0,failed
TXN_001546,CUST_0657,MERCH_02,41.33,USD,ach,78,insufficient_funds,1,7,4,659,2026-08-06T07:56:33.423246,IN,mobile_app,False,0.0,0,failed
TXN_001547,CUST_0667,MERCH_09,9.28,GBP,debit_card,155,bank_declined,1,17,3,155,2026-07-27T19:36:26.928619,IN,mobile_app,False,0.0,0,failed
TXN_001548,CUST_0864,MERCH_02,281.76,INR,net_banking,15,network_error,2,5,2,15,2026-08-04T14:40:32.030950,US,mobile_app,False,0.0,1,recovered
TXN_001549,CUST_1192,MERCH_10,9.99,INR,wallet,102,insufficient_funds,2,12,4,442,2026-08-10T13:37:02.394954,CA,web_browser,True,9.99,1,failed
TXN_001550,CUST_1436,MERCH_03,19.99,INR,credit_card,344,network_error,2,1,4,344,2026-07-31T17:42:31.024206,DE,web_browser,True,19.99,1,failed
TXN_001551,CUST_0502,MERCH_07,136.34,EUR,wallet,321,insufficient_funds,1,14,3,620,2026-08-17T12:16:17.030445,US,mobile_app,False,0.0,0,failed
TXN_001552,CUST_1044,MERCH_04,97.84,GBP,wallet,176,insufficient_funds,1,1,5,463,2026-08-08T14:21:34.900699,US,api_integration,False,0.0,0,failed
TXN_001553,CUST_1143,MERCH_08,199.0,EUR,ach,26,expired_card,2,4,1,123,2026-07-29T17:04:42.807560,CA,mobile_app,True,199.0,1,failed
TXN_001554,CUST_1115,MERCH_02,32.44,INR,debit_card,7,network_error,1,2,3,855,2026-08-12T14:26:50.294333,GB,web_browser,False,0.0,0,failed
TXN_001555,CUST_0369,MERCH_03,28.36,INR,ach,186,authentication_failed,1,0,1,351,2026-08-02T03:43:48.908839,AU,api_integration,False,0.0,0,failed
TXN_001556,CUST_0134,MERCH_10,59.6,EUR,upi,385,network_error,1,15,1,385,2026-08-12T04:39:13.766352,US,mobile_app,False,0.0,0,recovered
TXN_001557,CUST_0367,MERCH_08,17.33,EUR,ach,25,expired_card,4,9,5,571,2026-08-16T16:52:03.565249,GB,api_integration,False,0.0,3,failed
TXN_001558,CUST_1206,MERCH_06,49.99,USD,debit_card,589,insufficient_funds,1,3,0,589,2026-08-08T16:53:16.210743,CA,api_integration,True,49.99,0,abandoned
TXN_001559,CUST_0928,MERCH_05,144.96,GBP,debit_card,491,authentication_failed,1,13,2,491,2026-07-26T09:30:39.282414,IN,web_browser,False,0.0,0,recovered
TXN_001560,CUST_0876,MERCH_01,99.0,USD,wallet,25,authentication_failed,1,9,3,266,2026-07-31T04:33:04.318368,US,api_integration,True,99.0,0,failed
TXN_001561,CUST_0166,MERCH_08,150.02,INR,net_banking,45,authentication_failed,1,2,3,308,2026-08-03T00:46:20.405201,DE,api_integration,False,0.0,0,failed
TXN_001562,CUST_1380,MERCH_03,499.0,USD,wallet,276,insufficient_funds,1,7,2,554,2026-07-27T11:30:38.529756,IN,mobile_app,True,499.0,0,failed
TXN_001563,CUST_0558,MERCH_10,84.2,GBP,ach,732,insufficient_funds,1,5,1,732,2026-08-19T19:37:41.974954,AU,mobile_app,False,0.0,0,failed
TXN_001564,CUST_0129,MERCH_06,5.22,EUR,ach,22,insufficient_funds,1,6,0,63,2026-08-17T08:28:34.391059,AU,web_browser,False,0.0,0,failed
TXN_001565,CUST_1028,MERCH_04,22.69,USD,net_banking,586,insufficient_funds,2,16,4,586,2026-08-21T04:09:16.479490,US,mobile_app,False,0.0,1,abandoned
TXN_001566,CUST_1287,MERCH_02,130.8,GBP,ach,143,bank_declined,1,4,1,143,2026-08-02T13:12:25.915842,AU,api_integration,False,0.0,0,abandoned
TXN_001567,CUST_0191,MERCH_07,99.0,EUR,net_banking,557,network_error,4,10,2,557,2026-08-10T09:55:07.160707,IN,mobile_app,True,99.0,3,abandoned
TXN_001568,CUST_0203,MERCH_01,258.87,INR,net_banking,225,unknown,1,16,2,701,2026-08-21T21:49:07.572128,US,mobile_app,False,0.0,0,failed
TXN_001569,CUST_1171,MERCH_02,19.55,EUR,debit_card,266,authentication_failed,1,20,2,711,2026-08-07T14:45:01.434327,US,mobile_app,False,0.0,0,failed
TXN_001570,CUST_1402,MERCH_05,6.82,EUR,upi,285,expired_card,1,10,1,285,2026-08-13T13:29:04.064466,DE,api_integration,False,0.0,0,failed
TXN_001571,CUST_0659,MERCH_07,92.41,INR,ach,142,bank_declined,1,3,0,564,2026-08-24T07:57:00.153681,DE,mobile_app,False,0.0,0,recovered
TXN_001572,CUST_1138,MERCH_03,199.0,GBP,debit_card,786,insufficient_funds,1,14,4,945,2026-07-26T23:41:14.728588,US,api_integration,True,199.0,0,failed
TXN_001573,CUST_0809,MERCH_09,49.99,GBP,upi,233,insufficient_funds,2,10,1,479,2026-07-26T16:30:44.891409,IN,mobile_app,True,49.99,1,failed
TXN_001574,CUST_0805,MERCH_08,9.99,USD,wallet,97,insufficient_funds,1,5,4,97,2026-08-03T18:41:00.762908,US,api_integration,True,9.99,0,failed
TXN_001575,CUST_0957,MERCH_02,34.16,USD,credit_card,19,authentication_failed,1,10,2,579,2026-08-12T21:16:17.938550,CA,api_integration,False,0.0,0,recovered
TXN_001576,CUST_0454,MERCH_04,29.99,USD,credit_card,88,expired_card,1,0,0,88,2026-08-11T01:34:29.293279,AU,api_integration,True,29.99,0,failed
TXN_001577,CUST_0459,MERCH_04,99.0,EUR,credit_card,71,bank_declined,1,20,3,71,2026-07-28T16:22:41.957428,CA,api_integration,True,99.0,0,failed
TXN_001578,CUST_0979,MERCH_07,43.12,INR,net_banking,391,network_error,1,8,2,391,2026-08-05T03:53:27.774436,CA,mobile_app,False,0.0,0,recovered
TXN_001579,CUST_1398,MERCH_05,266.63,INR,ach,243,insufficient_funds,1,19,0,341,2026-08-02T12:13:48.722258,GB,web_browser,False,0.0,0,failed
TXN_001580,CUST_0404,MERCH_05,29.99,USD,ach,420,authentication_failed,1,13,0,503,2026-08-15T06:40:15.669396,AU,mobile_app,True,29.99,0,failed
TXN_001581,CUST_1039,MERCH_03,95.51,GBP,debit_card,721,insufficient_funds,1,12,3,721,2026-08-03T20:25:57.221389,IN,web_browser,False,0.0,0,failed
TXN_001582,CUST_0256,MERCH_10,327.96,GBP,credit_card,523,expired_card,2,17,3,523,2026-08-16T00:14:07.818152,AU,mobile_app,False,0.0,1,recovered
TXN_001583,CUST_1284,MERCH_01,39.92,INR,debit_card,523,insufficient_funds,1,13,0,826,2026-07-26T00:19:37.803700,IN,web_browser,False,0.0,0,failed
TXN_001584,CUST_0656,MERCH_04,13.27,GBP,upi,157,bank_declined,1,12,4,157,2026-08-01T02:19:01.183085,DE,api_integration,False,0.0,0,failed
TXN_001585,CUST_0829,MERCH_03,49.51,USD,credit_card,676,network_error,1,0,3,676,2026-07-31T06:21:13.908091,AU,api_integration,False,0.0,0,failed
TXN_001586,CUST_1354,MERCH_08,99.0,INR,upi,256,authentication_failed,1,16,1,475,2026-08-17T19:23:36.855756,AU,api_integration,True,99.0,0,recovered
TXN_001587,CUST_0688,MERCH_09,251.21,GBP,upi,284,bank_declined,2,16,4,284,2026-07-26T00:34:43.056674,US,web_browser,False,0.0,1,failed
TXN_001588,CUST_0301,MERCH_02,19.99,INR,credit_card,201,insufficient_funds,2,11,2,201,2026-08-03T00:41:41.185685,US,api_integration,True,19.99,1,failed
TXN_001589,CUST_0922,MERCH_01,146.74,GBP,credit_card,844,invalid_payment_method,1,13,0,844,2026-08-03T09:49:16.454816,US,mobile_app,False,0.0,0,failed
TXN_001590,CUST_0434,MERCH_01,38.78,EUR,credit_card,619,authentication_failed,3,17,4,638,2026-08-22T03:05:07.045243,US,mobile_app,False,0.0,2,failed
TXN_001591,CUST_0709,MERCH_08,19.99,USD,ach,102,insufficient_funds,2,15,5,102,2026-08-08T04:06:29.905483,US,api_integration,True,19.99,1,recovered
TXN_001592,CUST_0894,MERCH_03,177.68,GBP,wallet,265,authentication_failed,1,1,5,520,2026-07-30T10:53:14.214522,GB,web_browser,False,0.0,0,recovered
TXN_001593,CUST_0119,MERCH_02,19.99,INR,wallet,346,invalid_payment_method,1,10,1,346,2026-08-10T15:18:14.336231,DE,api_integration,True,19.99,0,failed
TXN_001594,CUST_1008,MERCH_09,5.52,USD,net_banking,58,insufficient_funds,2,14,4,779,2026-07-27T10:49:50.729236,US,api_integration,False,0.0,1,failed
TXN_001595,CUST_1148,MERCH_02,100.23,EUR,net_banking,611,network_error,3,4,1,694,2026-07-26T04:20:32.898613,CA,mobile_app,False,0.0,2,failed
TXN_001596,CUST_1196,MERCH_04,67.07,EUR,wallet,574,insufficient_funds,1,14,3,574,2026-08-19T08:25:32.238131,US,api_integration,False,0.0,0,abandoned
TXN_001597,CUST_1224,MERCH_06,98.97,INR,debit_card,174,unknown,1,1,0,174,2026-08-18T23:43:10.299523,CA,mobile_app,False,0.0,0,recovered
TXN_001598,CUST_0432,MERCH_02,136.95,GBP,ach,685,network_error,1,12,4,685,2026-08-11T03:17:38.957823,CA,mobile_app,False,0.0,0,failed
TXN_001599,CUST_0896,MERCH_08,177.16,INR,credit_card,122,insufficient_funds,1,19,5,122,2026-07-27T20:53:30.139858,GB,mobile_app,False,0.0,0,abandoned
TXN_001600,CUST_0336,MERCH_07,265.12,EUR,debit_card,10,expired_card,1,0,3,951,2026-07-26T10:32:50.260100,GB,mobile_app,False,0.0,0,failed
TXN_001601,CUST_0330,MERCH_10,306.15,USD,ach,300,authentication_failed,1,9,4,876,2026-08-24T12:08:05.566618,CA,api_integration,False,0.0,0,failed
TXN_001602,CUST_0252,MERCH_01,297.95,GBP,ach,73,insufficient_funds,1,3,2,934,2026-08-01T21:44:21.651634,GB,web_browser,False,0.0,0,recovered
TXN_001603,CUST_0601,MERCH_04,308.44,USD,upi,318,authentication_failed,1,10,1,318,2026-08-24T07:11:54.467965,CA,web_browser,False,0.0,0,failed
TXN_001604,CUST_0631,MERCH_03,110.65,USD,debit_card,328,network_error,1,13,0,328,2026-08-02T11:33:16.958019,DE,mobile_app,False,0.0,0,failed
TXN_001605,CUST_1019,MERCH_08,251.9,INR,net_banking,577,insufficient_funds,1,18,2,784,2026-08-13T22:41:08.412005,AU,mobile_app,False,0.0,0,failed
TXN_001606,CUST_1475,MERCH_10,31.29,EUR,upi,303,bank_declined,1,0,1,303,2026-07-30T12:55:16.039815,CA,web_browser,False,0.0,0,recovered
TXN_001607,CUST_1059,MERCH_03,29.99,GBP,upi,209,insufficient_funds,1,3,0,472,2026-08-21T03:18:05.480670,AU,web_browser,True,29.99,0,failed
TXN_001608,CUST_1188,MERCH_04,168.86,GBP,upi,315,insufficient_funds,4,3,3,326,2026-08-01T12:37:15.888508,US,web_browser,False,0.0,3,failed
TXN_001609,CUST_1130,MERCH_06,97.16,GBP,debit_card,177,insufficient_funds,1,1,1,577,2026-08-12T23:32:35.866071,CA,mobile_app,False,0.0,0,recovered
TXN_001610,CUST_1236,MERCH_09,877.96,INR,net_banking,11,expired_card,1,13,2,140,2026-08-04T07:39:39.893064,US,api_integration,False,0.0,0,recovered
TXN_001611,CUST_0522,MERCH_06,199.0,GBP,ach,428,authentication_failed,1,12,3,428,2026-08-18T06:38:01.734250,DE,web_browser,True,199.0,0,recovered
TXN_001612,CUST_1343,MERCH_01,344.39,INR,credit_card,941,bank_declined,1,8,4,941,2026-08-04T10:22:28.254525,AU,web_browser,False,0.0,0,failed
TXN_001613,CUST_0858,MERCH_04,5.91,EUR,wallet,149,network_error,1,16,4,791,2026-08-02T13:10:44.460317,CA,web_browser,False,0.0,0,failed
TXN_001614,CUST_0627,MERCH_01,36.95,GBP,ach,60,bank_declined,2,10,3,462,2026-07-29T08:39:28.128459,GB,web_browser,False,0.0,1,failed
TXN_001615,CUST_0621,MERCH_03,290.11,INR,net_banking,801,authentication_failed,1,0,1,852,2026-08-19T09:14:29.872241,AU,mobile_app,False,0.0,0,failed
TXN_001616,CUST_1032,MERCH_04,9.99,EUR,ach,151,bank_declined,1,5,5,151,2026-07-30T17:42:54.343581,CA,web_browser,True,9.99,0,recovered
TXN_001617,CUST_1342,MERCH_02,21.91,GBP,wallet,632,insufficient_funds,1,9,1,632,2026-08-16T18:24:38.811451,DE,mobile_app,False,0.0,0,failed
TXN_001618,CUST_0166,MERCH_06,9.99,INR,ach,213,network_error,3,18,0,213,2026-08-23T22:11:27.890190,CA,api_integration,True,9.99,2,failed
TXN_001619,CUST_1225,MERCH_01,29.99,USD,net_banking,508,insufficient_funds,1,12,2,508,2026-08-24T01:17:50.016110,CA,mobile_app,True,29.99,0,failed
TXN_001620,CUST_0542,MERCH_02,391.26,INR,net_banking,12,expired_card,3,1,2,702,2026-08-18T20:44:47.208768,CA,mobile_app,False,0.0,2,failed
TXN_001621,CUST_0619,MERCH_05,134.26,USD,wallet,286,network_error,2,14,1,577,2026-08-17T13:30:58.048781,IN,api_integration,False,0.0,1,failed
TXN_001622,CUST_0166,MERCH_07,50.19,INR,ach,628,insufficient_funds,2,11,4,747,2026-08-21T13:13:11.374331,DE,mobile_app,False,0.0,1,failed
TXN_001623,CUST_0360,MERCH_08,30.8,INR,upi,90,bank_declined,1,5,4,882,2026-07-31T03:33:22.462765,AU,mobile_app,False,0.0,0,failed
TXN_001624,CUST_0711,MERCH_10,14.2,EUR,upi,405,network_error,1,13,3,405,2026-07-29T22:12:31.205442,IN,api_integration,False,0.0,0,failed
TXN_001625,CUST_1101,MERCH_05,212.3,USD,net_banking,1,authentication_failed,1,0,3,741,2026-08-15T18:32:51.751817,AU,web_browser,False,0.0,0,failed
TXN_001626,CUST_0844,MERCH_07,19.99,USD,debit_card,733,insufficient_funds,1,0,5,733,2026-07-30T11:34:38.593304,IN,mobile_app,True,19.99,0,abandoned
TXN_001627,CUST_0860,MERCH_05,99.0,EUR,debit_card,587,insufficient_funds,1,8,4,587,2026-07-28T20:28:46.969044,IN,mobile_app,True,99.0,0,failed
TXN_001628,CUST_0454,MERCH_01,19.99,USD,credit_card,384,expired_card,3,1,1,830,2026-08-14T11:48:29.147619,DE,api_integration,True,19.99,2,recovered
TXN_001629,CUST_0563,MERCH_06,64.75,EUR,ach,415,bank_declined,1,1,1,876,2026-07-31T13:25:34.866238,IN,api_integration,False,0.0,0,recovered
TXN_001630,CUST_0496,MERCH_04,19.99,USD,upi,168,insufficient_funds,1,7,3,942,2026-07-31T11:02:37.420319,DE,api_integration,True,19.99,0,failed
TXN_001631,CUST_1202,MERCH_04,19.99,GBP,upi,93,network_error,3,8,2,93,2026-08-01T09:54:53.764911,DE,api_integration,True,19.99,2,failed
TXN_001632,CUST_1359,MERCH_03,9.99,INR,credit_card,78,insufficient_funds,1,15,3,203,2026-08-13T15:54:28.968904,US,web_browser,True,9.99,0,failed
TXN_001633,CUST_0473,MERCH_10,158.63,USD,ach,638,authentication_failed,1,14,2,638,2026-08-12T22:45:15.484026,IN,mobile_app,False,0.0,0,failed
TXN_001634,CUST_1086,MERCH_06,199.0,GBP,upi,327,expired_card,1,13,2,485,2026-08-05T22:16:28.537587,CA,mobile_app,True,199.0,0,recovered
TXN_001635,CUST_0390,MERCH_01,88.2,EUR,upi,5,expired_card,1,7,0,5,2026-07-29T10:26:25.991389,IN,web_browser,False,0.0,0,recovered
TXN_001636,CUST_0225,MERCH_04,199.0,INR,ach,236,insufficient_funds,1,11,5,236,2026-08-21T23:45:29.255128,IN,mobile_app,True,199.0,0,failed
TXN_001637,CUST_1291,MERCH_02,45.72,INR,upi,497,network_error,1,16,3,497,2026-08-16T23:38:56.977871,AU,api_integration,False,0.0,0,recovered
TXN_001638,CUST_0614,MERCH_03,9.99,USD,wallet,261,authentication_failed,1,7,5,839,2026-08-03T19:15:53.581429,IN,api_integration,True,9.99,0,recovered
TXN_001639,CUST_0115,MERCH_05,103.99,INR,wallet,392,insufficient_funds,1,15,5,392,2026-07-29T09:31:39.528833,DE,api_integration,False,0.0,0,abandoned
TXN_001640,CUST_0980,MERCH_06,29.99,EUR,credit_card,349,limit_exceeded,2,1,1,349,2026-07-27T00:21:44.146583,DE,web_browser,True,29.99,1,recovered
TXN_001641,CUST_1403,MERCH_09,204.34,INR,net_banking,794,authentication_failed,1,17,1,997,2026-08-01T00:04:54.646879,IN,mobile_app,False,0.0,0,failed
TXN_001642,CUST_1140,MERCH_05,103.74,EUR,credit_card,313,bank_declined,1,5,2,313,2026-07-29T13:39:14.054297,DE,web_browser,False,0.0,0,recovered
TXN_001643,CUST_0445,MERCH_09,19.99,GBP,debit_card,109,insufficient_funds,1,11,0,774,2026-07-31T22:35:04.802031,GB,web_browser,True,19.99,0,failed
TXN_001644,CUST_0452,MERCH_09,36.37,EUR,credit_card,14,bank_declined,3,5,5,14,2026-08-19T22:29:22.343743,GB,api_integration,False,0.0,2,failed
TXN_001645,CUST_1274,MERCH_03,6.73,GBP,credit_card,175,insufficient_funds,2,20,3,404,2026-08-20T18:45:07.602146,GB,web_browser,False,0.0,1,failed
TXN_001646,CUST_0207,MERCH_10,89.4,USD,wallet,41,insufficient_funds,1,15,2,663,2026-08-22T13:35:30.139077,IN,mobile_app,False,0.0,0,failed
TXN_001647,CUST_0859,MERCH_04,149.82,USD,net_banking,89,insufficient_funds,3,9,3,96,2026-07-30T06:00:30.757424,US,api_integration,False,0.0,2,failed
TXN_001648,CUST_0394,MERCH_08,166.41,GBP,net_banking,114,insufficient_funds,2,8,3,114,2026-07-30T14:23:04.598609,IN,web_browser,False,0.0,1,failed
TXN_001649,CUST_0676,MERCH_04,116.89,USD,net_banking,334,invalid_payment_method,1,0,0,587,2026-08-16T16:07:38.033727,CA,api_integration,False,0.0,0,failed
TXN_001650,CUST_0400,MERCH_04,22.7,USD,net_banking,13,unknown,1,6,3,118,2026-08-17T01:03:18.758971,GB,mobile_app,False,0.0,0,recovered
TXN_001651,CUST_0509,MERCH_02,69.38,GBP,wallet,767,limit_exceeded,1,9,0,938,2026-08-10T17:13:59.637025,GB,web_browser,False,0.0,0,failed
TXN_001652,CUST_0960,MERCH_01,298.48,GBP,credit_card,185,insufficient_funds,1,8,4,300,2026-08-16T11:45:36.359248,CA,web_browser,False,0.0,0,failed
TXN_001653,CUST_0796,MERCH_02,124.94,USD,debit_card,631,insufficient_funds,1,2,3,635,2026-08-03T21:28:52.610823,GB,api_integration,False,0.0,0,failed
TXN_001654,CUST_0548,MERCH_08,51.51,GBP,wallet,225,insufficient_funds,1,15,1,225,2026-07-31T22:21:25.443498,GB,web_browser,False,0.0,0,recovered
TXN_001655,CUST_1267,MERCH_01,29.99,USD,upi,231,limit_exceeded,1,17,2,764,2026-08-12T06:33:27.731008,AU,web_browser,True,29.99,0,recovered
TXN_001656,CUST_0454,MERCH_04,90.34,EUR,ach,13,bank_declined,1,2,5,13,2026-08-09T18:55:20.951502,GB,web_browser,False,0.0,0,failed
TXN_001657,CUST_0648,MERCH_03,49.99,INR,net_banking,605,bank_declined,1,7,2,799,2026-08-23T20:05:37.391649,DE,mobile_app,True,49.99,0,recovered
TXN_001658,CUST_0636,MERCH_07,29.99,EUR,upi,421,expired_card,1,20,5,421,2026-08-09T15:48:21.692950,IN,web_browser,True,29.99,0,failed
TXN_001659,CUST_0204,MERCH_07,75.54,GBP,debit_card,877,authentication_failed,1,14,5,987,2026-07-28T22:23:27.419401,AU,web_browser,False,0.0,0,failed
TXN_001660,CUST_0578,MERCH_07,392.77,USD,credit_card,305,limit_exceeded,3,2,2,675,2026-08-13T15:08:11.384746,IN,web_browser,False,0.0,2,failed
TXN_001661,CUST_1073,MERCH_03,282.84,GBP,credit_card,42,insufficient_funds,2,16,2,343,2026-07-30T16:28:59.225649,GB,mobile_app,False,0.0,1,recovered
TXN_001662,CUST_0844,MERCH_07,10.07,INR,credit_card,254,limit_exceeded,1,7,5,254,2026-08-09T12:55:16.415024,CA,web_browser,False,0.0,0,failed
TXN_001663,CUST_1420,MERCH_08,40.55,INR,net_banking,811,network_error,3,15,5,811,2026-08-20T17:50:40.988086,CA,web_browser,False,0.0,2,failed
TXN_001664,CUST_1276,MERCH_05,99.0,EUR,ach,521,insufficient_funds,1,16,3,521,2026-08-09T17:49:37.643563,DE,mobile_app,True,99.0,0,failed
TXN_001665,CUST_0893,MERCH_08,99.0,GBP,net_banking,174,expired_card,2,9,5,833,2026-07-29T18:17:18.873088,US,api_integration,True,99.0,1,recovered
TXN_001666,CUST_0744,MERCH_06,499.0,GBP,ach,142,bank_declined,2,9,4,142,2026-08-23T01:14:44.827869,US,api_integration,True,499.0,1,recovered
TXN_001667,CUST_0922,MERCH_08,49.99,USD,net_banking,72,expired_card,1,5,0,781,2026-07-27T21:18:47.215330,IN,api_integration,True,49.99,0,failed
TXN_001668,CUST_1290,MERCH_03,279.24,EUR,debit_card,164,insufficient_funds,1,18,4,953,2026-08-12T06:05:02.569409,IN,web_browser,False,0.0,0,failed
TXN_001669,CUST_0285,MERCH_08,373.75,INR,ach,269,insufficient_funds,1,13,2,626,2026-08-20T01:56:16.749216,AU,api_integration,False,0.0,0,failed
TXN_001670,CUST_1196,MERCH_04,199.0,GBP,net_banking,656,network_error,1,10,2,704,2026-08-16T08:16:48.951119,US,web_browser,True,199.0,0,failed
TXN_001671,CUST_1326,MERCH_03,99.0,EUR,debit_card,3,insufficient_funds,1,17,3,195,2026-08-08T21:34:59.222746,DE,api_integration,True,99.0,0,abandoned
TXN_001672,CUST_0669,MERCH_04,199.0,USD,net_banking,552,insufficient_funds,1,2,3,743,2026-07-30T00:21:14.918441,AU,web_browser,True,199.0,0,failed
TXN_001673,CUST_1412,MERCH_05,42.61,GBP,ach,594,insufficient_funds,2,20,4,594,2026-08-23T06:11:49.251657,GB,api_integration,False,0.0,1,abandoned
TXN_001674,CUST_1447,MERCH_03,112.31,INR,net_banking,48,insufficient_funds,1,6,3,794,2026-08-06T20:12:57.179223,AU,web_browser,False,0.0,0,failed
TXN_001675,CUST_0187,MERCH_08,19.99,GBP,debit_card,33,insufficient_funds,1,20,4,33,2026-07-30T01:05:43.064165,CA,mobile_app,True,19.99,0,recovered
TXN_001676,CUST_1182,MERCH_03,442.45,USD,net_banking,307,authentication_failed,2,20,2,853,2026-07-27T10:05:13.609495,IN,api_integration,False,0.0,1,failed
TXN_001677,CUST_1139,MERCH_10,458.65,USD,ach,283,insufficient_funds,1,20,3,647,2026-08-24T17:55:13.708355,DE,web_browser,False,0.0,0,failed
TXN_001678,CUST_0325,MERCH_03,83.17,USD,ach,137,insufficient_funds,2,17,0,544,2026-08-21T05:04:10.957197,IN,web_browser,False,0.0,1,failed
TXN_001679,CUST_0498,MERCH_05,52.07,GBP,credit_card,646,insufficient_funds,1,19,3,646,2026-07-25T20:48:03.684728,US,mobile_app,False,0.0,0,failed
TXN_001680,CUST_0122,MERCH_05,404.85,INR,debit_card,383,insufficient_funds,1,5,5,898,2026-08-07T05:56:30.725731,CA,web_browser,False,0.0,0,failed
TXN_001681,CUST_0609,MERCH_01,99.0,GBP,ach,415,limit_exceeded,2,18,3,415,2026-08-17T07:34:12.120732,CA,mobile_app,True,99.0,1,recovered
TXN_001682,CUST_0370,MERCH_05,49.99,USD,ach,361,insufficient_funds,1,9,0,361,2026-08-17T03:18:38.418068,DE,web_browser,True,49.99,0,recovered
TXN_001683,CUST_0852,MERCH_05,7.46,EUR,ach,279,insufficient_funds,3,12,5,279,2026-08-20T09:45:34.595287,DE,web_browser,False,0.0,2,failed
TXN_001684,CUST_1120,MERCH_04,74.17,GBP,net_banking,156,invalid_payment_method,4,12,3,156,2026-08-11T23:27:18.835246,CA,api_integration,False,0.0,3,failed
TXN_001685,CUST_1379,MERCH_09,55.05,INR,debit_card,318,insufficient_funds,2,11,4,318,2026-07-30T03:44:49.141813,AU,mobile_app,False,0.0,1,abandoned
TXN_001686,CUST_0625,MERCH_03,116.49,GBP,wallet,132,insufficient_funds,1,13,4,635,2026-08-22T15:10:31.014907,DE,web_browser,False,0.0,0,failed
TXN_001687,CUST_0462,MERCH_04,75.97,INR,debit_card,159,unknown,1,19,5,841,2026-08-01T01:57:36.708215,GB,api_integration,False,0.0,0,recovered
TXN_001688,CUST_1077,MERCH_07,113.47,INR,upi,192,bank_declined,3,14,4,192,2026-08-15T18:43:26.053887,DE,mobile_app,False,0.0,2,failed
TXN_001689,CUST_0200,MERCH_09,343.37,USD,debit_card,205,network_error,1,3,2,205,2026-08-01T21:10:26.830454,IN,web_browser,False,0.0,0,failed
TXN_001690,CUST_0120,MERCH_01,9.99,USD,upi,675,insufficient_funds,1,1,5,675,2026-07-30T14:43:15.295328,AU,api_integration,True,9.99,0,failed
TXN_001691,CUST_1454,MERCH_04,499.0,GBP,upi,223,insufficient_funds,1,18,0,223,2026-07-31T11:16:22.406134,IN,api_integration,True,499.0,0,failed
TXN_001692,CUST_1213,MERCH_08,9.99,INR,upi,336,authentication_failed,2,17,3,660,2026-08-20T00:28:25.800400,US,web_browser,True,9.99,1,failed
TXN_001693,CUST_1371,MERCH_03,99.0,USD,wallet,32,insufficient_funds,3,10,1,32,2026-08-11T23:17:49.665588,GB,api_integration,True,99.0,2,abandoned
TXN_001694,CUST_1370,MERCH_07,99.0,USD,net_banking,665,invalid_payment_method,1,17,0,665,2026-07-29T10:26:59.058988,AU,web_browser,True,99.0,0,failed
TXN_001695,CUST_0603,MERCH_01,148.44,EUR,credit_card,342,expired_card,4,16,3,586,2026-08-02T02:01:34.876964,GB,mobile_app,False,0.0,3,failed
TXN_001696,CUST_0729,MERCH_08,24.26,USD,credit_card,199,insufficient_funds,1,7,0,673,2026-07-30T07:16:26.200849,US,web_browser,False,0.0,0,recovered
TXN_001697,CUST_1103,MERCH_08,199.0,INR,credit_card,64,insufficient_funds,1,15,2,64,2026-08-01T23:04:30.481169,IN,api_integration,True,199.0,0,recovered
TXN_001698,CUST_0783,MERCH_10,276.02,EUR,ach,204,authentication_failed,1,2,4,204,2026-08-23T14:28:07.875296,IN,web_browser,False,0.0,0,failed
TXN_001699,CUST_0735,MERCH_05,55.66,INR,debit_card,27,authentication_failed,1,8,3,442,2026-08-12T08:01:31.597333,GB,mobile_app,False,0.0,0,abandoned
TXN_001700,CUST_0110,MERCH_08,63.15,EUR,credit_card,483,network_error,1,19,0,806,2026-08-04T04:09:22.448507,CA,api_integration,False,0.0,0,abandoned
TXN_001701,CUST_0589,MERCH_03,139.87,EUR,wallet,198,insufficient_funds,1,11,3,198,2026-08-22T14:40:08.830751,US,web_browser,False,0.0,0,recovered
TXN_001702,CUST_0809,MERCH_09,17.35,GBP,ach,856,bank_declined,1,3,2,917,2026-07-31T19:01:10.271511,GB,mobile_app,False,0.0,0,failed
TXN_001703,CUST_1333,MERCH_02,12.2,USD,ach,52,expired_card,1,15,0,52,2026-07-30T22:47:04.680630,GB,web_browser,False,0.0,0,failed
TXN_001704,CUST_0738,MERCH_02,53.5,USD,ach,808,insufficient_funds,2,7,4,946,2026-08-22T08:51:59.317209,IN,api_integration,False,0.0,1,failed
TXN_001705,CUST_0883,MERCH_07,499.0,EUR,ach,381,invalid_payment_method,3,1,1,527,2026-08-12T20:00:23.248784,AU,api_integration,True,499.0,2,failed
TXN_001706,CUST_0143,MERCH_08,121.64,GBP,ach,623,insufficient_funds,1,10,1,623,2026-08-13T08:23:28.946888,DE,mobile_app,False,0.0,0,abandoned
TXN_001707,CUST_0517,MERCH_04,196.39,USD,net_banking,480,insufficient_funds,1,1,1,620,2026-08-09T17:16:57.870457,CA,mobile_app,False,0.0,0,recovered
TXN_001708,CUST_1135,MERCH_10,103.95,EUR,debit_card,43,invalid_payment_method,2,19,1,43,2026-08-06T08:39:24.295963,US,mobile_app,False,0.0,1,failed
TXN_001709,CUST_0508,MERCH_03,76.36,INR,debit_card,347,insufficient_funds,1,17,2,567,2026-07-31T19:19:29.646350,AU,mobile_app,False,0.0,0,failed
TXN_001710,CUST_0328,MERCH_10,82.45,GBP,ach,163,insufficient_funds,1,14,5,689,2026-08-06T19:06:19.244679,US,web_browser,False,0.0,0,failed
TXN_001711,CUST_1077,MERCH_05,191.29,INR,credit_card,696,insufficient_funds,2,1,4,696,2026-08-05T14:20:36.125581,CA,mobile_app,False,0.0,1,failed
TXN_001712,CUST_0692,MERCH_07,16.44,GBP,net_banking,250,authentication_failed,1,10,5,250,2026-08-10T05:40:45.830696,IN,web_browser,False,0.0,0,recovered
TXN_001713,CUST_0468,MERCH_04,187.17,EUR,credit_card,238,authentication_failed,1,0,2,238,2026-08-22T14:27:16.825213,IN,web_browser,False,0.0,0,recovered
TXN_001714,CUST_1095,MERCH_09,5.89,GBP,net_banking,50,limit_exceeded,3,16,3,50,2026-08-17T17:13:55.958570,IN,web_browser,False,0.0,2,failed
TXN_001715,CUST_0117,MERCH_06,19.99,USD,credit_card,649,bank_declined,1,20,0,663,2026-08-06T02:23:09.411550,IN,api_integration,True,19.99,0,recovered
TXN_001716,CUST_0189,MERCH_10,19.99,INR,ach,30,insufficient_funds,1,7,5,30,2026-08-16T22:40:02.002309,IN,web_browser,True,19.99,0,failed
TXN_001717,CUST_0859,MERCH_10,183.67,GBP,credit_card,665,expired_card,1,3,4,665,2026-08-23T07:49:42.045147,IN,web_browser,False,0.0,0,failed
TXN_001718,CUST_0814,MERCH_08,167.52,EUR,ach,605,insufficient_funds,1,8,5,605,2026-08-02T09:36:22.384852,GB,web_browser,False,0.0,0,failed
TXN_001719,CUST_0561,MERCH_09,9.99,INR,upi,124,authentication_failed,1,20,4,124,2026-08-05T22:29:38.546772,GB,web_browser,True,9.99,0,failed
TXN_001720,CUST_0915,MERCH_07,499.0,GBP,credit_card,127,insufficient_funds,1,11,1,127,2026-08-03T19:59:06.839472,IN,web_browser,True,499.0,0,failed
TXN_001721,CUST_0310,MERCH_07,29.99,GBP,credit_card,11,authentication_failed,1,0,3,11,2026-08-02T01:58:23.702971,IN,mobile_app,True,29.99,0,recovered
TXN_001722,CUST_0823,MERCH_02,110.17,USD,net_banking,5,insufficient_funds,1,11,1,698,2026-08-03T00:57:44.436912,CA,mobile_app,False,0.0,0,failed
TXN_001723,CUST_0747,MERCH_07,29.99,EUR,upi,133,authentication_failed,1,18,0,383,2026-08-18T12:53:47.156563,CA,api_integration,True,29.99,0,failed
TXN_001724,CUST_0643,MERCH_01,75.59,GBP,wallet,100,insufficient_funds,2,11,1,100,2026-07-26T04:34:48.557202,US,web_browser,False,0.0,1,recovered
TXN_001725,CUST_1042,MERCH_02,411.75,EUR,ach,590,insufficient_funds,1,20,4,653,2026-08-02T12:10:40.454668,CA,api_integration,False,0.0,0,failed
TXN_001726,CUST_0539,MERCH_07,78.74,GBP,net_banking,331,insufficient_funds,2,7,1,903,2026-08-05T23:58:09.368510,DE,mobile_app,False,0.0,1,failed
TXN_001727,CUST_0866,MERCH_08,499.0,EUR,debit_card,490,insufficient_funds,2,7,5,711,2026-08-22T03:38:05.145071,US,api_integration,True,499.0,1,recovered
TXN_001728,CUST_0305,MERCH_10,19.99,GBP,debit_card,248,insufficient_funds,1,11,3,501,2026-08-20T12:04:23.443682,AU,mobile_app,True,19.99,0,recovered
TXN_001729,CUST_0530,MERCH_10,56.18,GBP,net_banking,246,insufficient_funds,2,17,1,330,2026-07-27T18:32:58.527575,DE,api_integration,False,0.0,1,recovered
TXN_001730,CUST_1436,MERCH_03,32.11,INR,credit_card,727,expired_card,1,7,4,956,2026-07-29T19:00:09.191491,IN,mobile_app,False,0.0,0,recovered
TXN_001731,CUST_0473,MERCH_01,19.79,EUR,upi,434,bank_declined,1,0,0,434,2026-08-19T13:22:27.164148,IN,mobile_app,False,0.0,0,recovered
TXN_001732,CUST_0708,MERCH_08,15.98,USD,upi,10,authentication_failed,2,4,4,10,2026-08-15T04:20:40.002382,GB,api_integration,False,0.0,1,failed
TXN_001733,CUST_0800,MERCH_03,13.9,INR,credit_card,583,invalid_payment_method,1,10,3,583,2026-08-08T06:44:39.837268,US,mobile_app,False,0.0,0,failed
TXN_001734,CUST_0905,MERCH_05,19.99,GBP,net_banking,641,bank_declined,2,5,3,641,2026-08-10T00:45:04.620272,IN,mobile_app,True,19.99,1,abandoned
TXN_001735,CUST_0254,MERCH_07,110.85,USD,debit_card,306,invalid_payment_method,2,12,3,951,2026-07-31T17:39:36.448966,DE,web_browser,False,0.0,1,failed
TXN_001736,CUST_0207,MERCH_04,244.6,USD,ach,516,insufficient_funds,2,10,1,639,2026-08-16T04:24:07.886359,CA,api_integration,False,0.0,1,failed
TXN_001737,CUST_0709,MERCH_01,49.99,GBP,debit_card,485,insufficient_funds,2,20,3,485,2026-08-11T23:21:15.736609,GB,api_integration,True,49.99,1,failed
TXN_001738,CUST_0104,MERCH_07,9.99,GBP,upi,196,network_error,2,7,5,415,2026-08-14T02:36:33.912161,CA,api_integration,True,9.99,1,recovered
TXN_001739,CUST_0245,MERCH_05,94.08,GBP,ach,214,insufficient_funds,1,15,5,601,2026-07-26T09:18:45.457652,DE,api_integration,False,0.0,0,abandoned
TXN_001740,CUST_0668,MERCH_10,29.99,USD,upi,36,authentication_failed,2,16,3,36,2026-07-31T09:35:17.442258,DE,api_integration,True,29.99,1,recovered
TXN_001741,CUST_1455,MERCH_04,499.0,GBP,credit_card,131,expired_card,1,13,2,222,2026-08-07T02:24:23.897966,IN,mobile_app,True,499.0,0,failed
TXN_001742,CUST_0421,MERCH_09,187.55,EUR,debit_card,677,limit_exceeded,3,20,0,677,2026-08-16T03:55:56.331302,GB,mobile_app,False,0.0,2,failed
TXN_001743,CUST_0108,MERCH_02,199.0,EUR,net_banking,198,expired_card,2,5,1,932,2026-08-03T17:15:30.580810,GB,mobile_app,True,199.0,1,abandoned
TXN_001744,CUST_1404,MERCH_03,81.05,INR,debit_card,66,expired_card,2,16,5,504,2026-08-09T00:34:05.307624,CA,api_integration,False,0.0,1,recovered
TXN_001745,CUST_1416,MERCH_09,103.98,INR,ach,70,insufficient_funds,1,17,2,70,2026-08-22T12:02:02.355827,AU,web_browser,False,0.0,0,failed
TXN_001746,CUST_1278,MERCH_06,59.78,EUR,wallet,550,bank_declined,3,18,4,550,2026-08-24T01:51:10.415190,CA,api_integration,False,0.0,2,failed
TXN_001747,CUST_1008,MERCH_10,130.68,GBP,credit_card,248,network_error,4,6,5,555,2026-08-20T04:30:28.335165,US,api_integration,False,0.0,3,abandoned
TXN_001748,CUST_0221,MERCH_10,49.99,GBP,ach,8,insufficient_funds,1,12,1,8,2026-08-15T06:05:27.898782,DE,web_browser,True,49.99,0,failed
TXN_001749,CUST_0668,MERCH_06,169.27,INR,upi,336,authentication_failed,2,12,2,336,2026-08-14T06:02:23.367568,CA,web_browser,False,0.0,1,recovered
TXN_001750,CUST_0662,MERCH_01,9.99,EUR,ach,534,expired_card,2,14,2,534,2026-07-30T03:22:30.196956,US,web_browser,True,9.99,1,recovered
TXN_001751,CUST_0246,MERCH_07,70.29,GBP,upi,263,insufficient_funds,3,4,1,914,2026-08-01T17:17:00.539888,US,mobile_app,False,0.0,2,failed
TXN_001752,CUST_0513,MERCH_04,83.27,USD,ach,525,authentication_failed,1,13,0,525,2026-08-10T17:10:22.906279,US,web_browser,False,0.0,0,failed
TXN_001753,CUST_0140,MERCH_04,37.35,USD,ach,158,limit_exceeded,1,9,2,158,2026-08-22T23:44:53.096025,GB,api_integration,False,0.0,0,recovered
TXN_001754,CUST_0199,MERCH_09,204.71,GBP,ach,71,insufficient_funds,1,19,2,765,2026-08-24T10:46:08.988953,US,api_integration,False,0.0,0,recovered
TXN_001755,CUST_1074,MERCH_10,308.75,USD,debit_card,139,limit_exceeded,1,18,3,139,2026-08-08T03:46:30.515939,GB,web_browser,False,0.0,0,abandoned
TXN_001756,CUST_1348,MERCH_05,6.99,EUR,wallet,210,insufficient_funds,2,1,3,210,2026-08-04T01:49:24.386084,US,api_integration,False,0.0,1,failed
TXN_001757,CUST_0759,MERCH_08,157.9,USD,debit_card,20,insufficient_funds,1,8,5,20,2026-08-01T23:27:15.741975,AU,web_browser,False,0.0,0,recovered
TXN_001758,CUST_0102,MERCH_03,148.95,INR,upi,239,insufficient_funds,4,20,0,821,2026-07-28T11:24:44.450530,DE,web_browser,False,0.0,3,abandoned
TXN_001759,CUST_1350,MERCH_01,36.83,GBP,net_banking,99,insufficient_funds,2,1,1,99,2026-08-10T16:17:59.240888,GB,api_integration,False,0.0,1,recovered
TXN_001760,CUST_0848,MERCH_02,60.39,INR,wallet,274,authentication_failed,2,13,5,274,2026-08-18T18:27:20.398186,GB,api_integration,False,0.0,1,recovered
TXN_001761,CUST_1164,MERCH_07,113.33,GBP,credit_card,163,invalid_payment_method,1,3,4,431,2026-08-19T18:19:16.688665,AU,api_integration,False,0.0,0,recovered
TXN_001762,CUST_0838,MERCH_09,194.05,GBP,debit_card,431,bank_declined,1,5,3,431,2026-08-18T12:27:56.976378,AU,mobile_app,False,0.0,0,abandoned
TXN_001763,CUST_0886,MERCH_07,499.0,USD,net_banking,89,authentication_failed,1,20,5,89,2026-07-28T02:47:28.614021,DE,api_integration,True,499.0,0,recovered
TXN_001764,CUST_0406,MERCH_05,49.99,GBP,debit_card,320,network_error,1,10,4,320,2026-08-24T02:38:35.625669,IN,mobile_app,True,49.99,0,failed
TXN_001765,CUST_1042,MERCH_03,199.0,INR,net_banking,515,expired_card,1,14,4,515,2026-07-29T07:10:09.689636,AU,api_integration,True,199.0,0,abandoned
TXN_001766,CUST_0215,MERCH_01,256.14,GBP,credit_card,280,bank_declined,3,13,2,844,2026-08-05T23:37:09.538908,AU,api_integration,False,0.0,2,recovered
TXN_001767,CUST_0674,MERCH_08,135.46,USD,wallet,456,bank_declined,1,2,5,811,2026-08-18T17:41:37.260696,DE,api_integration,False,0.0,0,failed
TXN_001768,CUST_0181,MERCH_08,40.38,EUR,wallet,67,authentication_failed,1,11,4,67,2026-08-07T09:12:26.388808,DE,api_integration,False,0.0,0,failed
TXN_001769,CUST_1384,MERCH_07,49.99,INR,credit_card,270,network_error,1,6,4,270,2026-08-09T01:27:17.877483,AU,web_browser,True,49.99,0,failed
TXN_001770,CUST_0916,MERCH_02,19.99,EUR,ach,118,authentication_failed,1,3,1,118,2026-08-23T23:26:13.157439,US,api_integration,True,19.99,0,recovered
TXN_001771,CUST_1219,MERCH_02,99.0,INR,credit_card,397,authentication_failed,2,17,4,660,2026-08-21T20:43:53.210602,AU,web_browser,True,99.0,1,recovered
TXN_001772,CUST_0114,MERCH_07,193.43,INR,wallet,122,network_error,1,19,0,895,2026-08-18T05:30:44.067885,DE,mobile_app,False,0.0,0,failed
TXN_001773,CUST_0893,MERCH_09,340.89,USD,debit_card,870,insufficient_funds,1,16,5,953,2026-07-28T18:03:18.615368,AU,web_browser,False,0.0,0,failed
TXN_001774,CUST_0190,MERCH_07,64.6,EUR,ach,748,authentication_failed,3,13,4,802,2026-08-19T01:59:02.913250,CA,mobile_app,False,0.0,2,abandoned
TXN_001775,CUST_1097,MERCH_08,199.0,USD,ach,901,insufficient_funds,1,5,5,921,2026-08-14T14:32:08.490222,GB,web_browser,True,199.0,0,failed
TXN_001776,CUST_1484,MERCH_01,25.37,EUR,upi,618,insufficient_funds,3,15,4,618,2026-08-16T14:20:52.656972,US,web_browser,False,0.0,2,failed
TXN_001777,CUST_0852,MERCH_09,40.21,USD,debit_card,316,unknown,1,9,0,316,2026-07-28T05:21:58.164558,IN,api_integration,False,0.0,0,failed
TXN_001778,CUST_0760,MERCH_01,49.99,USD,ach,333,authentication_failed,2,14,0,333,2026-08-01T12:31:44.998946,US,api_integration,True,49.99,1,recovered
TXN_001779,CUST_1408,MERCH_08,149.31,GBP,wallet,655,authentication_failed,1,4,1,655,2026-08-16T19:16:16.502771,GB,web_browser,False,0.0,0,recovered
TXN_001780,CUST_0943,MERCH_08,254.27,GBP,debit_card,744,insufficient_funds,1,7,3,744,2026-08-24T03:54:23.002977,IN,api_integration,False,0.0,0,failed
TXN_001781,CUST_0753,MERCH_08,499.0,INR,wallet,364,expired_card,3,6,0,364,2026-08-03T14:56:26.891869,AU,api_integration,True,499.0,2,failed
TXN_001782,CUST_0401,MERCH_08,9.99,EUR,ach,214,authentication_failed,1,17,5,214,2026-08-22T03:36:57.624786,AU,web_browser,True,9.99,0,failed
TXN_001783,CUST_1415,MERCH_03,19.99,EUR,wallet,755,insufficient_funds,1,2,3,876,2026-08-06T00:14:14.673852,IN,api_integration,True,19.99,0,failed
TXN_001784,CUST_0986,MERCH_07,49.99,USD,upi,394,limit_exceeded,2,9,2,814,2026-08-13T03:36:41.303413,AU,api_integration,True,49.99,1,recovered
TXN_001785,CUST_1272,MERCH_06,54.99,USD,net_banking,275,insufficient_funds,3,20,3,275,2026-08-21T08:46:17.990221,US,web_browser,False,0.0,2,abandoned
TXN_001786,CUST_0126,MERCH_03,9.99,USD,debit_card,566,authentication_failed,1,3,3,579,2026-08-16T05:06:39.835587,GB,web_browser,True,9.99,0,recovered
TXN_001787,CUST_1467,MERCH_08,185.12,USD,ach,576,insufficient_funds,1,18,2,837,2026-08-11T07:43:03.099454,IN,api_integration,False,0.0,0,failed
TXN_001788,CUST_0356,MERCH_09,56.08,EUR,ach,790,authentication_failed,1,7,1,790,2026-07-26T23:07:57.132305,US,api_integration,False,0.0,0,failed
TXN_001789,CUST_1422,MERCH_10,189.18,GBP,net_banking,387,insufficient_funds,1,17,1,426,2026-08-02T10:15:45.257895,CA,mobile_app,False,0.0,0,failed
TXN_001790,CUST_0103,MERCH_03,210.92,INR,debit_card,831,limit_exceeded,3,8,1,831,2026-07-30T08:16:30.123729,AU,api_integration,False,0.0,2,failed
TXN_001791,CUST_0550,MERCH_05,138.15,EUR,wallet,449,insufficient_funds,1,6,5,449,2026-08-12T04:25:50.969069,AU,mobile_app,False,0.0,0,failed
TXN_001792,CUST_0292,MERCH_08,147.89,INR,debit_card,283,insufficient_funds,1,20,2,283,2026-08-24T00:07:29.546235,IN,web_browser,False,0.0,0,failed
TXN_001793,CUST_0228,MERCH_08,291.04,GBP,debit_card,144,limit_exceeded,2,13,2,144,2026-08-21T12:16:15.691573,CA,mobile_app,False,0.0,1,recovered
TXN_001794,CUST_0877,MERCH_04,99.0,INR,ach,659,authentication_failed,1,11,5,927,2026-08-14T18:25:45.427185,IN,web_browser,True,99.0,0,recovered
TXN_001795,CUST_0998,MERCH_07,255.61,EUR,credit_card,222,insufficient_funds,3,1,0,222,2026-07-31T09:14:18.630894,IN,api_integration,False,0.0,2,recovered
TXN_001796,CUST_0785,MERCH_06,199.0,GBP,debit_card,296,bank_declined,3,6,2,799,2026-08-08T08:01:52.748503,IN,api_integration,True,199.0,2,failed
TXN_001797,CUST_1197,MERCH_04,5.12,USD,upi,68,expired_card,3,7,1,68,2026-08-02T21:05:23.040948,AU,web_browser,False,0.0,2,failed
TXN_001798,CUST_0698,MERCH_10,19.99,EUR,debit_card,714,expired_card,1,3,2,714,2026-08-10T19:37:02.220969,US,mobile_app,True,19.99,0,failed
TXN_001799,CUST_0116,MERCH_05,99.0,EUR,wallet,508,insufficient_funds,1,7,3,508,2026-08-18T23:36:03.927684,US,mobile_app,True,99.0,0,failed
TXN_001800,CUST_0304,MERCH_09,507.99,GBP,wallet,87,insufficient_funds,1,6,4,87,2026-08-17T22:44:58.479483,CA,mobile_app,False,0.0,0,failed
TXN_001801,CUST_1392,MERCH_02,49.99,EUR,net_banking,100,network_error,1,2,4,468,2026-08-05T21:20:02.576436,GB,mobile_app,True,49.99,0,recovered
TXN_001802,CUST_0777,MERCH_08,49.99,USD,upi,147,authentication_failed,1,20,0,147,2026-08-18T21:00:25.153571,GB,mobile_app,True,49.99,0,failed
TXN_001803,CUST_0501,MERCH_01,10.07,EUR,ach,515,insufficient_funds,1,1,1,982,2026-08-05T09:41:35.458244,US,api_integration,False,0.0,0,failed
TXN_001804,CUST_0768,MERCH_03,29.99,EUR,credit_card,158,bank_declined,1,3,2,808,2026-08-23T17:05:38.544311,GB,web_browser,True,29.99,0,failed
TXN_001805,CUST_1305,MERCH_10,9.99,INR,debit_card,256,insufficient_funds,1,12,3,915,2026-08-20T14:14:16.347858,GB,mobile_app,True,9.99,0,recovered
TXN_001806,CUST_0164,MERCH_06,499.0,USD,ach,181,unknown,1,4,1,681,2026-08-05T03:56:46.083053,AU,api_integration,True,499.0,0,failed
TXN_001807,CUST_0194,MERCH_02,499.0,EUR,debit_card,215,insufficient_funds,1,17,2,215,2026-08-05T13:30:04.128120,DE,web_browser,True,499.0,0,failed
TXN_001808,CUST_0339,MERCH_04,19.99,EUR,debit_card,853,bank_declined,1,8,2,853,2026-08-21T00:36:39.552563,DE,web_browser,True,19.99,0,failed
TXN_001809,CUST_0711,MERCH_05,92.7,USD,ach,525,network_error,1,5,2,598,2026-08-19T14:19:26.938918,DE,web_browser,False,0.0,0,failed
TXN_001810,CUST_0606,MERCH_07,156.86,GBP,debit_card,587,expired_card,1,7,2,678,2026-08-19T11:49:09.843252,GB,web_browser,False,0.0,0,recovered
TXN_001811,CUST_0288,MERCH_06,34.32,GBP,debit_card,341,expired_card,1,12,2,834,2026-08-10T04:14:02.575225,GB,mobile_app,False,0.0,0,failed
TXN_001812,CUST_1409,MERCH_09,99.0,GBP,wallet,108,limit_exceeded,1,13,2,108,2026-08-18T05:42:25.286784,AU,web_browser,True,99.0,0,abandoned
TXN_001813,CUST_0426,MERCH_05,230.39,GBP,debit_card,326,invalid_payment_method,2,12,3,737,2026-08-07T23:29:19.003940,AU,api_integration,False,0.0,1,failed
TXN_001814,CUST_1229,MERCH_06,48.12,INR,ach,607,insufficient_funds,1,12,3,946,2026-08-10T13:40:03.996846,CA,api_integration,False,0.0,0,failed
TXN_001815,CUST_0956,MERCH_04,152.24,GBP,debit_card,218,invalid_payment_method,2,10,2,218,2026-08-14T22:59:14.324613,AU,api_integration,False,0.0,1,failed
TXN_001816,CUST_0153,MERCH_07,49.99,USD,net_banking,482,bank_declined,1,4,2,580,2026-08-06T13:29:27.511865,US,web_browser,True,49.99,0,failed
TXN_001817,CUST_0559,MERCH_09,9.99,INR,net_banking,202,expired_card,1,16,5,202,2026-08-24T02:50:46.855051,IN,web_browser,True,9.99,0,failed
TXN_001818,CUST_0220,MERCH_08,32.24,USD,wallet,281,network_error,1,0,0,281,2026-07-27T01:09:38.669619,IN,web_browser,False,0.0,0,recovered
TXN_001819,CUST_0663,MERCH_10,9.99,GBP,net_banking,408,insufficient_funds,1,3,2,408,2026-08-01T07:48:42.339867,IN,web_browser,True,9.99,0,recovered
TXN_001820,CUST_1415,MERCH_05,199.0,INR,wallet,398,authentication_failed,2,20,1,398,2026-08-12T15:36:04.245872,US,web_browser,True,199.0,1,failed
TXN_001821,CUST_0384,MERCH_10,154.39,USD,debit_card,587,insufficient_funds,1,6,3,841,2026-08-22T09:57:15.417011,AU,web_browser,False,0.0,0,recovered
TXN_001822,CUST_0884,MERCH_05,97.47,INR,wallet,27,authentication_failed,2,14,5,27,2026-08-18T06:13:43.396796,US,mobile_app,False,0.0,1,failed
TXN_001823,CUST_0314,MERCH_07,19.99,USD,credit_card,117,insufficient_funds,2,18,0,117,2026-08-06T18:22:35.828667,IN,mobile_app,True,19.99,1,failed
TXN_001824,CUST_0574,MERCH_05,41.4,USD,upi,673,limit_exceeded,1,13,3,673,2026-08-08T19:26:23.496169,US,api_integration,False,0.0,0,recovered
TXN_001825,CUST_1217,MERCH_05,199.0,USD,credit_card,506,insufficient_funds,1,2,3,506,2026-08-17T06:45:49.958103,CA,mobile_app,True,199.0,0,failed
TXN_001826,CUST_0679,MERCH_10,190.88,USD,debit_card,49,bank_declined,1,2,0,49,2026-08-19T23:11:30.873944,DE,api_integration,False,0.0,0,recovered
TXN_001827,CUST_0954,MERCH_07,49.99,INR,credit_card,75,limit_exceeded,3,1,5,988,2026-08-17T10:04:25.285845,IN,web_browser,True,49.99,2,recovered
TXN_001828,CUST_1127,MERCH_06,125.95,USD,net_banking,203,limit_exceeded,1,1,1,327,2026-08-10T11:20:21.873243,DE,mobile_app,False,0.0,0,failed
TXN_001829,CUST_0520,MERCH_09,14.08,INR,ach,719,insufficient_funds,3,15,0,876,2026-08-21T07:58:43.145230,US,api_integration,False,0.0,2,recovered
TXN_001830,CUST_1496,MERCH_05,19.99,USD,upi,5,insufficient_funds,1,14,5,889,2026-08-08T03:28:56.415155,US,mobile_app,True,19.99,0,abandoned
TXN_001831,CUST_0371,MERCH_09,290.66,GBP,net_banking,714,insufficient_funds,1,4,3,957,2026-08-18T10:03:41.426700,DE,web_browser,False,0.0,0,abandoned
TXN_001832,CUST_1105,MERCH_07,300.12,GBP,upi,568,insufficient_funds,4,2,1,568,2026-07-28T06:38:39.727353,DE,mobile_app,False,0.0,3,failed
TXN_001833,CUST_1446,MERCH_07,499.0,USD,ach,256,authentication_failed,1,9,1,256,2026-07-29T12:09:16.571818,IN,mobile_app,True,499.0,0,failed
TXN_001834,CUST_0787,MERCH_04,12.92,EUR,debit_card,190,authentication_failed,1,13,5,190,2026-07-31T09:23:08.788836,GB,mobile_app,False,0.0,0,failed
TXN_001835,CUST_1443,MERCH_08,61.07,GBP,wallet,290,insufficient_funds,1,4,5,373,2026-07-27T18:56:02.691754,DE,api_integration,False,0.0,0,recovered
TXN_001836,CUST_1356,MERCH_05,116.89,USD,credit_card,290,limit_exceeded,1,13,3,620,2026-08-06T21:04:28.426600,GB,mobile_app,False,0.0,0,abandoned
TXN_001837,CUST_1310,MERCH_06,95.06,INR,net_banking,373,invalid_payment_method,2,12,1,375,2026-08-20T10:38:31.025506,AU,api_integration,False,0.0,1,failed
TXN_001838,CUST_0276,MERCH_08,49.99,USD,ach,376,expired_card,1,20,2,415,2026-08-24T13:44:09.211741,US,mobile_app,True,49.99,0,failed
TXN_001839,CUST_0702,MERCH_05,499.0,GBP,credit_card,664,insufficient_funds,4,12,4,664,2026-08-16T23:49:48.305480,US,mobile_app,True,499.0,3,failed
TXN_001840,CUST_1406,MERCH_07,121.97,INR,wallet,139,insufficient_funds,1,8,0,498,2026-08-12T14:01:43.207287,AU,mobile_app,False,0.0,0,failed
TXN_001841,CUST_0349,MERCH_06,31.39,GBP,upi,180,insufficient_funds,1,17,1,186,2026-08-08T17:35:20.549909,IN,api_integration,False,0.0,0,failed
TXN_001842,CUST_0494,MERCH_06,139.13,USD,debit_card,40,insufficient_funds,2,0,2,95,2026-08-11T05:49:46.169696,GB,mobile_app,False,0.0,1,failed
TXN_001843,CUST_0336,MERCH_04,169.95,INR,credit_card,327,network_error,2,10,1,327,2026-08-20T10:39:37.501116,CA,web_browser,False,0.0,1,failed
TXN_001844,CUST_0340,MERCH_06,126.97,USD,upi,30,insufficient_funds,1,14,4,247,2026-07-30T06:30:20.701765,US,api_integration,False,0.0,0,failed
TXN_001845,CUST_0689,MERCH_06,29.99,EUR,upi,781,insufficient_funds,1,10,1,806,2026-07-27T22:06:11.913861,CA,api_integration,True,29.99,0,abandoned
TXN_001846,CUST_0939,MERCH_08,202.94,INR,credit_card,88,authentication_failed,1,17,0,180,2026-07-28T00:37:13.675025,CA,mobile_app,False,0.0,0,recovered
TXN_001847,CUST_0805,MERCH_08,159.28,GBP,upi,572,invalid_payment_method,2,7,3,572,2026-08-21T21:24:41.200814,IN,api_integration,False,0.0,1,recovered
TXN_001848,CUST_0924,MERCH_10,7.08,EUR,ach,353,network_error,3,17,2,981,2026-08-07T01:03:14.511414,US,api_integration,False,0.0,2,recovered
TXN_001849,CUST_0669,MERCH_03,342.77,INR,wallet,441,insufficient_funds,1,13,4,988,2026-08-15T20:56:03.843389,DE,api_integration,False,0.0,0,failed
TXN_001850,CUST_0978,MERCH_01,15.35,USD,credit_card,247,insufficient_funds,1,10,3,471,2026-08-13T16:13:30.874507,CA,web_browser,False,0.0,0,recovered
TXN_001851,CUST_0394,MERCH_08,19.68,USD,wallet,307,insufficient_funds,3,17,0,307,2026-08-14T01:58:22.456086,GB,mobile_app,False,0.0,2,failed
TXN_001852,CUST_1080,MERCH_07,147.7,INR,upi,276,authentication_failed,1,12,2,276,2026-07-30T00:36:24.904527,US,api_integration,False,0.0,0,recovered
TXN_001853,CUST_0677,MERCH_03,199.0,GBP,ach,218,insufficient_funds,1,8,1,218,2026-08-16T14:18:21.806197,IN,web_browser,True,199.0,0,recovered
TXN_001854,CUST_0326,MERCH_06,47.47,USD,net_banking,336,limit_exceeded,1,19,0,336,2026-07-30T10:34:04.736910,IN,web_browser,False,0.0,0,failed
TXN_001855,CUST_1253,MERCH_07,19.99,INR,wallet,63,insufficient_funds,4,11,3,63,2026-08-18T03:56:41.619974,GB,api_integration,True,19.99,3,failed
TXN_001856,CUST_1328,MERCH_05,35.0,USD,upi,551,insufficient_funds,3,2,2,656,2026-08-13T04:58:48.880922,US,mobile_app,False,0.0,2,failed
TXN_001857,CUST_1339,MERCH_07,35.47,INR,debit_card,93,limit_exceeded,1,19,4,93,2026-07-27T06:39:57.914481,US,web_browser,False,0.0,0,failed
TXN_001858,CUST_0278,MERCH_07,121.99,INR,net_banking,247,bank_declined,1,3,2,701,2026-08-13T08:09:57.238883,US,web_browser,False,0.0,0,recovered
TXN_001859,CUST_0553,MERCH_03,213.86,EUR,credit_card,161,unknown,1,3,1,601,2026-08-01T09:48:00.979989,IN,mobile_app,False,0.0,0,failed
TXN_001860,CUST_0192,MERCH_07,199.0,GBP,credit_card,246,authentication_failed,1,3,4,246,2026-08-18T01:00:54.462354,DE,mobile_app,True,199.0,0,failed
TXN_001861,CUST_0104,MERCH_01,8.29,EUR,ach,102,bank_declined,1,20,2,441,2026-08-14T14:21:24.667744,CA,mobile_app,False,0.0,0,failed
TXN_001862,CUST_1152,MERCH_06,530.12,EUR,ach,637,insufficient_funds,3,14,4,637,2026-08-16T05:50:55.203153,IN,mobile_app,False,0.0,2,failed
TXN_001863,CUST_0579,MERCH_02,162.86,INR,net_banking,292,expired_card,1,17,0,292,2026-08-16T04:12:12.831993,US,api_integration,False,0.0,0,failed
TXN_001864,CUST_0342,MERCH_10,440.01,GBP,net_banking,107,expired_card,3,19,5,935,2026-07-26T14:17:01.362806,AU,web_browser,False,0.0,2,recovered
TXN_001865,CUST_0796,MERCH_01,34.18,EUR,net_banking,28,expired_card,2,13,0,129,2026-08-22T05:11:27.343768,DE,mobile_app,False,0.0,1,failed
TXN_001866,CUST_0933,MERCH_02,152.1,GBP,credit_card,117,insufficient_funds,1,7,0,692,2026-08-04T10:08:15.082436,CA,api_integration,False,0.0,0,recovered
TXN_001867,CUST_1078,MERCH_07,29.99,INR,net_banking,498,insufficient_funds,1,4,1,701,2026-08-20T03:40:55.547670,AU,api_integration,True,29.99,0,failed
TXN_001868,CUST_0682,MERCH_09,85.19,USD,ach,293,limit_exceeded,1,2,0,293,2026-08-24T03:57:38.663839,IN,web_browser,False,0.0,0,failed
TXN_001869,CUST_0789,MERCH_04,214.36,GBP,net_banking,715,authentication_failed,1,4,1,720,2026-08-11T16:38:25.786074,DE,mobile_app,False,0.0,0,failed
TXN_001870,CUST_0359,MERCH_08,192.56,EUR,debit_card,700,insufficient_funds,1,17,1,821,2026-08-22T15:57:43.988448,DE,mobile_app,False,0.0,0,failed
TXN_001871,CUST_0184,MERCH_02,499.0,GBP,net_banking,362,insufficient_funds,1,0,3,824,2026-08-16T00:40:40.892539,IN,web_browser,True,499.0,0,failed
TXN_001872,CUST_0230,MERCH_03,35.33,GBP,upi,828,insufficient_funds,3,11,1,986,2026-07-30T18:47:25.902578,CA,api_integration,False,0.0,2,failed
TXN_001873,CUST_1061,MERCH_07,117.91,EUR,credit_card,164,authentication_failed,1,18,3,164,2026-08-16T04:10:31.190749,US,web_browser,False,0.0,0,recovered
TXN_001874,CUST_0933,MERCH_03,5.87,INR,ach,335,expired_card,1,4,4,429,2026-07-30T01:16:42.898069,US,web_browser,False,0.0,0,abandoned
TXN_001875,CUST_0358,MERCH_08,191.18,EUR,ach,328,insufficient_funds,1,7,5,328,2026-08-01T11:40:42.195497,GB,mobile_app,False,0.0,0,failed
TXN_001876,CUST_0249,MERCH_03,22.52,USD,upi,151,expired_card,2,11,0,191,2026-08-10T00:16:22.314611,GB,web_browser,False,0.0,1,failed
TXN_001877,CUST_1261,MERCH_08,29.99,INR,credit_card,672,insufficient_funds,1,16,2,715,2026-08-17T21:47:10.133411,GB,web_browser,True,29.99,0,failed
TXN_001878,CUST_1237,MERCH_03,19.99,GBP,net_banking,58,expired_card,1,4,5,58,2026-08-15T07:31:50.545679,CA,api_integration,True,19.99,0,recovered
TXN_001879,CUST_1011,MERCH_01,37.93,INR,credit_card,206,authentication_failed,1,4,4,437,2026-08-20T15:54:58.053905,US,api_integration,False,0.0,0,failed
TXN_001880,CUST_1484,MERCH_09,109.99,INR,net_banking,792,insufficient_funds,3,12,2,792,2026-07-26T00:44:16.244238,CA,api_integration,False,0.0,2,failed
TXN_001881,CUST_1280,MERCH_07,499.0,GBP,credit_card,416,authentication_failed,2,17,4,416,2026-08-03T21:29:47.950590,GB,api_integration,True,499.0,1,recovered
TXN_001882,CUST_1486,MERCH_05,378.98,USD,credit_card,25,limit_exceeded,4,19,1,25,2026-08-16T09:58:06.988340,IN,mobile_app,False,0.0,3,abandoned
TXN_001883,CUST_0635,MERCH_10,221.33,USD,credit_card,52,insufficient_funds,2,18,1,384,2026-07-29T13:51:09.872632,GB,web_browser,False,0.0,1,abandoned
TXN_001884,CUST_0901,MERCH_02,68.46,USD,upi,554,limit_exceeded,1,20,0,554,2026-08-02T19:15:57.600712,GB,api_integration,False,0.0,0,abandoned
TXN_001885,CUST_0239,MERCH_01,14.51,EUR,debit_card,395,insufficient_funds,1,11,3,395,2026-08-18T09:44:14.881948,DE,api_integration,False,0.0,0,failed
TXN_001886,CUST_1440,MERCH_02,113.56,USD,credit_card,328,insufficient_funds,1,9,3,328,2026-08-06T01:56:19.754310,CA,api_integration,False,0.0,0,failed
TXN_001887,CUST_0750,MERCH_07,93.96,GBP,ach,37,expired_card,1,14,4,269,2026-08-23T16:42:35.694020,US,web_browser,False,0.0,0,abandoned
TXN_001888,CUST_1341,MERCH_09,127.72,GBP,wallet,106,bank_declined,1,15,5,106,2026-07-27T23:32:14.220387,CA,mobile_app,False,0.0,0,failed
TXN_001889,CUST_0274,MERCH_10,100.24,GBP,credit_card,594,network_error,2,14,2,594,2026-08-18T20:04:58.465771,CA,mobile_app,False,0.0,1,failed
TXN_001890,CUST_0757,MERCH_01,529.23,EUR,net_banking,262,authentication_failed,1,11,1,262,2026-08-14T09:07:35.162497,AU,mobile_app,False,0.0,0,failed
TXN_001891,CUST_1217,MERCH_06,29.99,GBP,net_banking,608,invalid_payment_method,2,7,4,672,2026-08-16T08:16:18.678112,AU,mobile_app,True,29.99,1,failed
TXN_001892,CUST_0293,MERCH_08,103.66,GBP,wallet,339,authentication_failed,2,2,5,339,2026-08-11T23:32:57.142297,IN,mobile_app,False,0.0,1,abandoned
TXN_001893,CUST_0514,MERCH_01,499.0,INR,upi,846,authentication_failed,1,6,1,923,2026-08-13T06:52:15.088352,GB,mobile_app,True,499.0,0,failed
TXN_001894,CUST_1406,MERCH_06,190.74,GBP,debit_card,380,insufficient_funds,1,4,4,380,2026-08-17T15:45:25.343768,US,api_integration,False,0.0,0,failed
TXN_001895,CUST_1255,MERCH_08,199.0,GBP,net_banking,784,network_error,1,20,3,784,2026-07-30T11:27:21.316740,CA,web_browser,True,199.0,0,recovered
TXN_001896,CUST_0337,MERCH_02,56.9,USD,net_banking,517,insufficient_funds,1,15,5,517,2026-08-06T17:43:24.761087,US,mobile_app,False,0.0,0,failed
TXN_001897,CUST_0249,MERCH_01,199.0,USD,upi,303,network_error,1,4,1,303,2026-08-04T11:32:08.474731,AU,api_integration,True,199.0,0,failed
TXN_001898,CUST_1090,MERCH_08,19.8,GBP,upi,594,authentication_failed,1,13,0,695,2026-08-13T12:39:58.936448,CA,web_browser,False,0.0,0,failed
TXN_001899,CUST_1032,MERCH_07,11.23,EUR,debit_card,241,authentication_failed,1,12,4,876,2026-08-24T07:55:01.475194,IN,web_browser,False,0.0,0,recovered
TXN_001900,CUST_0383,MERCH_07,192.06,USD,upi,206,insufficient_funds,2,14,4,206,2026-08-22T03:57:53.916644,IN,api_integration,False,0.0,1,failed
TXN_001901,CUST_0127,MERCH_08,29.99,USD,credit_card,250,bank_declined,1,15,5,250,2026-08-10T00:41:40.824186,GB,mobile_app,True,29.99,0,failed
TXN_001902,CUST_0296,MERCH_01,49.99,INR,ach,10,bank_declined,1,4,3,10,2026-08-14T08:29:56.424879,GB,web_browser,True,49.99,0,failed
TXN_001903,CUST_0788,MERCH_10,303.73,USD,wallet,296,limit_exceeded,1,6,1,327,2026-08-14T01:39:16.216755,IN,mobile_app,False,0.0,0,recovered
TXN_001904,CUST_0680,MERCH_10,100.8,GBP,upi,249,insufficient_funds,3,8,3,249,2026-08-12T10:03:07.565524,AU,mobile_app,False,0.0,2,failed
TXN_001905,CUST_0419,MERCH_01,9.99,INR,upi,143,invalid_payment_method,2,15,5,143,2026-08-20T10:12:14.930923,CA,api_integration,True,9.99,1,failed
TXN_001906,CUST_0782,MERCH_05,352.87,INR,credit_card,132,unknown,1,15,5,132,2026-08-04T03:19:55.174704,DE,web_browser,False,0.0,0,recovered
TXN_001907,CUST_1460,MERCH_01,29.99,INR,debit_card,89,bank_declined,1,12,0,328,2026-08-14T16:13:21.170326,CA,mobile_app,True,29.99,0,failed
TXN_001908,CUST_0920,MERCH_04,13.81,INR,credit_card,328,authentication_failed,1,6,1,328,2026-08-18T07:13:20.873394,US,mobile_app,False,0.0,0,recovered
TXN_001909,CUST_0216,MERCH_01,13.08,EUR,wallet,68,network_error,1,18,1,68,2026-08-24T16:56:05.051943,US,mobile_app,False,0.0,0,failed
TXN_001910,CUST_1178,MERCH_04,185.11,INR,credit_card,902,insufficient_funds,1,10,4,902,2026-08-04T07:50:27.353628,GB,api_integration,False,0.0,0,failed
TXN_001911,CUST_0551,MERCH_08,87.93,USD,debit_card,175,insufficient_funds,3,13,3,175,2026-08-01T03:35:03.118760,IN,api_integration,False,0.0,2,failed
TXN_001912,CUST_1400,MERCH_07,15.37,USD,upi,470,network_error,3,18,2,799,2026-08-01T17:48:49.740330,AU,mobile_app,False,0.0,2,abandoned
TXN_001913,CUST_0250,MERCH_02,29.99,INR,wallet,760,bank_declined,1,6,5,799,2026-08-11T20:01:35.212686,CA,api_integration,True,29.99,0,recovered
TXN_001914,CUST_1131,MERCH_05,9.99,GBP,ach,144,authentication_failed,2,3,5,316,2026-08-10T13:59:30.874087,GB,api_integration,True,9.99,1,recovered
TXN_001915,CUST_0158,MERCH_02,255.93,INR,net_banking,491,expired_card,1,3,4,508,2026-08-05T01:39:06.514709,IN,web_browser,False,0.0,0,recovered
TXN_001916,CUST_1215,MERCH_09,169.84,INR,wallet,795,insufficient_funds,2,20,3,901,2026-07-28T02:04:28.679658,IN,mobile_app,False,0.0,1,failed
TXN_001917,CUST_0970,MERCH_07,93.01,GBP,upi,584,network_error,2,16,0,584,2026-08-12T21:37:55.557490,IN,mobile_app,False,0.0,1,failed
TXN_001918,CUST_1227,MERCH_10,338.83,USD,debit_card,299,authentication_failed,1,19,0,475,2026-08-15T06:34:10.806017,GB,web_browser,False,0.0,0,failed
TXN_001919,CUST_1374,MERCH_08,98.78,EUR,ach,304,expired_card,1,19,3,390,2026-07-28T10:50:43.832052,DE,mobile_app,False,0.0,0,recovered
TXN_001920,CUST_0749,MERCH_01,199.0,GBP,wallet,452,invalid_payment_method,1,9,0,792,2026-08-13T04:30:26.925420,DE,mobile_app,True,199.0,0,abandoned
TXN_001921,CUST_1270,MERCH_02,99.0,USD,upi,360,invalid_payment_method,1,11,3,360,2026-08-22T09:41:55.512998,DE,web_browser,True,99.0,0,failed
TXN_001922,CUST_0180,MERCH_01,72.19,GBP,wallet,269,insufficient_funds,1,19,1,269,2026-08-09T03:05:22.519022,CA,web_browser,False,0.0,0,recovered
TXN_001923,CUST_1409,MERCH_08,199.0,EUR,ach,201,insufficient_funds,1,0,1,604,2026-07-29T12:00:12.397334,US,mobile_app,True,199.0,0,failed
TXN_001924,CUST_1418,MERCH_09,275.83,EUR,debit_card,586,insufficient_funds,4,8,1,586,2026-08-04T23:13:44.111843,IN,mobile_app,False,0.0,3,abandoned
TXN_001925,CUST_0565,MERCH_04,144.23,GBP,ach,17,network_error,1,20,4,17,2026-08-01T08:11:57.138113,IN,mobile_app,False,0.0,0,failed
TXN_001926,CUST_0378,MERCH_05,49.99,EUR,credit_card,266,bank_declined,2,13,1,266,2026-08-17T15:16:42.276299,AU,web_browser,True,49.99,1,failed
TXN_001927,CUST_1113,MERCH_02,220.73,GBP,wallet,418,insufficient_funds,2,19,2,923,2026-08-17T03:24:15.392032,CA,mobile_app,False,0.0,1,abandoned
TXN_001928,CUST_0841,MERCH_05,426.37,GBP,upi,68,insufficient_funds,1,10,5,68,2026-08-08T08:17:08.670362,DE,mobile_app,False,0.0,0,failed
TXN_001929,CUST_1464,MERCH_05,38.15,INR,net_banking,950,insufficient_funds,1,7,5,963,2026-08-11T22:41:00.612862,CA,mobile_app,False,0.0,0,failed
TXN_001930,CUST_0989,MERCH_07,114.34,EUR,debit_card,472,insufficient_funds,1,0,5,831,2026-08-24T16:11:51.421870,IN,api_integration,False,0.0,0,failed
TXN_001931,CUST_0936,MERCH_10,41.97,EUR,wallet,250,network_error,4,8,2,250,2026-07-25T21:52:58.855535,US,web_browser,False,0.0,3,abandoned
TXN_001932,CUST_0148,MERCH_05,246.2,USD,credit_card,180,expired_card,1,1,4,180,2026-08-02T19:56:13.081879,CA,mobile_app,False,0.0,0,failed
TXN_001933,CUST_0674,MERCH_03,218.12,EUR,upi,233,authentication_failed,2,14,3,233,2026-07-30T11:30:35.107861,AU,web_browser,False,0.0,1,abandoned
TXN_001934,CUST_1465,MERCH_01,99.0,INR,ach,142,invalid_payment_method,1,2,3,142,2026-08-14T04:23:48.490420,AU,api_integration,True,99.0,0,failed
TXN_001935,CUST_0109,MERCH_05,8.51,GBP,wallet,215,insufficient_funds,1,17,0,320,2026-08-20T15:13:53.713865,GB,api_integration,False,0.0,0,recovered
TXN_001936,CUST_1476,MERCH_04,499.0,INR,ach,81,expired_card,2,10,1,81,2026-08-21T11:05:47.018287,GB,api_integration,True,499.0,1,abandoned
TXN_001937,CUST_0159,MERCH_05,49.99,EUR,credit_card,153,expired_card,1,14,2,153,2026-07-28T15:10:56.562304,AU,mobile_app,True,49.99,0,recovered
TXN_001938,CUST_1172,MERCH_06,42.93,GBP,credit_card,300,insufficient_funds,4,11,2,300,2026-08-05T20:34:18.190750,DE,api_integration,False,0.0,3,abandoned
TXN_001939,CUST_0265,MERCH_10,29.99,INR,ach,924,insufficient_funds,1,15,5,924,2026-08-15T10:24:15.467692,CA,api_integration,True,29.99,0,recovered
TXN_001940,CUST_0164,MERCH_07,49.99,INR,credit_card,205,insufficient_funds,1,3,3,467,2026-08-21T22:45:49.678081,AU,web_browser,True,49.99,0,failed
TXN_001941,CUST_1074,MERCH_06,195.49,EUR,wallet,264,bank_declined,1,5,3,264,2026-08-23T22:47:46.479980,US,api_integration,False,0.0,0,recovered
TXN_001942,CUST_1441,MERCH_08,31.11,INR,wallet,240,authentication_failed,1,1,3,585,2026-08-17T14:21:22.604792,DE,web_browser,False,0.0,0,recovered
TXN_001943,CUST_0251,MERCH_07,107.2,INR,ach,338,insufficient_funds,2,10,0,730,2026-08-08T14:51:04.932156,AU,api_integration,False,0.0,1,recovered
TXN_001944,CUST_0957,MERCH_08,199.0,USD,upi,288,network_error,1,5,1,288,2026-07-28T05:21:28.083598,DE,web_browser,True,199.0,0,recovered
TXN_001945,CUST_0285,MERCH_05,29.78,INR,ach,305,insufficient_funds,1,19,1,411,2026-08-20T11:17:02.287304,IN,mobile_app,False,0.0,0,recovered
TXN_001946,CUST_0604,MERCH_05,49.99,EUR,upi,388,expired_card,1,11,3,388,2026-08-21T12:09:32.840002,DE,mobile_app,True,49.99,0,recovered
TXN_001947,CUST_0684,MERCH_05,9.99,USD,credit_card,255,authentication_failed,1,6,5,307,2026-08-18T01:29:48.422327,AU,api_integration,True,9.99,0,recovered
TXN_001948,CUST_0421,MERCH_10,104.14,GBP,wallet,17,bank_declined,1,3,2,17,2026-07-27T08:30:18.882503,IN,web_browser,False,0.0,0,failed
TXN_001949,CUST_0795,MERCH_02,41.05,GBP,debit_card,145,insufficient_funds,1,3,3,145,2026-08-02T21:08:00.608753,DE,mobile_app,False,0.0,0,recovered
TXN_001950,CUST_0420,MERCH_02,124.76,USD,upi,224,expired_card,2,2,2,454,2026-08-10T07:01:35.297372,IN,api_integration,False,0.0,1,failed
TXN_001951,CUST_1152,MERCH_08,5.15,USD,upi,634,authentication_failed,2,11,4,759,2026-07-29T21:56:16.455986,GB,web_browser,False,0.0,1,failed
TXN_001952,CUST_0204,MERCH_01,9.99,USD,debit_card,761,insufficient_funds,1,20,3,761,2026-08-08T03:58:54.628808,AU,web_browser,True,9.99,0,failed
TXN_001953,CUST_1406,MERCH_06,19.99,EUR,credit_card,464,authentication_failed,1,16,3,464,2026-08-01T10:36:32.982433,DE,api_integration,True,19.99,0,failed
TXN_001954,CUST_0521,MERCH_05,178.2,GBP,wallet,71,expired_card,1,11,2,641,2026-08-17T14:38:53.069592,DE,mobile_app,False,0.0,0,recovered
TXN_001955,CUST_0191,MERCH_02,499.0,INR,upi,74,authentication_failed,1,4,3,177,2026-08-21T19:24:31.754533,CA,mobile_app,True,499.0,0,recovered
TXN_001956,CUST_0305,MERCH_09,31.1,INR,ach,561,insufficient_funds,1,7,4,674,2026-08-19T14:21:49.532004,AU,mobile_app,False,0.0,0,recovered
TXN_001957,CUST_1476,MERCH_07,24.44,USD,ach,426,network_error,1,13,1,426,2026-08-04T12:18:31.074616,AU,web_browser,False,0.0,0,failed
TXN_001958,CUST_0602,MERCH_07,6.91,USD,upi,314,bank_declined,1,18,5,314,2026-08-23T10:15:05.538369,IN,mobile_app,False,0.0,0,failed
TXN_001959,CUST_0626,MERCH_02,49.99,EUR,credit_card,248,limit_exceeded,1,14,0,445,2026-07-31T23:41:29.098634,IN,mobile_app,True,49.99,0,failed
TXN_001960,CUST_1039,MERCH_01,74.62,EUR,net_banking,272,bank_declined,2,18,0,638,2026-08-17T00:38:50.588950,DE,web_browser,False,0.0,1,failed
TXN_001961,CUST_0390,MERCH_10,68.27,USD,ach,191,expired_card,1,3,4,191,2026-08-11T15:19:04.824927,AU,api_integration,False,0.0,0,failed
TXN_001962,CUST_1124,MERCH_07,499.0,GBP,wallet,110,expired_card,1,18,2,411,2026-07-30T22:33:50.249380,IN,mobile_app,True,499.0,0,failed
TXN_001963,CUST_0862,MERCH_06,39.88,INR,debit_card,490,insufficient_funds,1,17,4,490,2026-08-19T20:04:45.484162,AU,api_integration,False,0.0,0,abandoned
TXN_001964,CUST_0691,MERCH_07,29.99,USD,credit_card,181,insufficient_funds,1,12,3,181,2026-08-24T18:52:50.331982,CA,web_browser,True,29.99,0,recovered
TXN_001965,CUST_0298,MERCH_05,199.0,GBP,debit_card,303,bank_declined,1,11,1,303,2026-07-26T02:32:18.663510,CA,web_browser,True,199.0,0,recovered
TXN_001966,CUST_1081,MERCH_01,78.73,INR,credit_card,523,expired_card,3,18,3,608,2026-08-18T07:40:07.207708,US,web_browser,False,0.0,2,abandoned
TXN_001967,CUST_1208,MERCH_04,177.29,INR,ach,233,invalid_payment_method,2,7,3,747,2026-08-14T11:28:29.374412,IN,api_integration,False,0.0,1,failed
TXN_001968,CUST_1316,MERCH_02,159.86,USD,net_banking,338,expired_card,1,1,3,338,2026-07-28T13:56:07.456100,AU,api_integration,False,0.0,0,failed
TXN_001969,CUST_0397,MERCH_10,9.99,USD,wallet,161,authentication_failed,1,5,1,526,2026-08-19T00:51:12.419388,US,web_browser,True,9.99,0,failed
TXN_001970,CUST_1294,MERCH_07,13.24,EUR,wallet,459,network_error,1,10,5,459,2026-08-02T23:59:43.314520,CA,web_browser,False,0.0,0,recovered
TXN_001971,CUST_1291,MERCH_10,151.84,EUR,net_banking,110,insufficient_funds,1,5,1,110,2026-07-30T04:56:10.932563,GB,api_integration,False,0.0,0,failed
TXN_001972,CUST_0294,MERCH_09,119.71,EUR,net_banking,79,insufficient_funds,1,0,3,79,2026-07-30T04:35:04.545913,IN,mobile_app,False,0.0,0,recovered
TXN_001973,CUST_0935,MERCH_04,19.99,GBP,wallet,460,authentication_failed,1,11,2,460,2026-08-12T09:09:07.688070,GB,api_integration,True,19.99,0,recovered
TXN_001974,CUST_0940,MERCH_04,372.76,USD,net_banking,860,authentication_failed,1,2,4,860,2026-08-03T11:58:58.190122,DE,mobile_app,False,0.0,0,recovered
TXN_001975,CUST_0196,MERCH_02,199.0,USD,net_banking,437,network_error,1,15,0,437,2026-08-03T22:43:25.457309,IN,api_integration,True,199.0,0,recovered
TXN_001976,CUST_0498,MERCH_07,499.0,USD,upi,629,network_error,1,2,3,629,2026-08-23T17:07:15.000613,AU,api_integration,True,499.0,0,failed
TXN_001977,CUST_0215,MERCH_04,172.47,INR,ach,529,authentication_failed,1,9,2,529,2026-08-03T23:16:22.234168,DE,api_integration,False,0.0,0,failed
TXN_001978,CUST_1222,MERCH_02,49.99,EUR,credit_card,158,network_error,1,6,4,648,2026-07-26T23:36:51.234910,CA,web_browser,True,49.99,0,failed
TXN_001979,CUST_0242,MERCH_10,206.93,GBP,debit_card,757,insufficient_funds,4,2,5,757,2026-07-30T20:28:59.678387,US,api_integration,False,0.0,3,abandoned
TXN_001980,CUST_0473,MERCH_04,254.98,INR,ach,239,insufficient_funds,1,17,3,239,2026-08-21T21:10:49.270622,DE,web_browser,False,0.0,0,failed
TXN_001981,CUST_0751,MERCH_04,29.99,EUR,wallet,9,expired_card,3,1,4,249,2026-08-06T21:07:25.913518,US,api_integration,True,29.99,2,recovered
TXN_001982,CUST_1302,MERCH_07,167.53,INR,ach,139,expired_card,1,18,4,476,2026-08-23T20:22:30.546934,US,web_browser,False,0.0,0,abandoned
TXN_001983,CUST_1090,MERCH_04,162.84,GBP,debit_card,411,bank_declined,1,2,3,411,2026-08-18T08:08:32.451784,CA,web_browser,False,0.0,0,recovered
TXN_001984,CUST_0158,MERCH_08,26.94,INR,ach,301,expired_card,1,7,5,301,2026-08-15T15:28:06.571974,IN,api_integration,False,0.0,0,abandoned
TXN_001985,CUST_0653,MERCH_02,148.85,EUR,upi,422,limit_exceeded,3,7,0,422,2026-08-17T18:32:21.222381,US,mobile_app,False,0.0,2,failed
TXN_001986,CUST_1214,MERCH_02,239.74,USD,debit_card,780,insufficient_funds,1,5,2,780,2026-08-20T03:41:24.094468,AU,web_browser,False,0.0,0,recovered
TXN_001987,CUST_0601,MERCH_06,199.0,GBP,ach,360,authentication_failed,3,14,3,360,2026-08-04T18:22:36.407924,US,web_browser,True,199.0,2,failed
TXN_001988,CUST_0953,MERCH_05,99.0,USD,debit_card,317,network_error,1,9,0,317,2026-08-06T05:07:25.588753,CA,mobile_app,True,99.0,0,recovered
TXN_001989,CUST_0755,MERCH_05,26.62,USD,ach,639,network_error,1,2,5,649,2026-08-19T10:34:09.524518,US,mobile_app,False,0.0,0,abandoned
TXN_001990,CUST_1416,MERCH_04,77.51,INR,debit_card,592,authentication_failed,4,5,5,592,2026-08-05T18:57:00.333040,CA,web_browser,False,0.0,3,failed
TXN_001991,CUST_0881,MERCH_07,168.58,USD,wallet,172,unknown,1,19,1,794,2026-08-08T16:43:06.158979,GB,mobile_app,False,0.0,0,failed
TXN_001992,CUST_0233,MERCH_09,99.0,INR,upi,803,bank_declined,1,19,1,803,2026-08-05T21:17:15.950701,US,web_browser,True,99.0,0,failed
TXN_001993,CUST_0969,MERCH_03,209.79,INR,upi,308,insufficient_funds,2,6,1,826,2026-08-17T21:51:45.052282,IN,web_browser,False,0.0,1,failed
TXN_001994,CUST_0859,MERCH_02,117.24,EUR,debit_card,39,expired_card,1,19,2,750,2026-08-13T22:54:29.907865,GB,mobile_app,False,0.0,0,recovered
TXN_001995,CUST_1251,MERCH_03,436.76,USD,wallet,22,invalid_payment_method,1,17,2,352,2026-07-31T04:18:53.956120,GB,mobile_app,False,0.0,0,failed
TXN_001996,CUST_1245,MERCH_09,677.39,GBP,upi,9,authentication_failed,1,15,5,887,2026-07-28T16:28:50.679769,GB,mobile_app,False,0.0,0,failed
TXN_001997,CUST_0760,MERCH_10,499.0,USD,credit_card,46,network_error,1,12,2,46,2026-08-09T02:57:34.265476,DE,api_integration,True,499.0,0,recovered
TXN_001998,CUST_0796,MERCH_05,99.0,GBP,net_banking,282,authentication_failed,4,14,1,957,2026-08-04T19:20:43.853558,CA,api_integration,True,99.0,3,abandoned
TXN_001999,CUST_1203,MERCH_10,49.8,GBP,wallet,718,insufficient_funds,3,3,3,718,2026-07-29T22:00:31.382715,US,mobile_app,False,0.0,2,failed
TXN_002000,CUST_0634,MERCH_10,363.2,GBP,net_banking,267,insufficient_funds,4,6,4,267,2026-08-21T17:36:31.770692,GB,web_browser,False,0.0,3,abandoned
TXN_002001,CUST_0985,MERCH_06,199.0,EUR,upi,433,insufficient_funds,3,17,5,518,2026-08-13T06:47:27.959025,DE,api_integration,True,199.0,2,recovered
TXN_002002,CUST_1498,MERCH_03,29.99,EUR,upi,656,bank_declined,4,11,4,909,2026-08-24T06:04:04.140536,US,api_integration,True,29.99,3,abandoned
TXN_002003,CUST_0786,MERCH_07,296.6,EUR,debit_card,319,authentication_failed,1,7,3,352,2026-08-02T08:00:20.293748,DE,web_browser,False,0.0,0,recovered
TXN_002004,CUST_0247,MERCH_08,120.52,INR,wallet,128,insufficient_funds,4,10,3,128,2026-08-14T21:36:31.882272,GB,api_integration,False,0.0,3,failed
TXN_002005,CUST_1104,MERCH_07,33.39,EUR,wallet,74,expired_card,1,9,4,809,2026-08-17T07:58:16.780637,IN,api_integration,False,0.0,0,recovered
TXN_002006,CUST_0933,MERCH_09,199.0,USD,debit_card,227,expired_card,1,10,4,360,2026-08-24T03:50:38.249352,CA,api_integration,True,199.0,0,recovered
TXN_002007,CUST_1283,MERCH_07,65.85,EUR,debit_card,2,invalid_payment_method,2,19,5,214,2026-08-09T16:52:01.097682,AU,web_browser,False,0.0,1,recovered
TXN_002008,CUST_1041,MERCH_06,75.75,INR,upi,336,expired_card,1,6,3,336,2026-08-02T09:28:06.584535,GB,api_integration,False,0.0,0,abandoned
TXN_002009,CUST_0676,MERCH_04,140.63,INR,debit_card,757,expired_card,2,19,3,766,2026-08-08T16:44:56.304805,IN,web_browser,False,0.0,1,failed
TXN_002010,CUST_1000,MERCH_07,49.99,EUR,net_banking,226,bank_declined,2,1,3,904,2026-08-15T18:28:31.242137,CA,web_browser,True,49.99,1,recovered
TXN_002011,CUST_0454,MERCH_07,49.99,GBP,net_banking,321,insufficient_funds,2,12,3,552,2026-07-28T18:20:12.726951,GB,web_browser,True,49.99,1,failed
TXN_002012,CUST_0866,MERCH_10,177.87,GBP,upi,343,bank_declined,1,9,4,730,2026-08-19T02:31:28.469829,US,mobile_app,False,0.0,0,failed
TXN_002013,CUST_1075,MERCH_07,86.68,EUR,credit_card,154,expired_card,1,0,2,894,2026-08-12T04:13:59.810802,GB,api_integration,False,0.0,0,recovered
TXN_002014,CUST_1011,MERCH_06,29.99,USD,credit_card,213,insufficient_funds,2,10,3,785,2026-08-06T03:43:14.394926,AU,api_integration,True,29.99,1,failed
TXN_002015,CUST_0195,MERCH_10,206.18,EUR,upi,366,network_error,1,11,3,366,2026-08-16T02:21:25.576382,IN,api_integration,False,0.0,0,failed
TXN_002016,CUST_0783,MERCH_07,47.35,USD,credit_card,134,invalid_payment_method,1,6,5,134,2026-08-05T21:01:12.578343,GB,web_browser,False,0.0,0,abandoned
TXN_002017,CUST_0159,MERCH_10,17.29,GBP,upi,599,insufficient_funds,2,7,2,599,2026-08-22T11:29:08.410848,US,mobile_app,False,0.0,1,recovered
TXN_002018,CUST_1221,MERCH_02,331.7,GBP,credit_card,412,authentication_failed,1,14,2,412,2026-08-10T16:51:43.713195,DE,api_integration,False,0.0,0,recovered
TXN_002019,CUST_1426,MERCH_07,105.08,GBP,wallet,422,insufficient_funds,1,14,5,598,2026-08-01T08:32:55.696224,IN,api_integration,False,0.0,0,recovered
TXN_002020,CUST_1357,MERCH_01,74.99,EUR,ach,601,insufficient_funds,1,12,2,615,2026-08-06T05:59:59.801236,IN,api_integration,False,0.0,0,failed
TXN_002021,CUST_0576,MERCH_04,199.0,GBP,ach,433,insufficient_funds,1,5,3,433,2026-08-16T11:11:12.706189,IN,api_integration,True,199.0,0,failed
TXN_002022,CUST_1195,MERCH_07,19.99,EUR,net_banking,69,insufficient_funds,3,1,2,69,2026-08-13T12:44:22.706851,GB,web_browser,True,19.99,2,failed
TXN_002023,CUST_0598,MERCH_04,139.03,EUR,debit_card,513,insufficient_funds,1,14,5,759,2026-08-15T20:04:26.923946,US,mobile_app,False,0.0,0,failed
TXN_002024,CUST_0770,MERCH_10,54.7,USD,wallet,232,insufficient_funds,1,5,5,232,2026-07-30T15:59:50.451231,AU,api_integration,False,0.0,0,recovered
TXN_002025,CUST_0932,MERCH_07,394.89,INR,credit_card,98,network_error,1,15,2,98,2026-08-13T19:40:13.851859,IN,web_browser,False,0.0,0,failed
TXN_002026,CUST_1152,MERCH_06,29.99,EUR,ach,548,limit_exceeded,1,13,2,548,2026-08-06T03:42:47.200834,IN,api_integration,True,29.99,0,failed
TXN_002027,CUST_0343,MERCH_08,143.32,USD,debit_card,60,insufficient_funds,1,19,4,60,2026-07-29T05:31:16.805333,DE,web_browser,False,0.0,0,failed
TXN_002028,CUST_0776,MERCH_06,279.42,USD,wallet,354,unknown,2,3,3,472,2026-08-08T16:09:31.225721,IN,web_browser,False,0.0,1,failed
TXN_002029,CUST_1190,MERCH_10,99.0,GBP,debit_card,57,limit_exceeded,4,1,5,57,2026-07-31T05:48:14.130201,GB,mobile_app,True,99.0,3,failed
TXN_002030,CUST_1342,MERCH_03,374.29,USD,wallet,475,insufficient_funds,2,19,2,589,2026-08-01T22:06:53.759882,AU,mobile_app,False,0.0,1,failed
TXN_002031,CUST_0455,MERCH_02,61.62,USD,upi,90,expired_card,1,6,2,93,2026-08-18T21:55:44.428164,AU,web_browser,False,0.0,0,failed
TXN_002032,CUST_0842,MERCH_04,9.99,USD,ach,61,insufficient_funds,1,1,1,61,2026-08-11T14:03:02.826299,AU,mobile_app,True,9.99,0,failed
TXN_002033,CUST_0197,MERCH_10,83.45,GBP,debit_card,321,authentication_failed,1,9,5,787,2026-07-30T15:12:00.205744,AU,web_browser,False,0.0,0,failed
TXN_002034,CUST_0766,MERCH_05,499.0,EUR,upi,101,authentication_failed,1,5,4,606,2026-07-30T02:02:33.346327,IN,mobile_app,True,499.0,0,abandoned
TXN_002035,CUST_0953,MERCH_05,17.84,GBP,ach,430,authentication_failed,1,3,0,430,2026-08-13T08:10:08.817116,DE,mobile_app,False,0.0,0,recovered
TXN_002036,CUST_0135,MERCH_01,199.58,GBP,wallet,138,authentication_failed,2,5,5,257,2026-08-08T17:57:03.654744,IN,mobile_app,False,0.0,1,failed
TXN_002037,CUST_0271,MERCH_08,399.39,INR,ach,634,expired_card,1,20,3,856,2026-08-20T10:22:42.359944,GB,web_browser,False,0.0,0,failed
TXN_002038,CUST_1273,MERCH_02,5.58,EUR,net_banking,678,insufficient_funds,1,7,1,678,2026-07-27T09:36:49.809961,IN,mobile_app,False,0.0,0,abandoned
TXN_002039,CUST_1228,MERCH_08,199.0,EUR,wallet,48,insufficient_funds,1,4,0,48,2026-07-30T10:58:14.370805,CA,api_integration,True,199.0,0,failed
TXN_002040,CUST_0363,MERCH_05,99.0,USD,upi,359,expired_card,1,3,1,625,2026-07-28T18:53:05.669802,AU,api_integration,True,99.0,0,failed
TXN_002041,CUST_1415,MERCH_01,403.35,INR,upi,17,limit_exceeded,1,16,3,17,2026-08-23T22:50:41.254324,US,web_browser,False,0.0,0,failed
TXN_002042,CUST_0834,MERCH_05,50.87,USD,ach,622,invalid_payment_method,1,12,5,622,2026-08-24T02:43:20.179435,DE,api_integration,False,0.0,0,recovered
TXN_002043,CUST_1296,MERCH_09,90.81,GBP,debit_card,37,invalid_payment_method,3,8,1,37,2026-07-30T14:03:26.170273,IN,api_integration,False,0.0,2,failed
TXN_002044,CUST_1244,MERCH_08,111.59,GBP,ach,436,authentication_failed,4,12,2,436,2026-08-22T14:10:09.372473,US,web_browser,False,0.0,3,failed
TXN_002045,CUST_1425,MERCH_03,499.0,EUR,net_banking,745,authentication_failed,3,2,0,819,2026-08-24T12:55:29.590736,DE,web_browser,True,499.0,2,failed
TXN_002046,CUST_1462,MERCH_08,499.0,EUR,wallet,18,authentication_failed,1,0,1,522,2026-08-03T04:25:16.527983,DE,web_browser,True,499.0,0,failed
TXN_002047,CUST_0603,MERCH_09,199.0,USD,upi,604,authentication_failed,2,9,0,604,2026-07-31T13:10:45.888875,IN,web_browser,True,199.0,1,failed
TXN_002048,CUST_1002,MERCH_03,46.04,INR,debit_card,419,expired_card,1,2,5,419,2026-08-07T21:10:49.130289,AU,api_integration,False,0.0,0,failed
TXN_002049,CUST_0906,MERCH_08,499.0,EUR,net_banking,414,authentication_failed,1,16,4,414,2026-08-12T09:32:43.271683,AU,api_integration,True,499.0,0,recovered
TXN_002050,CUST_0405,MERCH_10,29.99,USD,credit_card,191,network_error,3,17,5,191,2026-08-19T20:53:17.546898,DE,mobile_app,True,29.99,2,failed
TXN_002051,CUST_0415,MERCH_04,40.3,GBP,net_banking,352,expired_card,1,16,4,352,2026-07-27T13:15:28.916837,CA,api_integration,False,0.0,0,failed
TXN_002052,CUST_1114,MERCH_09,99.0,EUR,wallet,565,invalid_payment_method,1,8,2,821,2026-08-02T19:02:14.395040,CA,web_browser,True,99.0,0,abandoned
TXN_002053,CUST_0400,MERCH_02,29.99,INR,wallet,331,authentication_failed,1,2,3,331,2026-08-14T22:06:08.127163,AU,api_integration,True,29.99,0,recovered
TXN_002054,CUST_1100,MERCH_05,189.93,INR,net_banking,66,invalid_payment_method,1,2,5,66,2026-08-13T05:46:27.872837,CA,web_browser,False,0.0,0,abandoned
TXN_002055,CUST_0346,MERCH_02,149.67,EUR,ach,275,expired_card,1,10,1,275,2026-08-22T15:42:02.859152,CA,web_browser,False,0.0,0,recovered
TXN_002056,CUST_0328,MERCH_10,92.13,INR,credit_card,9,authentication_failed,2,7,5,9,2026-08-18T14:47:59.244598,US,web_browser,False,0.0,1,failed
TXN_002057,CUST_0492,MERCH_01,499.0,EUR,wallet,655,bank_declined,1,18,3,668,2026-08-20T11:24:20.865919,AU,mobile_app,True,499.0,0,abandoned
TXN_002058,CUST_0725,MERCH_10,49.99,USD,credit_card,582,expired_card,1,17,0,582,2026-08-05T04:01:26.536641,AU,api_integration,True,49.99,0,failed
TXN_002059,CUST_0168,MERCH_05,499.0,INR,upi,6,insufficient_funds,2,9,4,6,2026-08-18T05:42:30.303524,DE,web_browser,True,499.0,1,failed
TXN_002060,CUST_0919,MERCH_08,29.99,USD,wallet,17,insufficient_funds,1,8,3,902,2026-07-29T00:59:00.339508,CA,web_browser,True,29.99,0,failed
TXN_002061,CUST_0647,MERCH_07,185.85,EUR,wallet,341,expired_card,1,1,5,341,2026-07-30T05:43:45.059972,DE,mobile_app,False,0.0,0,abandoned
TXN_002062,CUST_0319,MERCH_10,29.94,EUR,ach,456,authentication_failed,1,11,3,456,2026-07-31T17:23:51.647573,US,mobile_app,False,0.0,0,recovered
TXN_002063,CUST_0275,MERCH_06,197.37,EUR,upi,223,network_error,1,20,5,223,2026-08-09T21:36:33.953349,DE,mobile_app,False,0.0,0,failed
TXN_002064,CUST_0282,MERCH_03,35.21,USD,net_banking,408,insufficient_funds,1,19,2,408,2026-08-02T08:43:36.235414,DE,api_integration,False,0.0,0,failed
TXN_002065,CUST_0145,MERCH_08,17.86,EUR,upi,584,network_error,1,18,5,584,2026-08-11T03:09:21.586545,US,mobile_app,False,0.0,0,failed
TXN_002066,CUST_1272,MERCH_05,20.14,INR,wallet,211,insufficient_funds,1,5,2,211,2026-08-06T05:12:59.216693,AU,mobile_app,False,0.0,0,abandoned
TXN_002067,CUST_1159,MERCH_06,131.72,USD,upi,359,insufficient_funds,2,14,3,359,2026-08-23T17:04:15.024617,GB,web_browser,False,0.0,1,failed
TXN_002068,CUST_1354,MERCH_05,241.83,GBP,wallet,443,insufficient_funds,1,9,1,785,2026-08-21T18:10:14.392468,IN,mobile_app,False,0.0,0,recovered
TXN_002069,CUST_0105,MERCH_10,223.95,EUR,debit_card,415,network_error,3,1,3,415,2026-07-29T20:41:06.518316,GB,api_integration,False,0.0,2,failed
TXN_002070,CUST_1049,MERCH_08,9.99,EUR,wallet,342,bank_declined,1,3,0,973,2026-07-30T01:14:07.456531,GB,mobile_app,True,9.99,0,failed
TXN_002071,CUST_1458,MERCH_02,50.66,EUR,credit_card,361,authentication_failed,1,4,1,361,2026-08-14T17:03:11.819011,IN,web_browser,False,0.0,0,abandoned
TXN_002072,CUST_0653,MERCH_08,20.01,INR,wallet,220,authentication_failed,1,20,2,479,2026-08-17T16:18:30.276709,GB,web_browser,False,0.0,0,failed
TXN_002073,CUST_0815,MERCH_09,499.0,USD,ach,498,network_error,1,18,2,498,2026-08-13T22:47:50.668136,CA,web_browser,True,499.0,0,recovered
TXN_002074,CUST_0190,MERCH_03,227.69,EUR,net_banking,199,insufficient_funds,1,20,0,796,2026-08-02T13:34:04.404987,US,web_browser,False,0.0,0,failed
TXN_002075,CUST_0137,MERCH_08,29.99,GBP,ach,649,expired_card,1,18,3,649,2026-08-10T00:47:48.126521,AU,mobile_app,True,29.99,0,recovered
TXN_002076,CUST_0695,MERCH_02,69.46,GBP,credit_card,531,insufficient_funds,1,10,0,531,2026-08-13T15:04:01.815024,US,web_browser,False,0.0,0,abandoned
TXN_002077,CUST_0152,MERCH_04,266.14,USD,net_banking,357,insufficient_funds,2,2,3,357,2026-08-23T15:11:22.386653,AU,mobile_app,False,0.0,1,recovered
TXN_002078,CUST_0884,MERCH_08,239.51,EUR,ach,443,insufficient_funds,2,1,3,557,2026-08-08T22:39:46.340158,US,web_browser,False,0.0,1,failed
TXN_002079,CUST_0419,MERCH_02,245.02,INR,upi,563,authentication_failed,2,7,5,563,2026-08-11T11:00:49.869700,IN,web_browser,False,0.0,1,failed
TXN_002080,CUST_1096,MERCH_04,322.03,INR,upi,47,network_error,1,16,4,418,2026-08-20T19:51:37.329272,US,mobile_app,False,0.0,0,failed
TXN_002081,CUST_0572,MERCH_06,499.0,INR,net_banking,195,insufficient_funds,1,0,0,279,2026-07-30T02:20:33.148858,AU,web_browser,True,499.0,0,failed
TXN_002082,CUST_1358,MERCH_04,82.93,USD,ach,492,bank_declined,2,7,2,492,2026-08-11T13:33:44.755638,GB,api_integration,False,0.0,1,failed
TXN_002083,CUST_0145,MERCH_04,223.92,GBP,upi,53,unknown,1,0,5,53,2026-07-31T16:15:54.604394,DE,mobile_app,False,0.0,0,recovered
TXN_002084,CUST_0898,MERCH_01,33.69,EUR,ach,243,network_error,3,5,5,426,2026-08-07T01:48:59.097801,US,mobile_app,False,0.0,2,failed
TXN_002085,CUST_1137,MERCH_09,89.1,INR,upi,132,authentication_failed,4,2,1,689,2026-08-22T13:05:47.970928,IN,web_browser,False,0.0,3,failed
TXN_002086,CUST_0269,MERCH_02,105.78,EUR,net_banking,342,authentication_failed,2,18,1,864,2026-08-12T23:37:28.202075,GB,api_integration,False,0.0,1,recovered
TXN_002087,CUST_1388,MERCH_05,374.26,USD,ach,703,bank_declined,1,5,2,703,2026-08-22T12:28:59.674657,DE,api_integration,False,0.0,0,failed
TXN_002088,CUST_0801,MERCH_02,49.99,USD,ach,19,invalid_payment_method,2,6,4,990,2026-08-18T15:08:10.488935,DE,mobile_app,True,49.99,1,failed
TXN_002089,CUST_1010,MERCH_07,58.7,USD,upi,83,insufficient_funds,1,8,3,962,2026-08-19T20:07:22.964420,AU,api_integration,False,0.0,0,recovered
TXN_002090,CUST_0599,MERCH_04,29.99,USD,debit_card,114,insufficient_funds,1,1,0,114,2026-07-28T11:21:41.208735,US,api_integration,True,29.99,0,failed
TXN_002091,CUST_1086,MERCH_07,99.87,INR,net_banking,432,expired_card,2,18,0,432,2026-07-26T16:14:06.597822,CA,mobile_app,False,0.0,1,failed
TXN_002092,CUST_1336,MERCH_06,49.99,INR,credit_card,68,expired_card,1,15,5,859,2026-08-21T23:57:29.755059,GB,api_integration,True,49.99,0,failed
TXN_002093,CUST_1172,MERCH_09,128.46,INR,net_banking,400,bank_declined,1,3,4,400,2026-07-29T05:37:31.285508,GB,api_integration,False,0.0,0,failed
TXN_002094,CUST_0772,MERCH_07,148.08,INR,wallet,86,expired_card,1,3,4,628,2026-07-28T15:06:46.034765,AU,mobile_app,False,0.0,0,failed
TXN_002095,CUST_0892,MERCH_05,10.06,USD,ach,16,authentication_failed,1,15,5,16,2026-08-04T22:54:54.052041,DE,web_browser,False,0.0,0,failed
TXN_002096,CUST_1498,MERCH_01,99.0,GBP,net_banking,103,insufficient_funds,1,11,4,588,2026-08-20T13:07:14.150827,US,web_browser,True,99.0,0,abandoned
TXN_002097,CUST_0667,MERCH_03,29.99,EUR,debit_card,255,invalid_payment_method,3,2,4,255,2026-08-01T09:16:45.070911,CA,mobile_app,True,29.99,2,recovered
TXN_002098,CUST_0387,MERCH_03,49.99,INR,wallet,523,authentication_failed,1,0,4,725,2026-08-09T09:10:32.113533,IN,mobile_app,True,49.99,0,recovered
TXN_002099,CUST_0853,MERCH_09,499.0,GBP,debit_card,699,authentication_failed,1,9,1,699,2026-08-12T13:35:22.840217,GB,mobile_app,True,499.0,0,failed
TXN_002100,CUST_1083,MERCH_05,380.66,EUR,credit_card,354,expired_card,1,6,5,723,2026-08-02T18:47:36.833334,US,mobile_app,False,0.0,0,recovered
TXN_002101,CUST_1212,MERCH_04,9.99,INR,upi,651,authentication_failed,1,11,4,975,2026-08-07T11:15:12.515312,DE,web_browser,True,9.99,0,failed
TXN_002102,CUST_0304,MERCH_08,17.74,EUR,credit_card,34,expired_card,1,0,1,34,2026-08-23T02:28:07.434318,IN,web_browser,False,0.0,0,failed
TXN_002103,CUST_0882,MERCH_01,19.68,GBP,net_banking,650,expired_card,1,17,1,780,2026-08-18T13:09:06.990125,DE,web_browser,False,0.0,0,failed
TXN_002104,CUST_0336,MERCH_09,221.57,EUR,ach,447,expired_card,1,14,5,447,2026-08-18T01:54:59.824801,AU,api_integration,False,0.0,0,failed
TXN_002105,CUST_1031,MERCH_04,199.0,GBP,upi,232,bank_declined,1,7,0,234,2026-08-12T04:59:25.070446,CA,web_browser,True,199.0,0,failed
TXN_002106,CUST_0796,MERCH_02,29.99,INR,credit_card,311,authentication_failed,2,17,0,601,2026-08-03T01:18:12.635412,DE,mobile_app,True,29.99,1,abandoned
TXN_002107,CUST_0805,MERCH_07,499.0,EUR,wallet,53,insufficient_funds,1,9,1,496,2026-08-07T07:18:10.811708,AU,web_browser,True,499.0,0,recovered
TXN_002108,CUST_1077,MERCH_07,9.99,EUR,net_banking,402,insufficient_funds,1,15,4,485,2026-08-16T02:46:15.071452,GB,web_browser,True,9.99,0,failed
TXN_002109,CUST_0406,MERCH_09,239.28,USD,debit_card,216,insufficient_funds,1,12,5,591,2026-07-27T12:25:44.383796,DE,mobile_app,False,0.0,0,failed
TXN_002110,CUST_1346,MERCH_09,475.73,INR,ach,12,expired_card,2,11,5,427,2026-08-07T02:39:17.616231,AU,web_browser,False,0.0,1,failed
TXN_002111,CUST_0238,MERCH_04,26.27,GBP,net_banking,35,expired_card,2,17,3,35,2026-08-11T14:13:34.694399,DE,web_browser,False,0.0,1,failed
TXN_002112,CUST_1059,MERCH_01,39.43,GBP,credit_card,229,authentication_failed,1,13,1,386,2026-07-29T10:27:12.039785,AU,mobile_app,False,0.0,0,failed
TXN_002113,CUST_0212,MERCH_08,29.99,INR,upi,177,insufficient_funds,1,17,4,430,2026-08-12T14:35:17.441686,IN,mobile_app,True,29.99,0,recovered
TXN_002114,CUST_0574,MERCH_04,431.17,GBP,ach,604,insufficient_funds,3,4,1,632,2026-08-13T10:35:16.850971,US,web_browser,False,0.0,2,failed
TXN_002115,CUST_1259,MERCH_05,43.54,GBP,upi,353,limit_exceeded,1,12,4,353,2026-08-08T16:24:41.410838,IN,api_integration,False,0.0,0,failed
TXN_002116,CUST_0725,MERCH_02,99.0,EUR,wallet,50,insufficient_funds,1,15,5,855,2026-07-27T14:38:14.352328,DE,web_browser,True,99.0,0,failed
TXN_002117,CUST_0688,MERCH_09,232.03,USD,upi,593,insufficient_funds,1,3,0,985,2026-08-09T04:56:25.246729,IN,web_browser,False,0.0,0,recovered
TXN_002118,CUST_0816,MERCH_05,99.0,EUR,upi,455,network_error,1,10,1,998,2026-07-26T16:44:23.951189,US,web_browser,True,99.0,0,abandoned
TXN_002119,CUST_1241,MERCH_07,118.26,INR,debit_card,29,invalid_payment_method,1,17,3,29,2026-08-07T02:41:03.928524,US,mobile_app,False,0.0,0,failed
TXN_002120,CUST_0253,MERCH_08,9.99,INR,wallet,411,authentication_failed,1,10,4,411,2026-08-07T01:24:24.339897,CA,api_integration,True,9.99,0,failed
TXN_002121,CUST_1174,MERCH_08,99.0,INR,wallet,162,expired_card,2,2,2,821,2026-07-31T21:35:04.660310,US,web_browser,True,99.0,1,failed
TXN_002122,CUST_1465,MERCH_10,60.6,USD,credit_card,200,insufficient_funds,1,0,1,200,2026-08-24T14:43:08.669603,GB,mobile_app,False,0.0,0,failed
TXN_002123,CUST_0184,MERCH_03,105.32,USD,credit_card,22,insufficient_funds,1,2,1,962,2026-08-03T17:10:47.338830,AU,web_browser,False,0.0,0,failed
TXN_002124,CUST_0839,MERCH_05,445.95,EUR,net_banking,511,insufficient_funds,1,8,4,511,2026-08-22T18:25:46.980605,CA,mobile_app,False,0.0,0,recovered
TXN_002125,CUST_1055,MERCH_06,206.9,USD,debit_card,416,network_error,2,11,1,416,2026-08-16T12:57:39.920306,AU,web_browser,False,0.0,1,failed
TXN_002126,CUST_0213,MERCH_08,363.79,INR,debit_card,14,insufficient_funds,1,17,1,207,2026-07-27T05:53:48.193080,AU,api_integration,False,0.0,0,failed
TXN_002127,CUST_0542,MERCH_07,189.25,INR,net_banking,266,insufficient_funds,1,1,0,886,2026-08-20T04:57:56.956062,CA,mobile_app,False,0.0,0,abandoned
TXN_002128,CUST_0648,MERCH_09,109.02,GBP,wallet,8,insufficient_funds,1,20,3,8,2026-08-07T20:23:26.501812,CA,api_integration,False,0.0,0,recovered
TXN_002129,CUST_0370,MERCH_01,25.74,INR,debit_card,123,insufficient_funds,1,4,0,123,2026-08-03T04:32:12.436619,IN,api_integration,False,0.0,0,failed
TXN_002130,CUST_0405,MERCH_10,281.56,USD,upi,203,network_error,2,18,5,872,2026-08-09T15:34:01.173475,DE,api_integration,False,0.0,1,failed
TXN_002131,CUST_0861,MERCH_06,9.99,GBP,upi,455,expired_card,1,6,4,662,2026-07-26T14:36:00.094856,CA,web_browser,True,9.99,0,recovered
TXN_002132,CUST_0326,MERCH_05,29.99,INR,ach,422,authentication_failed,1,14,1,597,2026-08-06T18:37:21.720210,US,mobile_app,True,29.99,0,failed
TXN_002133,CUST_0715,MERCH_10,200.08,EUR,debit_card,726,insufficient_funds,1,20,3,726,2026-08-02T06:29:21.666150,AU,web_browser,False,0.0,0,failed
TXN_002134,CUST_0504,MERCH_06,151.18,GBP,ach,619,expired_card,3,15,1,619,2026-08-21T12:04:25.656930,GB,mobile_app,False,0.0,2,failed
TXN_002135,CUST_1161,MERCH_01,99.0,EUR,net_banking,277,limit_exceeded,1,1,1,277,2026-08-15T21:48:15.456261,DE,web_browser,True,99.0,0,failed
TXN_002136,CUST_0203,MERCH_01,12.67,EUR,debit_card,430,insufficient_funds,1,19,0,430,2026-08-12T08:35:21.223301,CA,web_browser,False,0.0,0,failed
TXN_002137,CUST_0383,MERCH_03,50.51,EUR,ach,423,insufficient_funds,1,1,1,423,2026-08-02T00:01:32.743119,US,mobile_app,False,0.0,0,failed
TXN_002138,CUST_1490,MERCH_06,49.99,GBP,upi,189,insufficient_funds,1,3,3,189,2026-08-22T20:05:52.338035,CA,api_integration,True,49.99,0,failed
TXN_002139,CUST_0126,MERCH_01,15.21,EUR,debit_card,223,insufficient_funds,1,19,1,223,2026-08-16T15:01:57.503628,IN,api_integration,False,0.0,0,abandoned
TXN_002140,CUST_1203,MERCH_04,220.31,INR,wallet,493,authentication_failed,1,13,5,493,2026-07-26T07:52:27.539633,US,mobile_app,False,0.0,0,abandoned
TXN_002141,CUST_0440,MERCH_07,199.0,USD,wallet,11,insufficient_funds,1,7,3,333,2026-08-06T15:52:11.908846,US,api_integration,True,199.0,0,failed
TXN_002142,CUST_1402,MERCH_01,58.63,EUR,upi,309,expired_card,1,2,5,320,2026-08-17T07:56:03.598658,GB,api_integration,False,0.0,0,failed
TXN_002143,CUST_0207,MERCH_05,199.0,GBP,net_banking,505,insufficient_funds,1,12,4,505,2026-08-22T23:27:31.198147,GB,web_browser,True,199.0,0,recovered
TXN_002144,CUST_1269,MERCH_04,37.81,INR,ach,20,invalid_payment_method,1,18,3,602,2026-08-02T15:14:21.679321,GB,mobile_app,False,0.0,0,recovered
TXN_002145,CUST_1151,MERCH_08,182.58,USD,net_banking,818,insufficient_funds,2,6,1,848,2026-08-18T04:10:00.295977,IN,web_browser,False,0.0,1,failed
TXN_002146,CUST_0797,MERCH_04,347.63,GBP,upi,236,bank_declined,1,1,1,236,2026-08-20T05:41:14.103207,US,api_integration,False,0.0,0,recovered
TXN_002147,CUST_1267,MERCH_09,36.77,USD,debit_card,236,network_error,1,5,0,248,2026-08-22T15:12:36.825436,IN,mobile_app,False,0.0,0,failed
TXN_002148,CUST_0768,MERCH_02,49.99,EUR,ach,333,bank_declined,3,11,2,333,2026-08-07T04:21:50.534277,AU,mobile_app,True,49.99,2,failed
TXN_002149,CUST_0659,MERCH_03,199.0,EUR,credit_card,313,network_error,1,9,2,403,2026-08-20T02:59:35.156372,IN,web_browser,True,199.0,0,failed
TXN_002150,CUST_0576,MERCH_09,49.99,EUR,credit_card,94,network_error,1,2,4,94,2026-07-26T14:30:44.024767,GB,api_integration,True,49.99,0,abandoned
TXN_002151,CUST_0557,MERCH_05,491.62,EUR,upi,731,invalid_payment_method,1,2,4,731,2026-08-09T21:32:53.762476,CA,mobile_app,False,0.0,0,failed
TXN_002152,CUST_0903,MERCH_07,19.99,USD,ach,135,invalid_payment_method,1,20,5,135,2026-08-01T07:12:33.766301,CA,mobile_app,True,19.99,0,failed
TXN_002153,CUST_0252,MERCH_09,73.04,USD,upi,135,invalid_payment_method,1,13,1,324,2026-08-11T01:37:56.107622,US,web_browser,False,0.0,0,recovered
TXN_002154,CUST_0415,MERCH_01,145.14,EUR,debit_card,668,bank_declined,1,16,2,684,2026-07-29T11:56:55.618447,AU,mobile_app,False,0.0,0,failed
TXN_002155,CUST_0965,MERCH_01,11.44,USD,credit_card,46,bank_declined,3,1,0,46,2026-08-12T06:51:46.074867,AU,mobile_app,False,0.0,2,recovered
TXN_002156,CUST_1328,MERCH_03,271.73,GBP,ach,551,authentication_failed,1,17,0,551,2026-07-26T14:26:41.114554,US,web_browser,False,0.0,0,failed
TXN_002157,CUST_0597,MERCH_09,23.14,GBP,wallet,549,invalid_payment_method,1,15,5,549,2026-08-04T06:19:22.393648,US,web_browser,False,0.0,0,failed
TXN_002158,CUST_1385,MERCH_01,139.18,USD,net_banking,550,insufficient_funds,1,12,4,550,2026-08-09T02:15:35.901951,IN,api_integration,False,0.0,0,failed
TXN_002159,CUST_1099,MERCH_03,199.0,INR,net_banking,685,authentication_failed,3,17,0,690,2026-08-20T04:23:01.279719,IN,web_browser,True,199.0,2,failed
TXN_002160,CUST_0960,MERCH_05,49.99,EUR,credit_card,51,authentication_failed,2,0,4,228,2026-07-27T05:55:50.528768,AU,web_browser,True,49.99,1,recovered
TXN_002161,CUST_0809,MERCH_05,124.32,GBP,net_banking,397,expired_card,1,2,2,397,2026-08-11T18:29:32.120764,GB,mobile_app,False,0.0,0,failed
TXN_002162,CUST_1249,MERCH_06,340.54,GBP,debit_card,47,insufficient_funds,1,9,2,442,2026-08-13T20:24:32.678827,GB,mobile_app,False,0.0,0,recovered
TXN_002163,CUST_0283,MERCH_09,199.0,EUR,net_banking,151,bank_declined,1,6,4,955,2026-08-14T07:53:37.090063,GB,mobile_app,True,199.0,0,failed
TXN_002164,CUST_0591,MERCH_08,102.17,INR,net_banking,102,network_error,1,0,5,205,2026-08-10T09:11:49.160630,US,web_browser,False,0.0,0,recovered
TXN_002165,CUST_0679,MERCH_09,172.81,EUR,upi,269,insufficient_funds,1,3,1,269,2026-07-27T03:46:02.830894,GB,mobile_app,False,0.0,0,abandoned
TXN_002166,CUST_1447,MERCH_01,57.6,INR,wallet,38,unknown,2,16,5,738,2026-08-08T07:08:32.101111,CA,web_browser,False,0.0,1,failed
TXN_002167,CUST_1392,MERCH_08,99.0,EUR,debit_card,100,authentication_failed,1,4,2,387,2026-07-31T20:46:14.961065,DE,mobile_app,True,99.0,0,failed
TXN_002168,CUST_1474,MERCH_01,9.99,USD,net_banking,162,authentication_failed,1,9,1,321,2026-08-18T00:46:32.778704,AU,api_integration,True,9.99,0,recovered
TXN_002169,CUST_0669,MERCH_02,721.74,GBP,ach,278,authentication_failed,1,20,3,322,2026-08-09T10:54:49.371249,IN,web_browser,False,0.0,0,failed
TXN_002170,CUST_0304,MERCH_09,245.26,INR,debit_card,464,insufficient_funds,1,10,1,464,2026-08-24T16:29:02.510387,US,mobile_app,False,0.0,0,failed
TXN_002171,CUST_0559,MERCH_05,29.99,USD,ach,869,expired_card,4,14,3,874,2026-08-19T06:42:15.569475,GB,api_integration,True,29.99,3,failed
TXN_002172,CUST_1254,MERCH_01,21.19,GBP,net_banking,791,authentication_failed,1,20,1,791,2026-08-14T17:01:08.014682,CA,mobile_app,False,0.0,0,abandoned
TXN_002173,CUST_1210,MERCH_02,19.99,GBP,debit_card,301,authentication_failed,2,15,4,567,2026-08-06T09:19:14.547161,CA,mobile_app,True,19.99,1,failed
TXN_002174,CUST_0768,MERCH_03,79.37,EUR,ach,311,insufficient_funds,1,17,2,311,2026-07-31T20:06:54.656066,DE,mobile_app,False,0.0,0,failed
TXN_002175,CUST_0614,MERCH_09,276.54,INR,credit_card,473,insufficient_funds,1,2,1,890,2026-08-13T19:17:40.005691,US,api_integration,False,0.0,0,failed
TXN_002176,CUST_0164,MERCH_03,175.47,USD,net_banking,125,authentication_failed,1,3,2,807,2026-08-07T14:26:47.596869,US,mobile_app,False,0.0,0,failed
TXN_002177,CUST_0640,MERCH_08,499.0,GBP,ach,595,authentication_failed,2,3,0,835,2026-08-02T19:20:44.481584,AU,api_integration,True,499.0,1,recovered
TXN_002178,CUST_0392,MERCH_05,104.89,INR,credit_card,65,authentication_failed,1,6,2,65,2026-08-16T09:16:08.032175,DE,mobile_app,False,0.0,0,failed
TXN_002179,CUST_0327,MERCH_09,21.4,USD,upi,715,insufficient_funds,1,10,0,715,2026-08-21T08:05:42.865138,GB,web_browser,False,0.0,0,failed
TXN_002180,CUST_0178,MERCH_09,85.18,GBP,wallet,827,authentication_failed,1,8,0,827,2026-08-04T23:56:18.158671,IN,mobile_app,False,0.0,0,failed
TXN_002181,CUST_0144,MERCH_04,29.99,EUR,ach,279,network_error,1,11,3,279,2026-08-20T05:43:51.798450,CA,api_integration,True,29.99,0,abandoned
TXN_002182,CUST_0650,MERCH_01,199.0,GBP,credit_card,265,insufficient_funds,1,6,3,272,2026-07-28T04:23:11.136765,DE,mobile_app,False,0.0,0,failed
TXN_002183,CUST_0605,MERCH_10,199.0,USD,net_banking,92,insufficient_funds,2,19,2,92,2026-08-15T19:11:26.420660,US,mobile_app,True,199.0,1,failed
TXN_002184,CUST_0443,MERCH_07,69.75,USD,credit_card,47,invalid_payment_method,1,20,4,47,2026-08-17T13:40:54.372190,US,api_integration,False,0.0,0,abandoned
TXN_002185,CUST_1334,MERCH_07,65.58,USD,upi,232,expired_card,1,3,1,330,2026-08-16T03:42:49.046812,CA,web_browser,False,0.0,0,failed
TXN_002186,CUST_1167,MERCH_07,142.24,USD,net_banking,598,limit_exceeded,2,12,5,652,2026-08-09T13:13:52.043855,US,api_integration,False,0.0,1,failed
TXN_002187,CUST_0604,MERCH_07,9.99,INR,ach,5,unknown,1,14,3,5,2026-07-27T03:26:35.531475,CA,web_browser,True,9.99,0,failed
TXN_002188,CUST_1275,MERCH_05,37.96,GBP,credit_card,106,insufficient_funds,1,1,3,541,2026-08-11T13:02:37.972079,US,web_browser,False,0.0,0,recovered
TXN_002189,CUST_1361,MERCH_01,9.99,GBP,upi,968,insufficient_funds,2,9,0,968,2026-08-07T01:22:10.707579,IN,mobile_app,True,9.99,1,failed
TXN_002190,CUST_0577,MERCH_09,168.41,USD,debit_card,166,bank_declined,1,10,2,963,2026-08-10T09:54:25.650200,AU,mobile_app,False,0.0,0,abandoned
TXN_002191,CUST_0837,MERCH_04,499.0,EUR,debit_card,600,insufficient_funds,1,19,5,817,2026-08-12T16:29:40.529517,AU,web_browser,True,499.0,0,failed
TXN_002192,CUST_0328,MERCH_10,161.45,INR,upi,222,expired_card,1,3,3,222,2026-08-11T23:40:56.780561,DE,web_browser,False,0.0,0,failed
TXN_002193,CUST_0411,MERCH_04,255.53,INR,net_banking,338,network_error,4,16,3,879,2026-07-30T17:56:51.511210,AU,web_browser,False,0.0,3,failed
TXN_002194,CUST_1233,MERCH_08,19.56,GBP,net_banking,206,bank_declined,2,7,2,591,2026-08-10T08:47:02.354168,US,web_browser,False,0.0,1,recovered
TXN_002195,CUST_0112,MERCH_06,127.88,INR,upi,474,insufficient_funds,1,7,2,474,2026-08-21T04:04:13.071039,US,web_browser,False,0.0,0,recovered
TXN_002196,CUST_1303,MERCH_09,36.23,GBP,credit_card,310,limit_exceeded,1,8,3,310,2026-08-03T23:54:30.489536,US,web_browser,False,0.0,0,failed
TXN_002197,CUST_1457,MERCH_06,104.83,USD,ach,244,network_error,1,7,4,735,2026-08-03T22:43:18.029665,DE,web_browser,False,0.0,0,failed
TXN_002198,CUST_0914,MERCH_10,29.99,USD,credit_card,57,insufficient_funds,1,19,5,57,2026-08-13T03:08:26.536640,US,api_integration,True,29.99,0,abandoned
TXN_002199,CUST_0264,MERCH_02,225.92,EUR,upi,76,insufficient_funds,1,10,3,76,2026-08-19T00:53:30.006454,AU,api_integration,False,0.0,0,failed
TXN_002200,CUST_1383,MERCH_09,19.99,INR,wallet,49,invalid_payment_method,2,7,0,49,2026-08-05T03:51:00.047566,GB,api_integration,True,19.99,1,failed
TXN_002201,CUST_0868,MERCH_10,12.89,EUR,ach,131,bank_declined,1,17,3,490,2026-08-22T14:31:25.811432,GB,api_integration,False,0.0,0,abandoned
TXN_002202,CUST_0355,MERCH_08,334.69,GBP,credit_card,423,unknown,3,20,1,644,2026-07-26T17:36:03.213024,DE,mobile_app,False,0.0,2,abandoned
TXN_002203,CUST_0358,MERCH_02,123.76,EUR,credit_card,219,limit_exceeded,1,0,3,219,2026-08-12T21:14:01.852796,CA,web_browser,False,0.0,0,recovered
TXN_002204,CUST_0229,MERCH_04,19.99,EUR,ach,643,insufficient_funds,1,8,0,707,2026-08-09T14:41:13.996995,DE,api_integration,True,19.99,0,failed
TXN_002205,CUST_0235,MERCH_07,90.52,INR,ach,231,insufficient_funds,1,7,1,231,2026-08-07T16:01:18.110706,IN,web_browser,False,0.0,0,failed
TXN_002206,CUST_0386,MERCH_09,199.0,EUR,debit_card,180,network_error,3,14,0,180,2026-08-07T07:39:53.868167,IN,web_browser,True,199.0,2,failed
TXN_002207,CUST_0478,MERCH_10,220.08,GBP,wallet,779,insufficient_funds,1,16,2,779,2026-08-05T22:06:10.516731,US,mobile_app,False,0.0,0,abandoned
TXN_002208,CUST_0252,MERCH_05,19.99,USD,upi,620,insufficient_funds,1,8,0,620,2026-08-09T19:46:13.032807,GB,api_integration,True,19.99,0,failed
TXN_002209,CUST_0812,MERCH_10,166.79,USD,debit_card,716,bank_declined,1,20,3,716,2026-08-10T10:43:29.009991,GB,api_integration,False,0.0,0,failed
TXN_002210,CUST_0300,MERCH_03,199.0,GBP,net_banking,173,bank_declined,1,12,1,480,2026-08-03T01:56:22.763972,AU,mobile_app,True,199.0,0,failed
TXN_002211,CUST_0543,MERCH_03,29.99,GBP,net_banking,7,authentication_failed,1,2,4,816,2026-08-05T01:52:25.007287,IN,api_integration,True,29.99,0,failed
TXN_002212,CUST_1032,MERCH_10,99.0,INR,upi,324,network_error,1,15,4,324,2026-08-05T12:14:12.178877,AU,web_browser,True,99.0,0,failed
TXN_002213,CUST_0651,MERCH_02,9.99,INR,upi,945,expired_card,1,6,3,987,2026-08-08T23:35:45.157953,CA,api_integration,True,9.99,0,failed
TXN_002214,CUST_1048,MERCH_07,9.99,USD,upi,748,insufficient_funds,1,17,2,748,2026-07-31T22:06:12.893147,CA,mobile_app,True,9.99,0,failed
TXN_002215,CUST_0165,MERCH_09,28.7,INR,credit_card,573,invalid_payment_method,1,20,2,653,2026-07-26T23:16:21.488113,US,web_browser,False,0.0,0,failed
TXN_002216,CUST_1498,MERCH_09,38.98,INR,debit_card,438,insufficient_funds,4,14,1,734,2026-08-08T11:18:45.263008,US,web_browser,False,0.0,3,abandoned
TXN_002217,CUST_0373,MERCH_01,99.0,GBP,ach,142,expired_card,1,0,4,303,2026-08-04T14:41:52.340800,AU,mobile_app,True,99.0,0,failed
TXN_002218,CUST_1103,MERCH_10,89.29,EUR,credit_card,68,limit_exceeded,1,20,3,335,2026-08-14T23:54:46.597244,AU,api_integration,False,0.0,0,recovered
TXN_002219,CUST_0139,MERCH_01,329.43,GBP,debit_card,311,insufficient_funds,1,3,4,311,2026-08-20T22:41:52.186232,IN,api_integration,False,0.0,0,failed
TXN_002220,CUST_0197,MERCH_01,49.99,INR,credit_card,133,insufficient_funds,1,14,1,133,2026-08-05T04:32:14.625535,AU,mobile_app,True,49.99,0,failed
TXN_002221,CUST_1471,MERCH_05,28.03,INR,wallet,339,network_error,2,8,1,468,2026-07-26T09:32:58.735145,US,api_integration,False,0.0,1,failed
TXN_002222,CUST_0329,MERCH_07,80.73,INR,debit_card,395,insufficient_funds,1,13,4,395,2026-08-15T15:31:36.929028,US,web_browser,False,0.0,0,recovered
TXN_002223,CUST_0865,MERCH_05,14.97,EUR,upi,271,insufficient_funds,1,3,3,401,2026-08-04T05:48:09.298767,AU,web_browser,False,0.0,0,failed
TXN_002224,CUST_1231,MERCH_01,29.99,INR,wallet,307,bank_declined,1,3,3,417,2026-07-30T21:52:36.789863,US,api_integration,True,29.99,0,abandoned
TXN_002225,CUST_0365,MERCH_05,9.99,GBP,credit_card,625,expired_card,4,10,0,670,2026-08-06T08:33:20.945041,AU,api_integration,True,9.99,3,abandoned
TXN_002226,CUST_0499,MERCH_02,276.6,USD,upi,251,bank_declined,2,11,1,715,2026-08-01T00:28:43.635525,DE,api_integration,False,0.0,1,failed
TXN_002227,CUST_0495,MERCH_08,93.33,GBP,debit_card,59,insufficient_funds,4,11,2,758,2026-08-09T21:44:29.316655,GB,api_integration,False,0.0,3,abandoned
TXN_002228,CUST_1485,MERCH_04,72.91,GBP,debit_card,338,network_error,2,2,0,937,2026-08-15T05:35:51.589820,CA,web_browser,False,0.0,1,recovered
TXN_002229,CUST_1212,MERCH_09,34.25,EUR,wallet,283,insufficient_funds,1,2,3,283,2026-08-24T05:11:08.075171,DE,mobile_app,False,0.0,0,abandoned
TXN_002230,CUST_1314,MERCH_08,499.0,EUR,ach,847,authentication_failed,1,2,2,847,2026-07-29T00:42:42.427261,GB,api_integration,True,499.0,0,recovered
TXN_002231,CUST_0704,MERCH_06,322.14,USD,credit_card,417,insufficient_funds,1,11,4,417,2026-08-06T14:19:12.076039,AU,mobile_app,False,0.0,0,failed
TXN_002232,CUST_1019,MERCH_10,42.94,USD,credit_card,422,bank_declined,1,10,3,422,2026-08-15T01:25:27.348938,CA,mobile_app,False,0.0,0,recovered
TXN_002233,CUST_1225,MERCH_10,521.21,INR,debit_card,357,authentication_failed,2,1,0,900,2026-08-19T08:48:18.320878,CA,api_integration,False,0.0,1,abandoned
TXN_002234,CUST_1168,MERCH_10,14.41,INR,credit_card,444,limit_exceeded,2,6,2,470,2026-08-04T15:59:34.563467,AU,web_browser,False,0.0,1,failed
TXN_002235,CUST_0675,MERCH_07,199.0,INR,net_banking,586,insufficient_funds,1,7,5,858,2026-08-07T11:52:53.782237,US,api_integration,True,199.0,0,recovered
TXN_002236,CUST_0772,MERCH_07,499.0,EUR,debit_card,534,network_error,1,7,1,534,2026-08-09T05:49:41.234093,DE,web_browser,True,499.0,0,failed
TXN_002237,CUST_1416,MERCH_09,112.65,GBP,ach,786,authentication_failed,1,3,4,792,2026-08-07T13:16:30.442190,IN,mobile_app,False,0.0,0,failed
TXN_002238,CUST_1264,MERCH_01,5.61,EUR,net_banking,597,insufficient_funds,4,18,2,631,2026-08-01T08:38:57.561817,AU,api_integration,False,0.0,3,abandoned
TXN_002239,CUST_1450,MERCH_05,53.67,GBP,ach,413,network_error,3,1,3,413,2026-08-12T00:46:58.599741,GB,web_browser,False,0.0,2,failed
TXN_002240,CUST_1439,MERCH_04,224.54,EUR,wallet,401,network_error,1,18,0,706,2026-08-17T00:57:15.031792,AU,api_integration,False,0.0,0,recovered
TXN_002241,CUST_0528,MERCH_10,64.94,GBP,upi,56,authentication_failed,2,18,5,56,2026-08-07T15:29:29.350945,DE,web_browser,False,0.0,1,recovered
TXN_002242,CUST_1022,MERCH_09,199.0,INR,upi,566,expired_card,1,13,5,817,2026-08-15T12:43:58.021430,AU,mobile_app,True,199.0,0,failed
TXN_002243,CUST_1101,MERCH_04,49.99,INR,upi,478,bank_declined,1,3,5,861,2026-07-29T09:51:47.712946,AU,mobile_app,True,49.99,0,failed
TXN_002244,CUST_1414,MERCH_01,111.35,USD,debit_card,153,insufficient_funds,1,18,1,153,2026-08-15T04:00:35.620115,IN,web_browser,False,0.0,0,recovered
TXN_002245,CUST_1291,MERCH_10,67.34,INR,ach,45,invalid_payment_method,2,10,5,785,2026-08-01T20:46:58.311477,CA,web_browser,False,0.0,1,failed
TXN_002246,CUST_0500,MERCH_03,45.75,INR,debit_card,292,bank_declined,1,10,0,292,2026-08-04T02:46:50.434290,IN,mobile_app,False,0.0,0,failed
TXN_002247,CUST_0648,MERCH_08,16.67,EUR,ach,35,expired_card,1,19,2,908,2026-08-15T09:28:09.394930,CA,mobile_app,False,0.0,0,recovered
TXN_002248,CUST_0404,MERCH_01,49.99,EUR,wallet,200,insufficient_funds,4,8,0,200,2026-07-27T16:55:56.408247,GB,web_browser,True,49.99,3,abandoned
TXN_002249,CUST_0902,MERCH_02,9.99,USD,net_banking,96,authentication_failed,4,7,5,612,2026-08-10T11:39:38.454910,GB,mobile_app,True,9.99,3,failed
TXN_002250,CUST_0996,MERCH_07,19.99,EUR,upi,243,insufficient_funds,2,4,4,665,2026-08-13T20:57:35.840940,CA,api_integration,True,19.99,1,recovered
TXN_002251,CUST_0822,MERCH_04,5.66,GBP,debit_card,831,insufficient_funds,1,11,2,831,2026-08-21T00:44:03.186725,AU,web_browser,False,0.0,0,failed
TXN_002252,CUST_0977,MERCH_01,108.5,GBP,debit_card,320,bank_declined,2,19,5,320,2026-08-20T16:56:17.742868,DE,api_integration,False,0.0,1,failed
TXN_002253,CUST_1330,MERCH_01,175.15,INR,net_banking,183,expired_card,2,0,4,183,2026-08-07T20:20:28.047043,DE,mobile_app,False,0.0,1,failed
TXN_002254,CUST_0476,MERCH_03,9.99,GBP,ach,24,authentication_failed,1,11,2,693,2026-08-06T15:35:51.551141,CA,mobile_app,True,9.99,0,failed
TXN_002255,CUST_0237,MERCH_06,22.11,GBP,debit_card,214,insufficient_funds,1,6,4,869,2026-08-11T02:25:41.499713,US,web_browser,False,0.0,0,recovered
TXN_002256,CUST_0473,MERCH_02,162.07,GBP,ach,651,bank_declined,3,7,4,753,2026-08-06T22:14:15.362437,DE,mobile_app,False,0.0,2,failed
TXN_002257,CUST_0330,MERCH_01,43.1,INR,wallet,428,expired_card,1,5,1,942,2026-08-08T00:54:17.825373,IN,api_integration,False,0.0,0,failed
TXN_002258,CUST_1048,MERCH_08,54.22,GBP,debit_card,293,expired_card,1,1,2,293,2026-08-08T13:41:04.338342,DE,mobile_app,False,0.0,0,failed
TXN_002259,CUST_0227,MERCH_07,19.99,GBP,wallet,761,insufficient_funds,1,16,5,766,2026-07-25T21:52:27.524963,DE,mobile_app,True,19.99,0,failed
TXN_002260,CUST_0696,MERCH_05,187.45,GBP,ach,141,expired_card,3,18,2,141,2026-08-24T10:01:52.672079,US,api_integration,False,0.0,2,failed
TXN_002261,CUST_0973,MERCH_05,30.37,GBP,net_banking,371,authentication_failed,1,10,1,371,2026-08-03T23:14:58.609216,DE,api_integration,False,0.0,0,failed
TXN_002262,CUST_0634,MERCH_01,5.54,GBP,credit_card,326,bank_declined,1,19,2,427,2026-07-29T18:57:30.880682,IN,api_integration,False,0.0,0,failed
TXN_002263,CUST_1152,MERCH_09,95.7,INR,net_banking,159,invalid_payment_method,1,17,2,159,2026-08-20T17:20:48.776907,AU,api_integration,False,0.0,0,recovered
TXN_002264,CUST_0245,MERCH_07,24.09,EUR,net_banking,505,insufficient_funds,1,10,1,887,2026-08-12T02:04:38.264717,AU,api_integration,False,0.0,0,failed
TXN_002265,CUST_0914,MERCH_09,6.59,INR,net_banking,313,insufficient_funds,4,20,3,388,2026-08-05T17:39:04.757166,DE,api_integration,False,0.0,3,abandoned
TXN_002266,CUST_0490,MERCH_02,499.0,EUR,credit_card,571,bank_declined,1,8,1,571,2026-08-04T15:32:15.824917,CA,mobile_app,True,499.0,0,abandoned
TXN_002267,CUST_0273,MERCH_10,18.42,USD,ach,21,authentication_failed,1,8,4,21,2026-08-21T06:11:00.265981,DE,api_integration,False,0.0,0,abandoned
TXN_002268,CUST_0919,MERCH_08,29.99,USD,upi,106,insufficient_funds,2,15,3,665,2026-07-31T00:07:36.495315,IN,mobile_app,True,29.99,1,failed
TXN_002269,CUST_0969,MERCH_09,75.02,USD,upi,156,expired_card,1,12,3,717,2026-08-22T07:34:07.646468,US,mobile_app,False,0.0,0,failed
TXN_002270,CUST_0171,MERCH_10,9.99,EUR,credit_card,509,bank_declined,2,1,0,509,2026-08-19T12:20:58.378603,IN,web_browser,True,9.99,1,failed
TXN_002271,CUST_1462,MERCH_05,101.24,INR,wallet,700,bank_declined,1,20,1,721,2026-08-24T10:53:05.751379,CA,web_browser,False,0.0,0,failed
TXN_002272,CUST_1378,MERCH_10,52.01,EUR,wallet,881,expired_card,1,20,5,881,2026-08-06T20:09:58.270684,AU,web_browser,False,0.0,0,failed
TXN_002273,CUST_0733,MERCH_05,29.99,EUR,credit_card,265,insufficient_funds,1,19,5,265,2026-08-22T07:27:56.760040,GB,api_integration,True,29.99,0,failed
TXN_002274,CUST_0532,MERCH_08,11.02,INR,net_banking,920,network_error,4,11,0,923,2026-08-11T01:21:19.568262,CA,web_browser,False,0.0,3,failed
TXN_002275,CUST_1274,MERCH_10,76.54,GBP,upi,543,insufficient_funds,1,12,0,858,2026-08-22T03:50:58.957029,DE,api_integration,False,0.0,0,failed
TXN_002276,CUST_0195,MERCH_06,58.13,INR,upi,81,bank_declined,1,16,4,81,2026-08-09T08:22:37.973429,DE,web_browser,False,0.0,0,recovered
TXN_002277,CUST_0450,MERCH_05,11.93,INR,upi,28,expired_card,1,8,2,339,2026-08-11T17:05:23.129183,GB,mobile_app,False,0.0,0,failed
TXN_002278,CUST_0749,MERCH_03,205.13,USD,wallet,709,insufficient_funds,1,3,0,709,2026-08-13T15:43:42.235013,GB,web_browser,False,0.0,0,recovered
TXN_002279,CUST_1487,MERCH_07,146.12,GBP,credit_card,228,bank_declined,1,10,4,228,2026-07-31T00:18:43.661946,DE,api_integration,False,0.0,0,failed
TXN_002280,CUST_0529,MERCH_01,95.76,INR,debit_card,710,bank_declined,3,20,2,710,2026-08-02T00:49:42.620178,AU,web_browser,False,0.0,2,failed
TXN_002281,CUST_0642,MERCH_03,148.64,GBP,wallet,343,invalid_payment_method,1,4,0,343,2026-08-19T21:27:10.033638,US,api_integration,False,0.0,0,failed
TXN_002282,CUST_1348,MERCH_03,499.0,EUR,net_banking,700,bank_declined,1,9,3,996,2026-08-16T09:53:24.187809,US,web_browser,True,499.0,0,recovered
TXN_002283,CUST_0457,MERCH_10,49.99,INR,credit_card,561,invalid_payment_method,1,15,5,561,2026-07-31T23:36:06.077506,GB,web_browser,True,49.99,0,failed
TXN_002284,CUST_0260,MERCH_08,49.99,GBP,net_banking,353,insufficient_funds,1,1,2,353,2026-08-19T09:14:25.934184,DE,api_integration,True,49.99,0,recovered
TXN_002285,CUST_1161,MERCH_10,138.62,EUR,credit_card,301,authentication_failed,1,14,3,339,2026-07-29T07:28:33.244912,IN,web_browser,False,0.0,0,failed
TXN_002286,CUST_0108,MERCH_02,395.97,GBP,debit_card,219,insufficient_funds,4,18,5,219,2026-08-04T01:51:23.044421,AU,web_browser,False,0.0,3,failed
TXN_002287,CUST_0781,MERCH_02,135.64,EUR,upi,28,insufficient_funds,1,7,4,618,2026-07-30T13:42:12.463986,CA,api_integration,False,0.0,0,recovered
TXN_002288,CUST_0596,MERCH_07,237.9,INR,credit_card,369,insufficient_funds,1,3,0,369,2026-08-03T15:46:52.584980,CA,mobile_app,False,0.0,0,failed
TXN_002289,CUST_1446,MERCH_07,147.51,EUR,debit_card,105,authentication_failed,1,10,1,105,2026-08-11T07:53:19.404507,IN,mobile_app,False,0.0,0,recovered
TXN_002290,CUST_0536,MERCH_08,34.09,INR,upi,769,limit_exceeded,1,20,5,769,2026-08-05T17:49:20.787319,GB,web_browser,False,0.0,0,failed
TXN_002291,CUST_0821,MERCH_07,499.0,INR,wallet,79,insufficient_funds,1,3,1,641,2026-08-10T01:37:47.469113,CA,api_integration,True,499.0,0,recovered
TXN_002292,CUST_0197,MERCH_07,17.11,EUR,net_banking,638,bank_declined,1,9,2,638,2026-08-13T12:17:55.214566,GB,api_integration,False,0.0,0,failed
TXN_002293,CUST_0707,MERCH_02,404.09,GBP,net_banking,181,insufficient_funds,1,17,5,535,2026-08-19T16:07:56.615276,DE,mobile_app,False,0.0,0,failed
TXN_002294,CUST_0747,MERCH_10,79.17,EUR,net_banking,318,invalid_payment_method,1,19,4,780,2026-08-20T02:57:26.429079,US,web_browser,False,0.0,0,failed
TXN_002295,CUST_0415,MERCH_01,9.99,INR,debit_card,554,bank_declined,3,5,4,554,2026-08-01T00:50:55.590457,AU,mobile_app,True,9.99,2,failed
TXN_002296,CUST_0134,MERCH_04,439.1,INR,net_banking,454,authentication_failed,3,9,1,807,2026-08-08T11:02:42.485077,DE,api_integration,False,0.0,2,recovered
TXN_002297,CUST_1458,MERCH_06,49.99,GBP,net_banking,30,insufficient_funds,2,14,5,388,2026-08-09T15:21:08.595402,DE,mobile_app,True,49.99,1,failed
TXN_002298,CUST_0650,MERCH_08,199.0,EUR,net_banking,234,insufficient_funds,2,5,5,550,2026-08-05T19:34:55.743619,IN,web_browser,True,199.0,1,failed
TXN_002299,CUST_0970,MERCH_03,199.0,EUR,wallet,660,insufficient_funds,2,14,3,660,2026-08-14T21:29:54.707833,GB,api_integration,True,199.0,1,failed
TXN_002300,CUST_1296,MERCH_08,9.99,GBP,credit_card,652,invalid_payment_method,2,14,1,764,2026-08-08T07:00:21.328224,GB,api_integration,True,9.99,1,failed
TXN_002301,CUST_0434,MERCH_05,499.0,INR,wallet,346,bank_declined,1,4,2,351,2026-08-06T16:56:14.537549,CA,web_browser,True,499.0,0,failed
TXN_002302,CUST_1429,MERCH_01,21.52,EUR,net_banking,875,expired_card,1,17,4,875,2026-08-12T04:10:44.514034,AU,web_browser,False,0.0,0,recovered
TXN_002303,CUST_0576,MERCH_09,281.21,EUR,ach,11,unknown,1,10,3,624,2026-08-09T08:48:55.737490,AU,web_browser,False,0.0,0,abandoned
TXN_002304,CUST_1122,MERCH_04,19.99,GBP,ach,707,bank_declined,1,19,0,988,2026-08-14T21:42:44.872800,CA,mobile_app,True,19.99,0,failed
TXN_002305,CUST_0121,MERCH_07,19.99,GBP,upi,597,bank_declined,1,8,2,597,2026-07-27T01:11:19.316900,US,web_browser,True,19.99,0,recovered
TXN_002306,CUST_0944,MERCH_01,126.51,USD,ach,132,insufficient_funds,2,1,0,132,2026-07-27T03:49:55.344311,US,mobile_app,False,0.0,1,failed
TXN_002307,CUST_1133,MERCH_08,499.0,USD,credit_card,230,bank_declined,1,4,4,230,2026-08-23T05:05:28.496724,DE,api_integration,True,499.0,0,failed
TXN_002308,CUST_0134,MERCH_02,261.07,GBP,debit_card,334,insufficient_funds,1,8,1,334,2026-08-05T03:16:56.635827,DE,web_browser,False,0.0,0,failed
TXN_002309,CUST_0245,MERCH_06,73.31,GBP,upi,474,expired_card,3,19,2,474,2026-08-15T22:32:02.973645,DE,web_browser,False,0.0,2,recovered
TXN_002310,CUST_1352,MERCH_10,566.11,USD,net_banking,665,insufficient_funds,1,10,2,919,2026-08-20T19:01:19.818550,US,web_browser,False,0.0,0,recovered
TXN_002311,CUST_1152,MERCH_06,346.79,EUR,debit_card,165,authentication_failed,2,19,2,965,2026-07-30T05:14:37.423364,US,web_browser,False,0.0,1,failed
TXN_002312,CUST_1469,MERCH_09,567.72,INR,credit_card,321,insufficient_funds,1,2,3,666,2026-08-05T22:33:52.900223,GB,web_browser,False,0.0,0,failed
TXN_002313,CUST_1106,MERCH_05,57.61,EUR,net_banking,809,insufficient_funds,2,6,0,809,2026-08-13T05:48:48.905833,IN,mobile_app,False,0.0,1,failed
TXN_002314,CUST_1150,MERCH_09,29.99,INR,ach,372,invalid_payment_method,3,6,5,372,2026-07-27T16:48:24.685237,GB,web_browser,True,29.99,2,failed
TXN_002315,CUST_0119,MERCH_03,38.52,INR,ach,660,network_error,2,7,2,660,2026-08-17T07:08:45.891188,US,api_integration,False,0.0,1,failed
TXN_002316,CUST_0179,MERCH_06,271.19,GBP,wallet,325,insufficient_funds,1,15,4,325,2026-08-16T08:15:15.290455,GB,mobile_app,False,0.0,0,recovered
TXN_002317,CUST_0379,MERCH_04,29.99,INR,upi,567,insufficient_funds,1,0,0,567,2026-08-01T08:43:30.462206,AU,api_integration,True,29.99,0,abandoned
TXN_002318,CUST_0577,MERCH_05,190.71,GBP,net_banking,616,expired_card,2,6,1,616,2026-08-19T12:51:38.144336,DE,web_browser,False,0.0,1,failed
TXN_002319,CUST_0278,MERCH_03,46.01,INR,wallet,27,network_error,2,3,0,155,2026-07-29T07:55:36.933431,US,mobile_app,False,0.0,1,recovered
TXN_002320,CUST_0180,MERCH_02,139.5,USD,wallet,539,insufficient_funds,4,1,1,633,2026-08-08T03:11:07.114002,CA,api_integration,False,0.0,3,failed
TXN_002321,CUST_0944,MERCH_05,30.76,INR,debit_card,590,insufficient_funds,3,18,0,693,2026-08-20T04:34:09.930338,GB,web_browser,False,0.0,2,failed
TXN_002322,CUST_1250,MERCH_04,49.99,USD,net_banking,884,invalid_payment_method,1,7,3,903,2026-07-26T01:33:56.747351,US,mobile_app,True,49.99,0,failed
TXN_002323,CUST_1441,MERCH_04,124.06,USD,credit_card,519,authentication_failed,2,19,0,910,2026-08-23T17:44:40.015065,IN,api_integration,False,0.0,1,failed
TXN_002324,CUST_0521,MERCH_03,499.0,GBP,credit_card,819,limit_exceeded,1,7,2,976,2026-08-23T23:28:00.355946,GB,api_integration,True,499.0,0,failed
TXN_002325,CUST_1072,MERCH_07,13.97,INR,debit_card,721,bank_declined,1,14,2,770,2026-08-05T05:22:59.652683,US,web_browser,False,0.0,0,recovered
TXN_002326,CUST_0527,MERCH_02,8.97,USD,upi,516,insufficient_funds,1,15,5,516,2026-07-30T05:34:39.769868,AU,web_browser,False,0.0,0,recovered
TXN_002327,CUST_0163,MERCH_04,147.03,EUR,net_banking,409,network_error,3,6,0,435,2026-08-14T10:51:34.606238,DE,web_browser,False,0.0,2,failed
TXN_002328,CUST_0913,MERCH_10,499.0,EUR,wallet,473,bank_declined,1,7,1,707,2026-08-02T13:11:21.368016,US,mobile_app,True,499.0,0,failed
TXN_002329,CUST_1287,MERCH_08,29.99,GBP,upi,203,bank_declined,1,17,3,203,2026-07-30T11:37:20.214223,DE,web_browser,True,29.99,0,failed
TXN_002330,CUST_0700,MERCH_05,122.04,USD,wallet,667,authentication_failed,1,6,4,897,2026-08-06T19:42:38.892383,CA,mobile_app,False,0.0,0,failed
TXN_002331,CUST_0391,MERCH_09,371.85,USD,debit_card,383,network_error,3,4,5,383,2026-08-14T03:09:22.145988,DE,mobile_app,False,0.0,2,recovered
TXN_002332,CUST_1279,MERCH_07,19.99,INR,wallet,770,limit_exceeded,1,16,1,797,2026-08-07T23:46:33.836772,AU,web_browser,True,19.99,0,failed
TXN_002333,CUST_0500,MERCH_07,281.01,EUR,wallet,18,insufficient_funds,1,7,4,18,2026-08-17T03:40:29.863058,GB,web_browser,False,0.0,0,failed
TXN_002334,CUST_0962,MERCH_05,89.51,INR,credit_card,237,expired_card,1,8,0,403,2026-08-23T15:42:34.963357,CA,web_browser,False,0.0,0,failed
TXN_002335,CUST_0806,MERCH_03,92.58,EUR,upi,367,expired_card,1,3,2,367,2026-08-21T11:38:55.296535,US,web_browser,False,0.0,0,failed
TXN_002336,CUST_0999,MERCH_03,22.94,USD,upi,389,insufficient_funds,1,6,5,389,2026-08-13T09:03:32.369008,CA,mobile_app,False,0.0,0,failed
TXN_002337,CUST_0506,MERCH_07,9.99,EUR,net_banking,767,authentication_failed,1,5,3,767,2026-08-14T14:52:48.411158,GB,web_browser,True,9.99,0,failed
TXN_002338,CUST_0459,MERCH_07,529.87,EUR,ach,463,expired_card,1,8,1,512,2026-08-23T23:50:10.853297,GB,api_integration,False,0.0,0,failed
TXN_002339,CUST_0744,MERCH_05,287.19,GBP,ach,10,expired_card,1,13,3,30,2026-08-22T05:24:44.326696,IN,mobile_app,False,0.0,0,failed
TXN_002340,CUST_1116,MERCH_03,99.0,GBP,ach,274,expired_card,2,18,3,929,2026-08-05T06:22:50.986636,IN,web_browser,True,99.0,1,recovered
TXN_002341,CUST_1186,MERCH_04,73.75,INR,upi,333,network_error,2,1,4,333,2026-07-26T10:06:15.977735,US,api_integration,False,0.0,1,failed
TXN_002342,CUST_1338,MERCH_10,49.99,EUR,credit_card,117,bank_declined,1,11,0,557,2026-08-04T00:28:33.362919,IN,web_browser,True,49.99,0,failed
TXN_002343,CUST_1180,MERCH_05,52.62,EUR,ach,16,limit_exceeded,2,15,3,35,2026-08-10T04:53:23.838976,AU,api_integration,False,0.0,1,failed
TXN_002344,CUST_0786,MERCH_02,255.14,INR,credit_card,292,authentication_failed,2,11,2,292,2026-08-14T22:25:34.217031,AU,api_integration,False,0.0,1,failed
TXN_002345,CUST_1074,MERCH_06,25.96,USD,ach,13,insufficient_funds,1,16,0,991,2026-08-02T12:58:33.050032,CA,mobile_app,False,0.0,0,abandoned
TXN_002346,CUST_0654,MERCH_05,135.11,INR,wallet,189,network_error,1,10,4,189,2026-08-12T12:50:12.822681,IN,mobile_app,False,0.0,0,failed
TXN_002347,CUST_0965,MERCH_05,113.35,GBP,wallet,700,expired_card,3,2,5,979,2026-08-11T11:10:03.453318,US,mobile_app,False,0.0,2,failed
TXN_002348,CUST_1498,MERCH_10,156.7,EUR,wallet,756,insufficient_funds,1,12,0,756,2026-07-29T14:19:47.910757,GB,mobile_app,False,0.0,0,recovered
TXN_002349,CUST_0690,MERCH_03,188.43,INR,ach,360,authentication_failed,2,7,2,731,2026-07-29T04:56:28.355796,IN,web_browser,False,0.0,1,recovered
TXN_002350,CUST_0446,MERCH_09,192.21,EUR,net_banking,128,network_error,2,15,4,569,2026-08-20T15:46:12.427296,GB,api_integration,False,0.0,1,failed
TXN_002351,CUST_1034,MERCH_08,499.0,GBP,credit_card,134,insufficient_funds,2,16,4,134,2026-07-30T17:48:17.713977,AU,api_integration,True,499.0,1,abandoned
TXN_002352,CUST_1317,MERCH_05,199.0,GBP,upi,124,invalid_payment_method,1,15,5,591,2026-08-22T12:43:52.065999,GB,web_browser,True,199.0,0,failed
TXN_002353,CUST_1430,MERCH_02,99.0,EUR,net_banking,591,network_error,1,7,0,777,2026-08-19T15:20:10.145399,IN,api_integration,True,99.0,0,recovered
TXN_002354,CUST_1473,MERCH_09,297.77,GBP,net_banking,509,bank_declined,2,5,1,509,2026-08-08T00:39:30.826323,US,mobile_app,False,0.0,1,abandoned
TXN_002355,CUST_1060,MERCH_09,332.53,USD,wallet,177,authentication_failed,3,10,1,177,2026-08-02T06:52:20.047445,IN,mobile_app,False,0.0,2,failed
TXN_002356,CUST_0931,MERCH_08,539.15,INR,wallet,416,insufficient_funds,2,13,5,416,2026-08-11T21:39:45.107523,IN,api_integration,False,0.0,1,failed
TXN_002357,CUST_1424,MERCH_06,14.79,GBP,credit_card,112,insufficient_funds,2,16,1,999,2026-08-24T09:30:18.372757,AU,api_integration,False,0.0,1,failed
TXN_002358,CUST_0143,MERCH_08,499.0,GBP,wallet,541,insufficient_funds,1,16,0,541,2026-07-28T05:52:05.391715,IN,mobile_app,True,499.0,0,recovered
TXN_002359,CUST_0174,MERCH_08,10.36,GBP,net_banking,280,invalid_payment_method,1,16,1,280,2026-08-03T22:59:06.115365,AU,web_browser,False,0.0,0,failed
TXN_002360,CUST_1207,MERCH_08,412.42,EUR,net_banking,61,insufficient_funds,1,13,2,61,2026-07-29T21:52:14.818972,GB,web_browser,False,0.0,0,failed
TXN_002361,CUST_0372,MERCH_07,80.42,GBP,net_banking,165,bank_declined,1,2,4,523,2026-08-07T05:38:42.130534,DE,web_browser,False,0.0,0,failed
TXN_002362,CUST_0107,MERCH_01,29.99,INR,credit_card,63,insufficient_funds,1,4,1,63,2026-08-06T11:18:14.480630,IN,mobile_app,True,29.99,0,failed
TXN_002363,CUST_0896,MERCH_05,33.28,GBP,upi,11,invalid_payment_method,1,14,1,248,2026-08-23T19:43:45.553615,US,api_integration,False,0.0,0,recovered
TXN_002364,CUST_0880,MERCH_04,18.58,INR,upi,153,authentication_failed,1,4,5,153,2026-08-13T18:29:57.006375,AU,api_integration,False,0.0,0,recovered
TXN_002365,CUST_0509,MERCH_08,133.26,GBP,wallet,367,unknown,2,1,5,818,2026-08-12T19:56:03.442442,IN,mobile_app,False,0.0,1,recovered
TXN_002366,CUST_0378,MERCH_08,44.31,INR,net_banking,546,unknown,1,4,1,546,2026-08-01T14:46:14.836493,IN,mobile_app,False,0.0,0,failed
TXN_002367,CUST_1118,MERCH_03,29.99,USD,credit_card,37,bank_declined,2,6,0,37,2026-07-31T01:53:46.984769,DE,api_integration,True,29.99,1,recovered
TXN_002368,CUST_1296,MERCH_05,199.0,INR,ach,457,insufficient_funds,1,1,1,761,2026-08-17T19:35:42.929254,US,api_integration,True,199.0,0,failed
TXN_002369,CUST_1383,MERCH_09,40.46,USD,upi,785,insufficient_funds,1,12,5,785,2026-08-10T04:59:48.537336,CA,mobile_app,False,0.0,0,failed
TXN_002370,CUST_1000,MERCH_02,116.28,GBP,wallet,771,bank_declined,2,20,2,771,2026-07-27T07:57:45.257457,US,api_integration,False,0.0,1,failed
TXN_002371,CUST_1385,MERCH_07,74.19,INR,net_banking,746,bank_declined,2,9,2,746,2026-08-10T03:07:25.452170,DE,api_integration,False,0.0,1,failed
TXN_002372,CUST_0422,MERCH_07,9.59,GBP,wallet,462,insufficient_funds,1,4,5,844,2026-07-26T18:25:06.338544,DE,web_browser,False,0.0,0,abandoned
TXN_002373,CUST_1363,MERCH_04,199.1,GBP,ach,651,insufficient_funds,1,17,1,651,2026-08-11T02:37:51.307672,AU,api_integration,False,0.0,0,failed
TXN_002374,CUST_0545,MERCH_04,199.0,GBP,upi,97,expired_card,1,7,1,97,2026-07-31T02:05:45.598589,GB,mobile_app,True,199.0,0,recovered
TXN_002375,CUST_1494,MERCH_01,29.99,USD,net_banking,898,insufficient_funds,2,13,3,898,2026-08-05T16:16:11.249646,AU,web_browser,True,29.99,1,failed
TXN_002376,CUST_0557,MERCH_05,86.08,EUR,ach,591,insufficient_funds,1,9,4,591,2026-08-08T00:41:50.684783,DE,mobile_app,False,0.0,0,failed
TXN_002377,CUST_0101,MERCH_04,66.18,INR,ach,157,insufficient_funds,1,15,3,173,2026-08-02T00:49:09.169642,CA,web_browser,False,0.0,0,failed
TXN_002378,CUST_0521,MERCH_10,643.05,EUR,upi,345,insufficient_funds,3,19,2,630,2026-08-18T18:44:47.372188,AU,web_browser,False,0.0,2,failed
TXN_002379,CUST_0949,MERCH_06,231.23,USD,credit_card,60,bank_declined,1,6,0,482,2026-08-23T04:55:21.205660,AU,mobile_app,False,0.0,0,failed
TXN_002380,CUST_1057,MERCH_04,171.97,INR,debit_card,400,insufficient_funds,2,5,2,754,2026-08-03T05:17:44.240729,AU,mobile_app,False,0.0,1,failed
TXN_002381,CUST_0683,MERCH_09,51.78,USD,upi,401,insufficient_funds,1,2,3,684,2026-08-21T02:20:14.422518,DE,api_integration,False,0.0,0,failed
TXN_002382,CUST_0982,MERCH_07,531.92,GBP,wallet,880,insufficient_funds,2,14,1,1000,2026-08-15T16:29:34.772702,DE,api_integration,False,0.0,1,failed
TXN_002383,CUST_0504,MERCH_08,71.34,USD,wallet,442,expired_card,2,8,0,496,2026-08-06T07:46:25.890195,IN,web_browser,False,0.0,1,recovered
TXN_002384,CUST_0298,MERCH_07,375.28,INR,ach,573,network_error,1,11,5,973,2026-08-02T06:40:58.956302,GB,web_browser,False,0.0,0,failed
TXN_002385,CUST_0991,MERCH_10,49.14,USD,ach,984,expired_card,1,6,5,984,2026-08-08T08:11:33.753690,AU,web_browser,False,0.0,0,failed
TXN_002386,CUST_0367,MERCH_09,9.57,EUR,ach,90,insufficient_funds,1,13,2,941,2026-07-31T20:24:03.877860,CA,web_browser,False,0.0,0,failed
TXN_002387,CUST_0285,MERCH_10,388.36,GBP,wallet,252,authentication_failed,2,7,3,281,2026-08-06T15:03:58.899600,GB,api_integration,False,0.0,1,failed
TXN_002388,CUST_0538,MERCH_09,49.99,GBP,upi,154,insufficient_funds,1,10,0,154,2026-08-05T11:12:37.402066,CA,api_integration,True,49.99,0,recovered
TXN_002389,CUST_1410,MERCH_03,404.62,INR,credit_card,258,insufficient_funds,1,7,2,258,2026-07-25T21:56:02.630772,AU,web_browser,False,0.0,0,failed
TXN_002390,CUST_0896,MERCH_01,99.0,EUR,net_banking,47,expired_card,1,0,4,560,2026-08-12T05:24:57.587967,CA,mobile_app,True,99.0,0,recovered
TXN_002391,CUST_0713,MERCH_10,19.99,USD,net_banking,283,expired_card,1,8,3,283,2026-08-21T03:17:06.832856,US,mobile_app,True,19.99,0,abandoned
TXN_002392,CUST_0463,MERCH_02,11.79,USD,ach,415,bank_declined,1,18,5,415,2026-08-01T03:44:28.848129,DE,api_integration,False,0.0,0,failed
TXN_002393,CUST_0190,MERCH_01,24.62,GBP,credit_card,222,authentication_failed,1,7,1,222,2026-08-03T09:00:56.904985,US,mobile_app,False,0.0,0,failed
TXN_002394,CUST_1155,MERCH_06,212.47,USD,credit_card,347,bank_declined,2,0,1,601,2026-08-01T02:54:04.210745,US,mobile_app,False,0.0,1,failed
TXN_002395,CUST_0477,MERCH_05,295.85,USD,wallet,384,insufficient_funds,1,17,0,934,2026-07-28T09:15:52.591262,GB,api_integration,False,0.0,0,failed
TXN_002396,CUST_1263,MERCH_10,19.99,INR,wallet,38,limit_exceeded,3,20,5,383,2026-08-07T13:07:35.506678,CA,api_integration,True,19.99,2,failed
TXN_002397,CUST_0997,MERCH_02,90.14,INR,ach,8,bank_declined,1,2,3,8,2026-07-27T09:05:00.407549,IN,api_integration,False,0.0,0,failed
TXN_002398,CUST_0848,MERCH_01,380.91,INR,credit_card,86,bank_declined,4,19,3,86,2026-08-18T14:05:11.418010,IN,web_browser,False,0.0,3,failed
TXN_002399,CUST_1280,MERCH_06,19.99,USD,net_banking,54,insufficient_funds,3,8,0,682,2026-08-10T11:22:44.099043,CA,web_browser,True,19.99,2,recovered
TXN_002400,CUST_1169,MERCH_09,78.01,INR,net_banking,8,bank_declined,1,8,4,8,2026-07-28T06:31:23.218061,AU,mobile_app,False,0.0,0,failed
TXN_002401,CUST_0167,MERCH_04,49.99,GBP,credit_card,326,authentication_failed,1,11,0,440,2026-08-21T12:10:54.973720,AU,mobile_app,True,49.99,0,failed
TXN_002402,CUST_1210,MERCH_02,199.0,USD,debit_card,696,bank_declined,1,20,1,896,2026-08-18T03:55:27.075976,GB,web_browser,True,199.0,0,recovered
TXN_002403,CUST_1295,MERCH_09,135.41,EUR,wallet,155,limit_exceeded,1,1,3,807,2026-07-31T08:03:26.274411,CA,api_integration,False,0.0,0,recovered
TXN_002404,CUST_1447,MERCH_09,144.44,GBP,wallet,597,network_error,2,3,0,903,2026-08-07T16:37:47.080875,US,web_browser,False,0.0,1,recovered
TXN_002405,CUST_0835,MERCH_01,31.74,USD,ach,433,insufficient_funds,1,1,1,812,2026-08-01T05:37:59.657687,DE,mobile_app,False,0.0,0,failed
TXN_002406,CUST_0618,MERCH_05,243.63,USD,wallet,78,expired_card,2,1,4,719,2026-08-21T17:54:45.890723,IN,web_browser,False,0.0,1,failed
TXN_002407,CUST_0970,MERCH_10,50.9,EUR,wallet,414,authentication_failed,1,11,0,840,2026-07-30T07:49:57.346461,US,web_browser,False,0.0,0,recovered
TXN_002408,CUST_0369,MERCH_08,67.44,USD,net_banking,634,expired_card,1,17,1,701,2026-08-14T08:41:15.008680,GB,mobile_app,False,0.0,0,abandoned
TXN_002409,CUST_1345,MERCH_05,29.99,GBP,net_banking,17,insufficient_funds,1,19,5,17,2026-07-30T00:48:47.593472,IN,web_browser,True,29.99,0,failed
TXN_002410,CUST_0490,MERCH_09,95.81,EUR,net_banking,615,bank_declined,2,19,0,900,2026-08-21T22:34:41.378294,IN,api_integration,False,0.0,1,failed
TXN_002411,CUST_1390,MERCH_07,49.99,GBP,debit_card,328,unknown,3,12,4,328,2026-08-01T08:18:02.738749,DE,web_browser,True,49.99,2,failed
TXN_002412,CUST_0894,MERCH_02,499.0,INR,upi,409,expired_card,1,4,5,554,2026-08-15T13:26:39.899569,CA,api_integration,True,499.0,0,recovered
TXN_002413,CUST_1317,MERCH_07,162.67,USD,debit_card,162,insufficient_funds,1,11,3,162,2026-08-04T07:12:44.945206,US,web_browser,False,0.0,0,failed
TXN_002414,CUST_1118,MERCH_03,9.99,GBP,credit_card,152,bank_declined,1,4,2,152,2026-08-20T06:31:08.692383,US,api_integration,True,9.99,0,failed
TXN_002415,CUST_0757,MERCH_09,60.42,INR,credit_card,111,expired_card,1,2,3,185,2026-08-14T15:06:01.401091,AU,web_browser,False,0.0,0,recovered
TXN_002416,CUST_0566,MERCH_06,499.0,INR,upi,279,insufficient_funds,3,3,4,279,2026-08-06T10:27:59.925381,AU,mobile_app,True,499.0,2,failed
TXN_002417,CUST_0596,MERCH_03,199.0,EUR,ach,88,bank_declined,3,3,0,620,2026-08-07T10:55:11.013239,IN,api_integration,True,199.0,2,abandoned
TXN_002418,CUST_0323,MERCH_05,158.53,INR,ach,809,insufficient_funds,1,0,4,949,2026-08-03T23:24:03.039386,AU,web_browser,False,0.0,0,failed
TXN_002419,CUST_1086,MERCH_10,29.58,USD,debit_card,99,limit_exceeded,1,1,1,99,2026-08-20T09:28:12.146172,CA,api_integration,False,0.0,0,abandoned
TXN_002420,CUST_1258,MERCH_09,99.0,GBP,upi,698,insufficient_funds,1,0,0,824,2026-08-15T11:47:43.094341,CA,api_integration,True,99.0,0,failed
TXN_002421,CUST_1362,MERCH_07,199.0,INR,net_banking,463,insufficient_funds,1,16,3,463,2026-08-14T09:48:37.350131,IN,api_integration,True,199.0,0,abandoned
TXN_002422,CUST_0715,MERCH_09,455.41,EUR,debit_card,153,insufficient_funds,1,15,5,153,2026-08-20T23:09:21.589485,GB,mobile_app,False,0.0,0,recovered
TXN_002423,CUST_0238,MERCH_08,175.71,INR,wallet,48,bank_declined,4,17,0,340,2026-08-14T17:18:37.098344,AU,api_integration,False,0.0,3,abandoned
TXN_002424,CUST_0482,MERCH_09,30.95,INR,wallet,446,unknown,1,14,3,485,2026-08-23T11:37:41.240922,DE,web_browser,False,0.0,0,failed
TXN_002425,CUST_0712,MERCH_06,183.76,INR,ach,133,authentication_failed,1,2,5,682,2026-08-18T14:02:06.160317,CA,api_integration,False,0.0,0,failed
TXN_002426,CUST_0837,MERCH_10,9.99,USD,upi,98,expired_card,2,4,3,132,2026-07-30T13:46:11.061909,GB,mobile_app,True,9.99,1,failed
TXN_002427,CUST_0107,MERCH_02,499.0,EUR,upi,146,expired_card,1,8,2,365,2026-08-13T08:31:29.212655,AU,web_browser,True,499.0,0,recovered
TXN_002428,CUST_0738,MERCH_05,19.99,INR,upi,100,insufficient_funds,1,19,3,100,2026-08-18T00:13:52.887943,DE,web_browser,True,19.99,0,recovered
TXN_002429,CUST_0437,MERCH_10,281.77,EUR,upi,47,expired_card,2,2,0,769,2026-08-15T17:41:22.654449,DE,api_integration,False,0.0,1,recovered
TXN_002430,CUST_1116,MERCH_06,191.43,GBP,wallet,424,bank_declined,1,17,5,424,2026-08-09T14:47:54.684548,CA,mobile_app,False,0.0,0,failed
TXN_002431,CUST_0367,MERCH_02,132.54,GBP,upi,223,insufficient_funds,1,19,2,223,2026-08-09T08:45:54.820571,DE,mobile_app,False,0.0,0,abandoned
TXN_002432,CUST_0531,MERCH_04,19.99,EUR,net_banking,271,insufficient_funds,1,7,4,330,2026-08-11T15:28:32.118930,IN,api_integration,True,19.99,0,abandoned
TXN_002433,CUST_0340,MERCH_05,431.58,GBP,upi,406,bank_declined,1,16,1,817,2026-08-10T15:59:15.358445,US,web_browser,False,0.0,0,failed
TXN_002434,CUST_0136,MERCH_04,77.92,INR,debit_card,4,network_error,2,11,3,13,2026-07-26T22:41:31.461557,DE,mobile_app,False,0.0,1,failed
TXN_002435,CUST_0346,MERCH_03,160.35,GBP,wallet,877,insufficient_funds,1,18,1,880,2026-08-08T16:46:19.236119,GB,web_browser,False,0.0,0,recovered
TXN_002436,CUST_0373,MERCH_07,189.81,GBP,wallet,12,insufficient_funds,3,6,1,871,2026-08-14T00:13:01.863489,IN,api_integration,False,0.0,2,recovered
TXN_002437,CUST_0175,MERCH_07,166.88,EUR,debit_card,238,expired_card,1,8,4,361,2026-08-05T05:05:09.198520,GB,api_integration,False,0.0,0,failed
TXN_002438,CUST_0667,MERCH_10,19.41,GBP,ach,101,invalid_payment_method,1,9,3,360,2026-08-21T06:17:24.238413,IN,web_browser,False,0.0,0,failed
TXN_002439,CUST_1241,MERCH_02,217.29,USD,credit_card,744,insufficient_funds,1,17,5,744,2026-08-06T00:53:32.364491,AU,web_browser,False,0.0,0,failed
TXN_002440,CUST_0792,MERCH_10,394.98,INR,net_banking,382,bank_declined,1,17,5,727,2026-08-22T14:45:27.759940,DE,mobile_app,False,0.0,0,failed
TXN_002441,CUST_0313,MERCH_04,37.24,GBP,net_banking,182,bank_declined,1,10,4,509,2026-08-09T05:23:00.136214,GB,api_integration,False,0.0,0,failed
TXN_002442,CUST_0529,MERCH_06,88.05,INR,wallet,264,insufficient_funds,4,9,0,498,2026-08-07T06:28:35.444796,US,api_integration,False,0.0,3,failed
TXN_002443,CUST_1436,MERCH_09,34.61,GBP,credit_card,206,network_error,1,4,1,206,2026-08-10T02:44:03.618362,GB,mobile_app,False,0.0,0,recovered
TXN_002444,CUST_0167,MERCH_02,9.99,INR,net_banking,316,insufficient_funds,4,3,2,316,2026-08-16T07:43:02.625366,GB,web_browser,True,9.99,3,abandoned
TXN_002445,CUST_1366,MERCH_03,29.99,GBP,upi,3,unknown,3,19,0,90,2026-08-13T00:00:33.192364,CA,api_integration,True,29.99,2,failed
TXN_002446,CUST_1340,MERCH_01,279.18,USD,net_banking,92,unknown,1,19,4,979,2026-08-18T02:06:36.806253,CA,api_integration,False,0.0,0,abandoned
TXN_002447,CUST_1272,MERCH_07,169.63,INR,net_banking,599,expired_card,1,5,0,599,2026-08-19T09:01:38.173657,IN,web_browser,False,0.0,0,failed
TXN_002448,CUST_0725,MERCH_04,33.57,GBP,credit_card,450,expired_card,4,12,4,580,2026-07-28T11:32:20.711385,AU,api_integration,False,0.0,3,abandoned
TXN_002449,CUST_0845,MERCH_06,93.03,USD,net_banking,8,insufficient_funds,1,15,3,8,2026-08-04T11:31:20.633153,AU,web_browser,False,0.0,0,failed
TXN_002450,CUST_0521,MERCH_03,276.82,GBP,credit_card,349,expired_card,1,18,3,521,2026-08-08T17:35:44.636431,US,api_integration,False,0.0,0,failed
TXN_002451,CUST_0802,MERCH_10,38.56,INR,ach,850,insufficient_funds,2,12,3,883,2026-08-16T00:18:49.822476,IN,web_browser,False,0.0,1,recovered
TXN_002452,CUST_0660,MERCH_05,12.86,EUR,wallet,406,expired_card,1,4,3,406,2026-07-31T18:11:14.346243,CA,web_browser,False,0.0,0,failed
TXN_002453,CUST_0785,MERCH_09,164.99,EUR,upi,598,expired_card,1,19,2,839,2026-08-02T11:28:01.921999,AU,api_integration,False,0.0,0,abandoned
TXN_002454,CUST_0588,MERCH_05,361.47,GBP,net_banking,654,network_error,1,20,0,735,2026-08-13T21:03:20.243034,IN,api_integration,False,0.0,0,failed
TXN_002455,CUST_1425,MERCH_01,198.63,USD,debit_card,323,bank_declined,3,16,4,408,2026-08-17T01:15:16.520438,CA,web_browser,False,0.0,2,recovered
TXN_002456,CUST_0672,MERCH_09,499.0,GBP,wallet,236,invalid_payment_method,1,16,0,384,2026-08-08T19:17:48.141177,IN,mobile_app,True,499.0,0,failed
TXN_002457,CUST_1343,MERCH_02,49.99,GBP,debit_card,44,authentication_failed,2,9,5,538,2026-08-01T09:23:28.514826,CA,mobile_app,True,49.99,1,failed
TXN_002458,CUST_0213,MERCH_05,29.99,EUR,credit_card,181,insufficient_funds,4,12,1,181,2026-07-30T15:54:17.894822,US,api_integration,True,29.99,3,abandoned
TXN_002459,CUST_0389,MERCH_07,114.01,GBP,upi,443,network_error,1,14,5,596,2026-07-28T01:55:32.597843,AU,web_browser,False,0.0,0,recovered
TXN_002460,CUST_0645,MERCH_07,210.31,EUR,wallet,202,insufficient_funds,2,4,3,202,2026-08-16T21:06:33.700897,IN,mobile_app,False,0.0,1,recovered
TXN_002461,CUST_1278,MERCH_05,9.99,EUR,credit_card,501,limit_exceeded,1,0,1,644,2026-08-08T19:33:16.031618,CA,web_browser,True,9.99,0,failed
TXN_002462,CUST_1160,MERCH_05,324.49,GBP,credit_card,208,expired_card,1,20,3,208,2026-07-30T18:42:56.255920,GB,web_browser,False,0.0,0,failed
TXN_002463,CUST_0540,MERCH_06,302.3,EUR,ach,216,expired_card,3,15,4,605,2026-07-31T13:24:27.817839,AU,api_integration,False,0.0,2,failed
TXN_002464,CUST_0475,MERCH_07,19.99,USD,net_banking,414,bank_declined,1,0,5,414,2026-08-02T03:05:26.237918,US,api_integration,True,19.99,0,failed
TXN_002465,CUST_1209,MERCH_02,99.0,EUR,upi,224,insufficient_funds,1,12,0,884,2026-08-10T01:18:43.186866,DE,api_integration,True,99.0,0,failed
TXN_002466,CUST_1304,MERCH_09,487.66,USD,net_banking,422,insufficient_funds,3,6,1,511,2026-08-14T18:42:33.512258,DE,mobile_app,False,0.0,2,failed
TXN_002467,CUST_0191,MERCH_07,72.73,EUR,net_banking,42,limit_exceeded,1,13,2,42,2026-08-18T15:55:22.105176,DE,api_integration,False,0.0,0,failed
TXN_002468,CUST_0650,MERCH_09,499.0,EUR,ach,788,insufficient_funds,1,8,4,862,2026-07-27T22:12:10.424139,GB,api_integration,True,499.0,0,failed
TXN_002469,CUST_1489,MERCH_01,320.12,INR,ach,60,authentication_failed,1,15,1,527,2026-07-29T19:25:50.856948,CA,web_browser,False,0.0,0,failed
TXN_002470,CUST_0603,MERCH_02,106.72,EUR,ach,274,authentication_failed,3,19,4,849,2026-07-29T03:40:29.830097,DE,mobile_app,False,0.0,2,abandoned
TXN_002471,CUST_0149,MERCH_04,199.0,USD,credit_card,6,insufficient_funds,2,20,2,447,2026-08-20T04:15:21.801491,AU,web_browser,True,199.0,1,recovered
TXN_002472,CUST_0425,MERCH_04,10.77,INR,debit_card,412,insufficient_funds,1,19,5,638,2026-07-27T00:49:23.481409,GB,web_browser,False,0.0,0,failed
TXN_002473,CUST_0822,MERCH_05,19.99,USD,debit_card,121,insufficient_funds,2,19,5,608,2026-07-31T23:16:43.817507,AU,web_browser,True,19.99,1,failed
TXN_002474,CUST_0526,MERCH_03,9.99,USD,upi,221,insufficient_funds,1,20,4,366,2026-08-15T00:32:46.965258,IN,mobile_app,True,9.99,0,abandoned
TXN_002475,CUST_0260,MERCH_09,199.0,USD,wallet,130,insufficient_funds,3,12,4,130,2026-07-29T13:56:55.621188,IN,mobile_app,True,199.0,2,failed
TXN_002476,CUST_0809,MERCH_05,55.93,INR,upi,455,expired_card,2,16,2,455,2026-07-29T06:23:49.122306,AU,web_browser,False,0.0,1,recovered
TXN_002477,CUST_1406,MERCH_06,99.0,INR,net_banking,161,network_error,1,11,0,549,2026-08-19T04:17:55.066322,GB,mobile_app,True,99.0,0,recovered
TXN_002478,CUST_1301,MERCH_06,99.0,USD,upi,479,insufficient_funds,2,11,2,663,2026-08-01T07:29:28.406185,GB,api_integration,True,99.0,1,recovered
TXN_002479,CUST_0184,MERCH_04,99.0,GBP,net_banking,745,insufficient_funds,2,13,5,745,2026-08-15T17:07:23.503300,US,api_integration,True,99.0,1,failed
TXN_002480,CUST_0793,MERCH_01,220.45,INR,ach,118,authentication_failed,3,9,4,758,2026-08-02T16:51:26.417327,GB,web_browser,False,0.0,2,recovered
TXN_002481,CUST_0933,MERCH_05,19.99,EUR,wallet,872,limit_exceeded,1,0,3,956,2026-08-14T09:55:26.050741,AU,mobile_app,True,19.99,0,abandoned
TXN_002482,CUST_0854,MERCH_06,112.24,GBP,net_banking,138,network_error,1,16,5,138,2026-08-14T22:06:53.857189,AU,web_browser,False,0.0,0,failed
TXN_002483,CUST_1109,MERCH_05,133.15,INR,net_banking,121,insufficient_funds,1,9,5,121,2026-07-30T06:28:40.733755,DE,web_browser,False,0.0,0,failed
TXN_002484,CUST_1360,MERCH_01,49.99,GBP,net_banking,373,insufficient_funds,1,9,2,915,2026-07-30T20:26:33.607650,GB,api_integration,True,49.99,0,failed
TXN_002485,CUST_0316,MERCH_07,26.33,INR,upi,675,bank_declined,1,10,3,675,2026-08-13T21:26:16.829481,US,mobile_app,False,0.0,0,failed
TXN_002486,CUST_1022,MERCH_07,50.88,GBP,debit_card,127,bank_declined,2,0,3,309,2026-07-26T05:51:51.972254,AU,web_browser,False,0.0,1,abandoned
TXN_002487,CUST_0913,MERCH_06,499.0,USD,credit_card,116,insufficient_funds,2,9,2,972,2026-08-21T17:11:02.863354,GB,web_browser,True,499.0,1,failed
TXN_002488,CUST_0846,MERCH_06,46.3,INR,credit_card,345,insufficient_funds,3,11,4,987,2026-08-11T18:13:59.168202,CA,api_integration,False,0.0,2,failed
TXN_002489,CUST_1458,MERCH_04,29.99,EUR,credit_card,882,network_error,2,15,5,994,2026-08-23T04:38:22.307972,GB,api_integration,True,29.99,1,failed
TXN_002490,CUST_1288,MERCH_02,99.0,GBP,wallet,82,expired_card,1,1,2,206,2026-08-14T22:11:29.643471,GB,mobile_app,True,99.0,0,failed
TXN_002491,CUST_0291,MERCH_10,136.23,USD,ach,48,insufficient_funds,2,17,3,909,2026-07-26T20:24:31.998038,AU,web_browser,False,0.0,1,recovered
TXN_002492,CUST_0173,MERCH_09,472.39,EUR,wallet,359,limit_exceeded,2,16,4,359,2026-08-23T19:26:17.577037,IN,api_integration,False,0.0,1,abandoned
TXN_002493,CUST_0260,MERCH_02,29.99,INR,ach,166,network_error,1,5,0,166,2026-08-03T13:41:07.080297,IN,api_integration,True,29.99,0,failed
TXN_002494,CUST_0987,MERCH_04,137.8,INR,ach,686,insufficient_funds,1,0,5,686,2026-08-11T09:18:10.553658,US,api_integration,False,0.0,0,failed
TXN_002495,CUST_1190,MERCH_10,99.0,INR,ach,102,insufficient_funds,2,14,4,102,2026-08-11T20:17:43.127888,GB,mobile_app,True,99.0,1,recovered
TXN_002496,CUST_0116,MERCH_09,29.99,EUR,debit_card,191,authentication_failed,2,2,1,302,2026-08-16T01:12:25.992648,AU,web_browser,True,29.99,1,failed
TXN_002497,CUST_0728,MERCH_05,29.99,GBP,net_banking,701,expired_card,2,17,1,785,2026-08-06T20:04:34.621114,IN,web_browser,True,29.99,1,recovered
TXN_002498,CUST_1316,MERCH_06,19.63,GBP,wallet,845,bank_declined,1,15,3,845,2026-08-19T17:59:51.833931,CA,api_integration,False,0.0,0,recovered
TXN_002499,CUST_0280,MERCH_05,77.68,GBP,net_banking,343,authentication_failed,1,18,4,721,2026-08-14T21:43:19.311652,GB,api_integration,False,0.0,0,recovered
TXN_002500,CUST_0395,MERCH_04,54.1,GBP,upi,812,invalid_payment_method,1,20,3,812,2026-08-08T03:34:23.182510,DE,web_browser,False,0.0,0,failed
TXN_002501,CUST_0899,MERCH_07,833.21,INR,ach,187,authentication_failed,2,3,5,551,2026-08-01T02:17:15.455268,AU,api_integration,False,0.0,1,failed
TXN_002502,CUST_1422,MERCH_03,77.61,EUR,credit_card,232,expired_card,1,5,0,232,2026-08-08T01:47:21.536816,CA,api_integration,False,0.0,0,failed
TXN_002503,CUST_0231,MERCH_04,85.08,EUR,wallet,508,limit_exceeded,1,16,2,508,2026-08-01T04:46:09.133929,CA,api_integration,False,0.0,0,abandoned
TXN_002504,CUST_0766,MERCH_08,81.47,EUR,credit_card,395,network_error,1,11,3,515,2026-07-29T05:09:41.819276,AU,mobile_app,False,0.0,0,failed
TXN_002505,CUST_0910,MERCH_08,87.84,EUR,net_banking,220,authentication_failed,1,19,2,220,2026-08-10T19:22:32.911136,US,web_browser,False,0.0,0,failed
TXN_002506,CUST_0989,MERCH_06,29.99,GBP,upi,63,network_error,1,5,0,63,2026-08-09T12:16:09.645750,CA,api_integration,True,29.99,0,abandoned
TXN_002507,CUST_0304,MERCH_06,9.99,USD,upi,95,insufficient_funds,1,2,5,589,2026-08-04T16:40:34.414847,CA,web_browser,True,9.99,0,failed
TXN_002508,CUST_1384,MERCH_02,19.99,INR,debit_card,51,insufficient_funds,1,17,2,51,2026-08-19T04:29:00.980632,AU,api_integration,True,19.99,0,failed
TXN_002509,CUST_1125,MERCH_08,84.34,INR,debit_card,606,unknown,2,5,3,688,2026-08-16T10:31:55.025176,DE,mobile_app,False,0.0,1,failed
TXN_002510,CUST_0103,MERCH_07,199.0,USD,wallet,755,network_error,1,19,0,755,2026-08-20T06:42:49.099962,GB,web_browser,True,199.0,0,failed
TXN_002511,CUST_1040,MERCH_05,272.46,EUR,wallet,22,expired_card,2,19,4,22,2026-08-03T17:11:33.516370,DE,web_browser,False,0.0,1,failed
TXN_002512,CUST_0295,MERCH_02,41.42,EUR,credit_card,46,limit_exceeded,3,16,1,46,2026-08-10T07:04:27.335494,IN,mobile_app,False,0.0,2,failed
TXN_002513,CUST_0976,MERCH_02,99.0,INR,net_banking,412,bank_declined,1,4,0,412,2026-07-31T16:59:48.834753,US,web_browser,True,99.0,0,failed
TXN_002514,CUST_1015,MERCH_04,9.99,GBP,net_banking,130,insufficient_funds,1,2,4,130,2026-08-19T10:11:11.250966,GB,web_browser,True,9.99,0,recovered
TXN_002515,CUST_0188,MERCH_03,19.99,EUR,upi,348,expired_card,1,13,2,348,2026-08-17T07:07:22.391091,GB,mobile_app,True,19.99,0,recovered
TXN_002516,CUST_0962,MERCH_08,9.99,USD,credit_card,485,bank_declined,2,12,5,914,2026-08-03T02:16:01.701164,US,web_browser,True,9.99,1,failed
TXN_002517,CUST_0994,MERCH_09,11.38,USD,net_banking,78,authentication_failed,2,10,3,980,2026-08-22T07:34:29.426728,CA,api_integration,False,0.0,1,abandoned
TXN_002518,CUST_1326,MERCH_04,19.99,EUR,upi,236,expired_card,2,6,4,823,2026-08-24T07:28:14.047821,DE,web_browser,True,19.99,1,abandoned
TXN_002519,CUST_1293,MERCH_06,499.0,USD,ach,58,limit_exceeded,3,10,3,838,2026-08-19T03:54:05.616526,DE,mobile_app,True,499.0,2,failed
TXN_002520,CUST_0165,MERCH_03,34.15,USD,wallet,542,bank_declined,1,13,5,542,2026-08-14T21:15:49.938488,US,mobile_app,False,0.0,0,abandoned
TXN_002521,CUST_0170,MERCH_05,499.0,USD,wallet,313,network_error,1,2,2,728,2026-08-15T07:57:28.022561,IN,mobile_app,True,499.0,0,failed
TXN_002522,CUST_0682,MERCH_07,197.78,EUR,debit_card,244,insufficient_funds,1,13,1,783,2026-08-01T15:33:05.517422,CA,api_integration,False,0.0,0,failed
TXN_002523,CUST_0208,MERCH_01,261.91,INR,credit_card,270,limit_exceeded,1,3,3,790,2026-08-23T19:43:52.608419,CA,mobile_app,False,0.0,0,abandoned
TXN_002524,CUST_0652,MERCH_08,9.99,INR,debit_card,717,network_error,1,10,5,717,2026-08-04T09:59:13.846713,AU,api_integration,True,9.99,0,failed
TXN_002525,CUST_1063,MERCH_02,159.06,EUR,wallet,112,network_error,1,11,3,542,2026-08-13T13:32:47.142113,US,web_browser,False,0.0,0,recovered
TXN_002526,CUST_0584,MERCH_10,9.99,GBP,wallet,356,bank_declined,2,2,0,703,2026-08-07T02:59:37.836394,DE,mobile_app,True,9.99,1,recovered
TXN_002527,CUST_0606,MERCH_02,138.32,EUR,credit_card,512,unknown,1,12,2,660,2026-07-31T07:36:20.580845,CA,web_browser,False,0.0,0,recovered
TXN_002528,CUST_1389,MERCH_05,269.07,GBP,upi,208,unknown,2,10,4,208,2026-08-04T21:30:58.100572,US,api_integration,False,0.0,1,failed
TXN_002529,CUST_0634,MERCH_07,499.0,USD,wallet,329,insufficient_funds,1,17,5,329,2026-08-19T08:15:44.916226,AU,mobile_app,True,499.0,0,abandoned
TXN_002530,CUST_0941,MERCH_01,499.0,USD,ach,839,authentication_failed,1,12,5,839,2026-08-09T10:31:08.960854,US,mobile_app,True,499.0,0,failed
TXN_002531,CUST_1341,MERCH_04,278.43,GBP,credit_card,286,authentication_failed,1,2,4,286,2026-08-22T19:04:59.276493,US,mobile_app,False,0.0,0,recovered
TXN_002532,CUST_0378,MERCH_08,83.19,GBP,net_banking,865,insufficient_funds,2,0,2,952,2026-08-09T02:20:53.626955,CA,mobile_app,False,0.0,1,recovered
TXN_002533,CUST_0273,MERCH_05,138.25,GBP,ach,133,insufficient_funds,4,12,4,133,2026-08-07T22:04:00.153037,AU,api_integration,False,0.0,3,failed
TXN_002534,CUST_1328,MERCH_07,90.38,USD,wallet,326,invalid_payment_method,4,14,1,651,2026-08-13T02:28:59.540475,IN,mobile_app,False,0.0,3,abandoned
TXN_002535,CUST_0175,MERCH_06,19.99,INR,upi,583,expired_card,3,7,5,854,2026-07-31T21:40:23.361471,US,mobile_app,True,19.99,2,recovered
TXN_002536,CUST_1115,MERCH_06,49.99,INR,ach,427,expired_card,1,8,5,538,2026-08-08T13:46:51.159300,US,web_browser,True,49.99,0,failed
TXN_002537,CUST_1117,MERCH_05,94.48,EUR,ach,245,unknown,1,15,3,622,2026-07-27T23:03:31.234624,DE,web_browser,False,0.0,0,abandoned
TXN_002538,CUST_0542,MERCH_09,29.99,USD,wallet,481,expired_card,1,18,4,481,2026-08-01T14:59:36.418524,IN,mobile_app,True,29.99,0,failed
TXN_002539,CUST_0878,MERCH_05,158.42,INR,debit_card,115,insufficient_funds,1,12,3,115,2026-08-07T06:09:24.977574,GB,mobile_app,False,0.0,0,failed
TXN_002540,CUST_1489,MERCH_01,199.0,GBP,upi,222,insufficient_funds,1,17,3,571,2026-08-08T21:40:42.753702,IN,mobile_app,True,199.0,0,recovered
TXN_002541,CUST_0774,MERCH_06,49.99,GBP,wallet,613,bank_declined,1,1,1,613,2026-08-10T02:02:58.498644,US,mobile_app,True,49.99,0,failed
TXN_002542,CUST_0481,MERCH_09,49.99,INR,debit_card,298,authentication_failed,1,18,1,298,2026-08-07T16:43:37.249560,IN,api_integration,True,49.99,0,failed
TXN_002543,CUST_0552,MERCH_02,160.26,GBP,upi,251,authentication_failed,1,10,0,813,2026-08-03T04:17:03.832296,AU,api_integration,False,0.0,0,failed
TXN_002544,CUST_0213,MERCH_06,509.74,USD,debit_card,495,bank_declined,2,15,5,495,2026-08-15T19:02:58.218659,AU,web_browser,False,0.0,1,failed
TXN_002545,CUST_0533,MERCH_05,62.69,INR,net_banking,71,insufficient_funds,2,16,5,79,2026-08-23T20:42:04.175109,IN,mobile_app,False,0.0,1,failed
TXN_002546,CUST_1367,MERCH_05,10.29,INR,wallet,719,network_error,1,12,4,719,2026-07-26T01:29:11.374083,GB,mobile_app,False,0.0,0,recovered
TXN_002547,CUST_0508,MERCH_10,49.99,EUR,debit_card,534,authentication_failed,1,14,0,826,2026-08-12T19:43:18.182238,DE,api_integration,True,49.99,0,failed
TXN_002548,CUST_0658,MERCH_05,9.99,EUR,wallet,150,network_error,3,2,0,308,2026-08-07T00:35:14.842647,IN,web_browser,True,9.99,2,recovered
TXN_002549,CUST_0670,MERCH_10,9.99,GBP,wallet,538,invalid_payment_method,2,0,0,872,2026-07-29T11:55:45.939900,DE,api_integration,True,9.99,1,failed
TXN_002550,CUST_0332,MERCH_04,499.0,EUR,wallet,252,network_error,1,20,4,252,2026-08-18T12:12:49.280134,AU,mobile_app,True,499.0,0,abandoned
TXN_002551,CUST_0306,MERCH_02,194.16,GBP,upi,379,insufficient_funds,1,6,2,470,2026-07-29T16:42:39.275125,AU,mobile_app,False,0.0,0,recovered
TXN_002552,CUST_0887,MERCH_03,272.72,INR,upi,167,insufficient_funds,1,10,2,427,2026-08-21T02:37:35.599032,AU,web_browser,False,0.0,0,failed
TXN_002553,CUST_0897,MERCH_10,183.49,INR,ach,5,insufficient_funds,1,7,4,292,2026-08-02T07:01:37.547280,GB,mobile_app,False,0.0,0,recovered
TXN_002554,CUST_0665,MERCH_07,371.4,USD,net_banking,854,limit_exceeded,1,19,2,854,2026-08-03T04:37:44.645826,US,mobile_app,False,0.0,0,recovered
TXN_002555,CUST_1268,MERCH_09,9.99,USD,ach,195,expired_card,1,11,0,401,2026-08-05T20:13:18.360401,IN,mobile_app,True,9.99,0,failed
TXN_002556,CUST_0449,MERCH_03,155.4,USD,wallet,393,expired_card,1,12,0,393,2026-08-11T17:31:36.598273,AU,web_browser,False,0.0,0,recovered
TXN_002557,CUST_0652,MERCH_02,19.99,USD,upi,369,bank_declined,2,13,3,369,2026-08-14T14:20:01.549187,CA,api_integration,True,19.99,1,failed
TXN_002558,CUST_0754,MERCH_09,49.99,EUR,debit_card,383,authentication_failed,1,3,5,383,2026-08-23T00:37:31.379482,AU,web_browser,True,49.99,0,failed
TXN_002559,CUST_1313,MERCH_03,9.99,EUR,wallet,106,network_error,2,3,5,703,2026-08-07T07:51:50.536717,US,web_browser,True,9.99,1,failed
TXN_002560,CUST_0325,MERCH_05,499.0,USD,upi,711,insufficient_funds,1,16,2,711,2026-08-19T03:01:35.617386,IN,web_browser,True,499.0,0,failed
TXN_002561,CUST_0758,MERCH_03,9.99,EUR,ach,310,network_error,3,0,0,462,2026-08-06T05:40:18.910301,GB,web_browser,True,9.99,2,failed
TXN_002562,CUST_1366,MERCH_09,489.17,USD,debit_card,305,expired_card,1,11,4,305,2026-08-10T21:55:29.983198,AU,web_browser,False,0.0,0,failed
TXN_002563,CUST_1036,MERCH_06,459.38,INR,debit_card,655,limit_exceeded,1,9,2,711,2026-07-26T19:35:25.544452,AU,mobile_app,False,0.0,0,abandoned
TXN_002564,CUST_1246,MERCH_01,9.99,INR,debit_card,141,insufficient_funds,1,16,2,904,2026-07-30T22:49:22.740092,GB,mobile_app,True,9.99,0,failed
TXN_002565,CUST_1212,MERCH_05,545.93,GBP,credit_card,753,bank_declined,3,4,5,898,2026-07-27T12:51:49.176091,AU,mobile_app,False,0.0,2,failed
TXN_002566,CUST_0423,MERCH_01,29.99,GBP,net_banking,248,insufficient_funds,1,8,1,248,2026-07-31T09:49:19.823809,US,web_browser,True,29.99,0,recovered
TXN_002567,CUST_0375,MERCH_10,38.08,GBP,upi,506,unknown,2,18,4,506,2026-08-03T13:33:57.349582,US,api_integration,False,0.0,1,recovered
TXN_002568,CUST_1122,MERCH_08,9.99,INR,ach,183,insufficient_funds,1,20,2,183,2026-08-24T04:45:33.552197,US,web_browser,True,9.99,0,recovered
TXN_002569,CUST_0249,MERCH_01,172.77,GBP,debit_card,505,network_error,4,19,5,884,2026-08-16T07:17:11.677418,GB,web_browser,False,0.0,3,failed
TXN_002570,CUST_0474,MERCH_07,56.23,INR,wallet,213,insufficient_funds,1,17,4,688,2026-07-30T11:53:36.789674,DE,web_browser,False,0.0,0,failed
TXN_002571,CUST_0479,MERCH_04,165.75,INR,net_banking,196,network_error,3,5,4,591,2026-07-26T17:00:40.021996,DE,api_integration,False,0.0,2,recovered
TXN_002572,CUST_0973,MERCH_09,49.99,INR,credit_card,185,limit_exceeded,3,1,2,185,2026-07-28T09:26:27.656101,DE,api_integration,True,49.99,2,failed
TXN_002573,CUST_1333,MERCH_06,45.23,INR,upi,593,network_error,1,13,5,593,2026-08-19T01:52:07.610866,AU,web_browser,False,0.0,0,failed
TXN_002574,CUST_0216,MERCH_06,499.0,EUR,wallet,491,expired_card,1,20,0,508,2026-08-08T06:24:36.062490,GB,api_integration,True,499.0,0,recovered
TXN_002575,CUST_1283,MERCH_10,240.8,USD,debit_card,387,expired_card,1,11,3,387,2026-08-21T01:19:37.342441,DE,mobile_app,False,0.0,0,abandoned
TXN_002576,CUST_0766,MERCH_10,16.36,EUR,wallet,287,network_error,1,8,4,287,2026-08-19T22:13:54.271933,GB,web_browser,False,0.0,0,recovered
TXN_002577,CUST_0306,MERCH_04,199.0,EUR,credit_card,69,insufficient_funds,1,10,4,69,2026-08-18T13:37:49.866712,AU,api_integration,True,199.0,0,failed
TXN_002578,CUST_0303,MERCH_01,84.33,EUR,ach,236,insufficient_funds,2,3,5,236,2026-08-12T18:09:41.917487,DE,mobile_app,False,0.0,1,failed
TXN_002579,CUST_0786,MERCH_01,15.06,GBP,credit_card,243,insufficient_funds,1,4,1,243,2026-08-10T04:59:51.936678,AU,mobile_app,False,0.0,0,recovered
TXN_002580,CUST_1489,MERCH_03,199.0,INR,upi,83,network_error,1,3,1,529,2026-07-29T14:52:20.603649,GB,api_integration,True,199.0,0,recovered
TXN_002581,CUST_1007,MERCH_06,499.0,GBP,debit_card,325,insufficient_funds,3,5,3,768,2026-08-02T02:13:29.200569,US,mobile_app,True,499.0,2,failed
TXN_002582,CUST_0726,MERCH_10,19.99,GBP,ach,516,unknown,1,3,0,548,2026-08-23T04:44:00.098572,GB,api_integration,True,19.99,0,abandoned
TXN_002583,CUST_0631,MERCH_01,19.99,EUR,ach,522,network_error,1,17,0,522,2026-08-15T21:04:34.452847,US,api_integration,True,19.99,0,recovered
TXN_002584,CUST_0176,MERCH_01,9.99,EUR,net_banking,259,authentication_failed,1,9,0,724,2026-08-23T10:42:22.939369,US,web_browser,True,9.99,0,failed
TXN_002585,CUST_1399,MERCH_09,119.2,USD,debit_card,189,authentication_failed,1,20,1,189,2026-08-07T14:18:37.372982,AU,mobile_app,False,0.0,0,failed
TXN_002586,CUST_0142,MERCH_05,199.0,GBP,upi,219,insufficient_funds,1,15,2,219,2026-08-21T16:16:51.546566,US,mobile_app,True,199.0,0,failed
TXN_002587,CUST_0142,MERCH_05,5.29,GBP,wallet,125,insufficient_funds,1,9,0,205,2026-07-27T00:21:23.614857,GB,mobile_app,False,0.0,0,failed
TXN_002588,CUST_0196,MERCH_08,199.0,INR,ach,366,bank_declined,1,7,4,984,2026-08-04T00:59:51.075275,US,web_browser,True,199.0,0,recovered
TXN_002589,CUST_0873,MERCH_02,115.95,GBP,net_banking,509,bank_declined,2,17,4,568,2026-07-31T02:53:25.356651,CA,api_integration,False,0.0,1,abandoned
TXN_002590,CUST_0996,MERCH_06,19.99,INR,wallet,79,authentication_failed,2,14,5,79,2026-08-22T07:00:07.822821,CA,api_integration,True,19.99,1,recovered
TXN_002591,CUST_1402,MERCH_03,29.99,GBP,wallet,282,authentication_failed,1,7,0,282,2026-08-14T13:35:10.176459,US,api_integration,True,29.99,0,failed
TXN_002592,CUST_1034,MERCH_04,23.07,USD,debit_card,985,authentication_failed,1,0,3,985,2026-08-15T11:05:59.179282,AU,api_integration,False,0.0,0,failed
TXN_002593,CUST_0319,MERCH_06,250.1,INR,ach,583,authentication_failed,1,19,1,929,2026-08-05T16:30:43.106346,CA,api_integration,False,0.0,0,abandoned
TXN_002594,CUST_0387,MERCH_01,351.18,EUR,upi,242,network_error,1,19,1,786,2026-08-04T14:04:58.683349,US,web_browser,False,0.0,0,failed
TXN_002595,CUST_0566,MERCH_09,287.03,INR,net_banking,56,limit_exceeded,1,0,1,56,2026-08-01T18:48:14.012426,DE,api_integration,False,0.0,0,recovered
TXN_002596,CUST_0671,MERCH_03,199.0,EUR,upi,357,limit_exceeded,2,11,5,665,2026-08-04T14:26:40.766873,US,web_browser,True,199.0,1,recovered
TXN_002597,CUST_1157,MERCH_10,84.96,INR,credit_card,551,expired_card,2,16,4,551,2026-08-19T20:53:36.162390,US,api_integration,False,0.0,1,abandoned
TXN_002598,CUST_0179,MERCH_08,199.0,USD,debit_card,775,bank_declined,1,8,0,788,2026-07-26T17:15:31.424588,GB,web_browser,True,199.0,0,failed
TXN_002599,CUST_0316,MERCH_08,170.69,GBP,net_banking,98,authentication_failed,3,0,2,98,2026-07-26T05:58:43.583911,CA,mobile_app,False,0.0,2,abandoned
TXN_002600,CUST_1168,MERCH_07,457.5,EUR,wallet,300,insufficient_funds,1,13,1,789,2026-08-09T21:17:39.621374,DE,web_browser,False,0.0,0,abandoned
TXN_002601,CUST_1062,MERCH_02,499.0,GBP,credit_card,475,insufficient_funds,2,3,4,475,2026-08-20T02:26:43.589058,AU,web_browser,True,499.0,1,failed
TXN_002602,CUST_1450,MERCH_05,499.0,GBP,ach,138,bank_declined,2,14,1,138,2026-08-01T15:14:26.544842,GB,api_integration,True,499.0,1,recovered
TXN_002603,CUST_1491,MERCH_01,199.0,INR,upi,104,network_error,2,8,1,526,2026-08-06T23:17:38.821278,CA,api_integration,True,199.0,1,failed
TXN_002604,CUST_0429,MERCH_05,8.39,EUR,debit_card,952,network_error,2,3,0,952,2026-08-09T11:08:57.011238,IN,mobile_app,False,0.0,1,failed
TXN_002605,CUST_0271,MERCH_05,180.36,GBP,credit_card,128,network_error,1,3,4,807,2026-08-22T09:24:51.926290,US,mobile_app,False,0.0,0,failed
TXN_002606,CUST_0655,MERCH_04,52.37,EUR,debit_card,391,bank_declined,2,4,2,910,2026-08-23T23:05:36.626861,CA,mobile_app,False,0.0,1,failed
TXN_002607,CUST_0745,MERCH_02,172.1,USD,ach,112,insufficient_funds,1,2,2,265,2026-07-30T17:40:43.051383,IN,mobile_app,False,0.0,0,failed
TXN_002608,CUST_0876,MERCH_01,21.21,USD,ach,55,bank_declined,2,20,4,209,2026-08-20T22:54:57.877582,GB,web_browser,False,0.0,1,failed
TXN_002609,CUST_0435,MERCH_07,164.19,USD,net_banking,272,invalid_payment_method,2,11,1,574,2026-08-12T01:57:05.152824,US,api_integration,False,0.0,1,failed
TXN_002610,CUST_0740,MERCH_10,193.51,EUR,debit_card,719,insufficient_funds,1,4,3,812,2026-07-31T00:06:42.409329,CA,web_browser,False,0.0,0,failed
TXN_002611,CUST_1196,MERCH_03,118.24,EUR,credit_card,62,bank_declined,1,19,2,62,2026-08-07T09:34:05.773705,IN,mobile_app,False,0.0,0,recovered
TXN_002612,CUST_0373,MERCH_04,126.51,EUR,ach,58,authentication_failed,1,11,4,58,2026-07-27T19:51:37.067783,IN,api_integration,False,0.0,0,recovered
TXN_002613,CUST_1160,MERCH_01,9.26,GBP,debit_card,510,network_error,2,10,0,894,2026-08-07T05:41:43.281654,GB,web_browser,False,0.0,1,failed
TXN_002614,CUST_0703,MERCH_03,34.92,GBP,upi,495,bank_declined,1,15,3,501,2026-08-16T14:37:06.423880,DE,mobile_app,False,0.0,0,recovered
TXN_002615,CUST_0169,MERCH_05,54.76,EUR,wallet,396,insufficient_funds,1,13,0,396,2026-08-20T17:47:20.341953,CA,mobile_app,False,0.0,0,failed
TXN_002616,CUST_1475,MERCH_08,251.16,EUR,ach,234,network_error,2,15,3,608,2026-08-07T22:34:04.309955,CA,mobile_app,False,0.0,1,recovered
TXN_002617,CUST_1293,MERCH_02,9.99,INR,wallet,161,insufficient_funds,3,8,0,480,2026-07-26T11:35:59.629148,CA,mobile_app,True,9.99,2,failed
TXN_002618,CUST_0289,MERCH_07,99.0,INR,net_banking,145,network_error,1,19,1,145,2026-08-23T21:06:55.781990,IN,web_browser,True,99.0,0,failed
TXN_002619,CUST_1468,MERCH_02,102.2,EUR,debit_card,135,insufficient_funds,1,12,0,223,2026-08-17T21:05:39.666559,AU,api_integration,False,0.0,0,recovered
TXN_002620,CUST_1323,MERCH_09,49.89,USD,net_banking,571,insufficient_funds,1,4,3,571,2026-08-17T12:42:04.967976,DE,web_browser,False,0.0,0,recovered
TXN_002621,CUST_1267,MERCH_07,50.69,GBP,ach,716,invalid_payment_method,3,9,4,716,2026-08-14T04:37:07.278124,DE,mobile_app,False,0.0,2,recovered
TXN_002622,CUST_0454,MERCH_08,37.17,INR,debit_card,746,insufficient_funds,2,9,5,746,2026-08-02T22:26:03.141541,IN,api_integration,False,0.0,1,failed
TXN_002623,CUST_0673,MERCH_01,19.99,GBP,upi,682,authentication_failed,3,6,3,884,2026-08-21T17:48:03.714274,AU,mobile_app,True,19.99,2,failed
TXN_002624,CUST_1464,MERCH_05,29.99,USD,credit_card,376,bank_declined,1,12,2,680,2026-08-13T11:31:57.336220,US,web_browser,True,29.99,0,failed
TXN_002625,CUST_0113,MERCH_03,310.4,EUR,debit_card,39,insufficient_funds,2,19,1,39,2026-08-05T17:19:29.457409,DE,api_integration,False,0.0,1,failed
TXN_002626,CUST_0376,MERCH_08,106.11,INR,ach,216,network_error,1,5,1,640,2026-07-28T11:54:42.810708,CA,mobile_app,False,0.0,0,failed
TXN_002627,CUST_0372,MERCH_08,501.11,INR,net_banking,82,authentication_failed,4,18,1,82,2026-08-23T13:55:45.332310,US,web_browser,False,0.0,3,failed
TXN_002628,CUST_1003,MERCH_03,29.99,GBP,upi,258,insufficient_funds,4,20,5,258,2026-07-27T02:58:10.370474,IN,web_browser,True,29.99,3,abandoned
TXN_002629,CUST_0239,MERCH_06,102.05,GBP,debit_card,5,insufficient_funds,1,0,2,186,2026-08-22T20:20:34.107255,US,api_integration,False,0.0,0,failed
TXN_002630,CUST_1263,MERCH_06,49.99,GBP,debit_card,461,authentication_failed,2,7,3,461,2026-07-26T08:15:28.037502,GB,mobile_app,True,49.99,1,failed
TXN_002631,CUST_0737,MERCH_09,12.96,USD,wallet,465,unknown,2,5,5,707,2026-08-06T14:50:43.208637,IN,web_browser,False,0.0,1,abandoned
TXN_002632,CUST_1214,MERCH_01,99.0,USD,wallet,29,insufficient_funds,2,4,1,29,2026-07-29T16:09:45.618091,DE,web_browser,True,99.0,1,failed
TXN_002633,CUST_0811,MERCH_03,99.0,EUR,wallet,424,unknown,1,10,4,424,2026-08-22T13:13:15.258471,DE,api_integration,True,99.0,0,failed
TXN_002634,CUST_1051,MERCH_06,49.99,USD,net_banking,172,expired_card,1,19,0,203,2026-08-08T06:58:18.305663,US,api_integration,True,49.99,0,recovered
TXN_002635,CUST_0679,MERCH_02,66.47,GBP,net_banking,227,insufficient_funds,3,8,0,970,2026-08-09T10:00:44.050764,AU,web_browser,False,0.0,2,failed
TXN_002636,CUST_1156,MERCH_08,67.48,GBP,debit_card,347,authentication_failed,2,0,4,347,2026-08-23T12:28:04.799417,IN,web_browser,False,0.0,1,failed
TXN_002637,CUST_0944,MERCH_10,174.59,INR,credit_card,440,insufficient_funds,1,5,4,440,2026-08-21T01:37:08.989918,GB,mobile_app,False,0.0,0,failed
TXN_002638,CUST_1433,MERCH_09,222.5,GBP,upi,706,insufficient_funds,1,1,5,978,2026-08-21T15:08:57.427176,AU,mobile_app,False,0.0,0,failed
TXN_002639,CUST_0705,MERCH_10,499.0,GBP,net_banking,436,authentication_failed,3,9,0,436,2026-08-02T06:00:49.389377,GB,mobile_app,True,499.0,2,abandoned
TXN_002640,CUST_1004,MERCH_09,128.06,EUR,wallet,524,limit_exceeded,2,13,4,524,2026-07-28T20:45:13.966159,GB,web_browser,False,0.0,1,abandoned
TXN_002641,CUST_0654,MERCH_10,499.0,EUR,credit_card,831,insufficient_funds,1,12,5,831,2026-07-26T11:11:11.736244,DE,web_browser,True,499.0,0,recovered
TXN_002642,CUST_1379,MERCH_04,134.79,INR,credit_card,466,authentication_failed,1,10,1,466,2026-08-16T10:49:36.444533,CA,api_integration,False,0.0,0,abandoned
TXN_002643,CUST_0644,MERCH_06,171.3,EUR,credit_card,253,authentication_failed,1,4,2,253,2026-08-11T14:27:01.721191,CA,api_integration,False,0.0,0,failed
TXN_002644,CUST_1306,MERCH_04,68.37,INR,credit_card,404,network_error,1,14,2,404,2026-07-28T19:37:41.561579,IN,api_integration,False,0.0,0,abandoned
TXN_002645,CUST_0425,MERCH_08,29.99,INR,debit_card,373,network_error,3,3,1,373,2026-07-26T03:30:18.213622,US,mobile_app,True,29.99,2,abandoned
TXN_002646,CUST_1231,MERCH_06,166.7,GBP,net_banking,118,network_error,1,11,4,118,2026-08-19T08:44:13.089422,US,mobile_app,False,0.0,0,recovered
TXN_002647,CUST_1288,MERCH_09,293.7,INR,credit_card,551,limit_exceeded,1,10,3,831,2026-08-23T10:14:53.206437,IN,web_browser,False,0.0,0,recovered
TXN_002648,CUST_0249,MERCH_04,83.05,GBP,ach,331,bank_declined,1,4,4,528,2026-08-16T19:18:05.382469,CA,mobile_app,False,0.0,0,abandoned
TXN_002649,CUST_1120,MERCH_01,11.75,USD,upi,285,expired_card,2,12,0,852,2026-08-11T11:02:07.364763,AU,api_integration,False,0.0,1,failed
TXN_002650,CUST_0262,MERCH_08,338.48,GBP,debit_card,85,insufficient_funds,2,12,4,449,2026-07-30T09:18:15.678166,DE,api_integration,False,0.0,1,recovered
TXN_002651,CUST_1038,MERCH_07,499.0,EUR,upi,502,insufficient_funds,2,11,3,725,2026-08-02T15:26:49.070839,DE,web_browser,True,499.0,1,recovered
TXN_002652,CUST_0978,MERCH_02,29.24,USD,upi,69,bank_declined,1,15,2,69,2026-07-29T08:16:01.378780,US,api_integration,False,0.0,0,failed
TXN_002653,CUST_1337,MERCH_09,100.27,INR,wallet,177,expired_card,1,8,5,586,2026-08-18T15:56:41.389764,DE,api_integration,False,0.0,0,failed
TXN_002654,CUST_0426,MERCH_02,129.24,USD,upi,126,insufficient_funds,1,14,5,842,2026-08-04T23:02:57.522190,AU,web_browser,False,0.0,0,abandoned
TXN_002655,CUST_1147,MERCH_05,86.69,GBP,ach,373,invalid_payment_method,2,15,0,373,2026-08-02T19:01:16.956476,AU,web_browser,False,0.0,1,failed
TXN_002656,CUST_0899,MERCH_01,61.89,EUR,net_banking,87,authentication_failed,1,7,4,87,2026-08-02T15:46:55.183105,AU,web_browser,False,0.0,0,recovered
TXN_002657,CUST_1106,MERCH_08,408.71,EUR,debit_card,411,network_error,1,13,3,411,2026-08-23T09:45:01.873157,US,api_integration,False,0.0,0,abandoned
TXN_002658,CUST_1474,MERCH_06,27.57,GBP,wallet,190,expired_card,1,10,2,949,2026-08-16T04:30:25.797035,IN,api_integration,False,0.0,0,failed
TXN_002659,CUST_1243,MERCH_09,835.8,EUR,ach,146,expired_card,1,9,5,283,2026-08-04T04:57:50.569168,US,web_browser,False,0.0,0,failed
TXN_002660,CUST_1343,MERCH_03,268.06,GBP,debit_card,443,expired_card,2,7,5,539,2026-08-22T23:04:16.094349,GB,web_browser,False,0.0,1,failed
TXN_002661,CUST_0984,MERCH_04,10.72,INR,debit_card,57,insufficient_funds,1,2,2,254,2026-08-19T02:46:08.921074,US,mobile_app,False,0.0,0,failed
TXN_002662,CUST_0322,MERCH_02,50.74,INR,ach,514,insufficient_funds,1,11,2,514,2026-08-15T05:16:47.984404,GB,web_browser,False,0.0,0,failed
TXN_002663,CUST_0414,MERCH_10,21.53,INR,upi,469,insufficient_funds,3,6,3,624,2026-08-03T14:09:14.595065,US,web_browser,False,0.0,2,failed
TXN_002664,CUST_1271,MERCH_09,199.0,GBP,debit_card,248,authentication_failed,1,2,5,248,2026-08-12T02:05:59.404377,AU,mobile_app,True,199.0,0,failed
TXN_002665,CUST_1211,MERCH_10,190.99,GBP,credit_card,70,bank_declined,1,13,5,257,2026-08-20T14:04:54.117391,AU,mobile_app,False,0.0,0,failed
TXN_002666,CUST_1328,MERCH_10,136.26,GBP,ach,271,insufficient_funds,1,13,1,271,2026-08-05T19:12:14.441032,IN,api_integration,False,0.0,0,recovered
TXN_002667,CUST_0501,MERCH_07,417.0,INR,net_banking,371,insufficient_funds,2,13,4,881,2026-08-07T02:51:18.164425,CA,api_integration,False,0.0,1,failed
TXN_002668,CUST_1341,MERCH_01,499.0,USD,ach,837,limit_exceeded,2,4,5,953,2026-08-06T14:42:55.865200,DE,web_browser,True,499.0,1,recovered
TXN_002669,CUST_1484,MERCH_03,19.99,USD,wallet,104,authentication_failed,1,14,1,104,2026-07-31T18:22:57.422072,US,api_integration,True,19.99,0,recovered
TXN_002670,CUST_0661,MERCH_06,243.82,EUR,net_banking,278,insufficient_funds,2,9,5,278,2026-08-21T23:55:42.610274,CA,mobile_app,False,0.0,1,failed
TXN_002671,CUST_1394,MERCH_04,40.76,INR,ach,160,bank_declined,1,1,4,160,2026-08-20T23:10:51.731045,DE,mobile_app,False,0.0,0,failed
TXN_002672,CUST_0666,MERCH_01,9.99,EUR,debit_card,876,authentication_failed,1,10,2,968,2026-08-16T07:10:15.307488,US,mobile_app,True,9.99,0,failed
TXN_002673,CUST_0679,MERCH_09,36.54,INR,debit_card,287,invalid_payment_method,1,1,3,287,2026-08-06T19:22:20.162212,DE,mobile_app,False,0.0,0,abandoned
TXN_002674,CUST_1296,MERCH_10,239.97,USD,net_banking,5,insufficient_funds,3,8,2,5,2026-08-24T02:10:44.181241,CA,mobile_app,False,0.0,2,failed
TXN_002675,CUST_1470,MERCH_09,19.99,GBP,upi,775,bank_declined,1,7,1,775,2026-08-18T04:40:23.178449,GB,web_browser,True,19.99,0,recovered
TXN_002676,CUST_1002,MERCH_07,49.99,EUR,net_banking,231,insufficient_funds,1,11,3,970,2026-07-28T00:19:21.076736,US,mobile_app,True,49.99,0,failed
TXN_002677,CUST_0897,MERCH_07,21.77,EUR,debit_card,223,limit_exceeded,2,7,4,223,2026-08-20T23:40:39.624415,CA,api_integration,False,0.0,1,recovered
TXN_002678,CUST_0204,MERCH_03,29.99,USD,net_banking,213,insufficient_funds,1,20,0,213,2026-08-05T17:12:43.173772,IN,web_browser,True,29.99,0,recovered
TXN_002679,CUST_1367,MERCH_09,159.94,USD,debit_card,458,insufficient_funds,1,5,2,832,2026-07-29T06:41:33.994509,DE,api_integration,False,0.0,0,failed
TXN_002680,CUST_0188,MERCH_04,381.92,EUR,net_banking,355,bank_declined,1,3,1,453,2026-08-01T04:33:40.785058,AU,mobile_app,False,0.0,0,failed
TXN_002681,CUST_0689,MERCH_03,499.0,EUR,wallet,182,bank_declined,1,13,5,192,2026-08-13T01:34:52.652951,US,mobile_app,True,499.0,0,abandoned
TXN_002682,CUST_0107,MERCH_05,36.53,GBP,wallet,274,insufficient_funds,1,6,3,274,2026-08-02T08:28:02.182994,US,web_browser,False,0.0,0,recovered
TXN_002683,CUST_0401,MERCH_03,219.16,GBP,net_banking,58,invalid_payment_method,1,0,5,58,2026-07-29T03:21:46.691472,AU,api_integration,False,0.0,0,failed
TXN_002684,CUST_0589,MERCH_06,49.99,GBP,credit_card,904,authentication_failed,3,20,4,925,2026-08-15T05:24:21.281979,US,api_integration,True,49.99,2,abandoned
TXN_002685,CUST_0547,MERCH_04,213.31,INR,upi,45,insufficient_funds,3,0,0,603,2026-08-18T11:05:02.504777,DE,api_integration,False,0.0,2,recovered
TXN_002686,CUST_0968,MERCH_08,329.04,GBP,ach,124,insufficient_funds,1,11,4,424,2026-08-15T12:59:40.968630,US,mobile_app,False,0.0,0,failed
TXN_002687,CUST_0692,MERCH_05,157.3,EUR,credit_card,363,insufficient_funds,2,9,3,363,2026-08-12T10:05:39.068181,GB,web_browser,False,0.0,1,recovered
TXN_002688,CUST_0941,MERCH_04,24.36,GBP,net_banking,775,insufficient_funds,1,6,2,997,2026-08-13T19:41:00.463707,DE,api_integration,False,0.0,0,abandoned
TXN_002689,CUST_0891,MERCH_06,259.75,INR,ach,336,expired_card,1,18,3,336,2026-07-27T22:59:06.678623,IN,web_browser,False,0.0,0,failed
TXN_002690,CUST_0744,MERCH_03,99.0,INR,upi,263,network_error,1,8,4,263,2026-08-20T00:28:59.602320,US,api_integration,True,99.0,0,failed
TXN_002691,CUST_0643,MERCH_06,103.08,USD,upi,203,authentication_failed,1,11,5,203,2026-08-12T22:03:07.019190,US,web_browser,False,0.0,0,failed
TXN_002692,CUST_0394,MERCH_07,41.12,INR,credit_card,80,insufficient_funds,1,15,0,559,2026-08-19T10:40:26.784156,US,api_integration,False,0.0,0,failed
TXN_002693,CUST_0510,MERCH_06,217.33,EUR,wallet,157,insufficient_funds,1,6,4,157,2026-08-22T04:53:48.196314,CA,mobile_app,False,0.0,0,failed
TXN_002694,CUST_1240,MERCH_05,49.99,GBP,wallet,606,network_error,1,20,5,606,2026-07-28T04:21:25.793829,IN,api_integration,True,49.99,0,recovered
TXN_002695,CUST_1444,MERCH_05,82.34,GBP,net_banking,449,bank_declined,1,0,0,974,2026-08-12T20:04:46.573549,DE,web_browser,False,0.0,0,failed
TXN_002696,CUST_1250,MERCH_04,402.36,EUR,ach,216,network_error,1,18,5,317,2026-07-29T10:50:45.360250,US,api_integration,False,0.0,0,failed
TXN_002697,CUST_0769,MERCH_06,34.91,INR,debit_card,489,network_error,2,13,1,585,2026-08-07T20:20:27.267457,IN,web_browser,False,0.0,1,failed
TXN_002698,CUST_1017,MERCH_03,47.17,EUR,net_banking,735,invalid_payment_method,1,13,4,840,2026-07-26T23:42:30.282407,IN,mobile_app,False,0.0,0,failed
TXN_002699,CUST_1476,MERCH_04,157.43,GBP,credit_card,108,limit_exceeded,1,13,3,408,2026-07-27T02:58:08.431422,DE,mobile_app,False,0.0,0,failed
TXN_002700,CUST_0875,MERCH_09,32.73,INR,upi,533,network_error,2,12,5,765,2026-07-27T12:52:48.695095,GB,api_integration,False,0.0,1,abandoned
TXN_002701,CUST_0621,MERCH_01,199.0,EUR,net_banking,638,invalid_payment_method,1,20,5,931,2026-08-11T23:55:06.407077,US,mobile_app,True,199.0,0,failed
TXN_002702,CUST_1466,MERCH_05,12.23,USD,credit_card,672,authentication_failed,1,17,1,713,2026-08-17T09:15:46.691959,CA,api_integration,False,0.0,0,failed
TXN_002703,CUST_0490,MERCH_05,86.92,INR,ach,809,insufficient_funds,3,4,5,853,2026-08-09T23:58:47.178723,DE,api_integration,False,0.0,2,failed
TXN_002704,CUST_0104,MERCH_02,318.92,USD,ach,221,insufficient_funds,1,0,0,395,2026-08-19T09:38:07.814999,IN,mobile_app,False,0.0,0,recovered
TXN_002705,CUST_1287,MERCH_02,29.71,USD,upi,834,insufficient_funds,1,6,1,834,2026-08-18T07:22:49.794587,US,api_integration,False,0.0,0,recovered
TXN_002706,CUST_1233,MERCH_03,19.99,USD,debit_card,126,expired_card,1,5,1,126,2026-08-19T04:39:20.920170,DE,web_browser,True,19.99,0,failed
TXN_002707,CUST_1337,MERCH_01,9.99,USD,ach,328,bank_declined,1,14,3,651,2026-08-04T03:17:40.664088,US,api_integration,True,9.99,0,failed
TXN_002708,CUST_0315,MERCH_10,915.23,INR,upi,351,bank_declined,2,14,3,890,2026-07-31T04:34:36.711059,GB,api_integration,False,0.0,1,recovered
TXN_002709,CUST_0588,MERCH_05,499.0,GBP,wallet,382,network_error,1,15,0,382,2026-08-10T00:42:55.289897,US,mobile_app,True,499.0,0,failed
TXN_002710,CUST_1052,MERCH_01,180.65,USD,credit_card,145,expired_card,4,4,3,145,2026-07-30T12:03:51.309159,DE,mobile_app,False,0.0,3,failed
TXN_002711,CUST_1445,MERCH_09,499.0,INR,credit_card,643,network_error,1,6,2,643,2026-07-30T16:39:53.332466,CA,api_integration,True,499.0,0,failed
TXN_002712,CUST_1495,MERCH_01,29.99,EUR,debit_card,272,network_error,1,6,1,272,2026-08-04T07:37:34.353589,AU,web_browser,True,29.99,0,failed
TXN_002713,CUST_0887,MERCH_03,28.95,EUR,debit_card,115,network_error,1,5,0,226,2026-08-14T10:10:26.286447,DE,api_integration,False,0.0,0,failed
TXN_002714,CUST_0540,MERCH_03,107.21,GBP,ach,457,insufficient_funds,1,2,3,457,2026-07-26T04:47:40.636373,DE,web_browser,False,0.0,0,recovered
TXN_002715,CUST_0377,MERCH_10,19.99,INR,credit_card,407,insufficient_funds,3,10,1,520,2026-08-11T20:16:16.756996,IN,mobile_app,True,19.99,2,recovered
TXN_002716,CUST_0183,MERCH_10,58.26,INR,credit_card,657,expired_card,1,10,1,657,2026-08-24T10:54:22.324587,DE,api_integration,False,0.0,0,abandoned
TXN_002717,CUST_0675,MERCH_02,199.0,EUR,net_banking,328,insufficient_funds,1,14,2,815,2026-08-15T05:11:17.665542,CA,web_browser,True,199.0,0,failed
TXN_002718,CUST_0227,MERCH_04,110.24,USD,ach,51,expired_card,1,19,3,51,2026-08-17T23:54:52.142143,CA,web_browser,False,0.0,0,recovered
TXN_002719,CUST_0658,MERCH_05,29.99,GBP,debit_card,336,invalid_payment_method,3,7,2,336,2026-07-28T17:35:14.451268,CA,api_integration,True,29.99,2,failed
TXN_002720,CUST_1318,MERCH_08,199.0,USD,upi,27,insufficient_funds,2,5,4,27,2026-08-17T17:24:33.238439,US,mobile_app,True,199.0,1,failed
TXN_002721,CUST_0422,MERCH_02,29.99,USD,debit_card,32,insufficient_funds,1,6,3,547,2026-08-23T15:01:35.162182,GB,mobile_app,True,29.99,0,recovered
TXN_002722,CUST_0921,MERCH_06,9.99,USD,net_banking,280,bank_declined,3,20,5,852,2026-08-22T11:35:54.606601,US,api_integration,True,9.99,2,failed
TXN_002723,CUST_0904,MERCH_05,70.0,USD,debit_card,447,network_error,1,14,4,447,2026-08-18T22:56:10.692825,GB,mobile_app,False,0.0,0,failed
TXN_002724,CUST_1017,MERCH_10,29.99,USD,credit_card,83,authentication_failed,1,17,5,83,2026-08-09T04:16:06.084253,US,web_browser,True,29.99,0,abandoned
TXN_002725,CUST_0786,MERCH_07,243.25,GBP,ach,73,expired_card,1,14,3,924,2026-08-16T18:34:36.263375,US,mobile_app,False,0.0,0,failed
TXN_002726,CUST_1091,MERCH_01,29.96,USD,debit_card,77,insufficient_funds,3,13,2,340,2026-07-27T09:17:33.885875,IN,api_integration,False,0.0,2,failed
TXN_002727,CUST_0521,MERCH_09,29.99,INR,upi,313,bank_declined,1,11,1,313,2026-08-11T00:00:51.688723,IN,api_integration,True,29.99,0,failed
TXN_002728,CUST_0404,MERCH_01,379.07,INR,upi,187,authentication_failed,1,20,5,187,2026-08-10T14:02:30.936738,AU,api_integration,False,0.0,0,failed
TXN_002729,CUST_1121,MERCH_03,478.09,USD,debit_card,644,authentication_failed,1,6,1,644,2026-08-04T06:44:51.118832,AU,web_browser,False,0.0,0,failed
TXN_002730,CUST_0161,MERCH_10,99.0,EUR,upi,621,authentication_failed,2,13,1,732,2026-08-13T06:57:37.555148,IN,api_integration,True,99.0,1,failed
TXN_002731,CUST_1031,MERCH_04,127.21,GBP,ach,135,insufficient_funds,2,12,5,356,2026-08-08T05:20:01.419523,CA,web_browser,False,0.0,1,recovered
TXN_002732,CUST_0440,MERCH_03,47.94,USD,credit_card,320,unknown,3,7,1,878,2026-08-05T21:24:03.832940,CA,web_browser,False,0.0,2,abandoned
TXN_002733,CUST_0498,MERCH_04,231.81,EUR,debit_card,384,insufficient_funds,2,4,0,384,2026-08-04T03:27:18.049021,CA,mobile_app,False,0.0,1,failed
TXN_002734,CUST_0921,MERCH_03,126.99,USD,ach,374,insufficient_funds,1,6,1,374,2026-08-13T21:35:14.344620,AU,web_browser,False,0.0,0,failed
TXN_002735,CUST_0516,MERCH_05,412.75,EUR,net_banking,272,insufficient_funds,3,3,3,348,2026-07-26T01:37:09.873036,AU,web_browser,False,0.0,2,failed
TXN_002736,CUST_0441,MERCH_02,126.19,USD,debit_card,308,bank_declined,1,5,5,787,2026-07-28T20:08:05.227491,DE,mobile_app,False,0.0,0,failed
TXN_002737,CUST_0351,MERCH_07,214.41,GBP,debit_card,397,authentication_failed,1,5,2,677,2026-07-29T11:06:03.285577,GB,web_browser,False,0.0,0,failed
TXN_002738,CUST_0518,MERCH_06,199.0,EUR,debit_card,508,limit_exceeded,1,19,4,904,2026-07-31T10:56:43.876544,US,mobile_app,True,199.0,0,recovered
TXN_002739,CUST_1051,MERCH_06,29.99,INR,ach,542,expired_card,1,20,0,817,2026-07-29T07:30:02.258171,IN,mobile_app,True,29.99,0,failed
TXN_002740,CUST_0795,MERCH_08,33.22,EUR,debit_card,27,insufficient_funds,1,6,0,27,2026-08-12T16:17:25.813598,AU,web_browser,False,0.0,0,failed
TXN_002741,CUST_1195,MERCH_07,29.99,GBP,credit_card,73,insufficient_funds,1,1,5,73,2026-08-12T00:58:37.066745,AU,mobile_app,True,29.99,0,failed
TXN_002742,CUST_0873,MERCH_10,84.97,GBP,wallet,105,bank_declined,2,9,4,105,2026-07-31T22:35:38.797845,AU,api_integration,False,0.0,1,recovered
TXN_002743,CUST_0175,MERCH_07,6.35,EUR,credit_card,86,insufficient_funds,1,8,3,86,2026-07-28T19:17:57.588254,IN,api_integration,False,0.0,0,failed
TXN_002744,CUST_0491,MERCH_02,11.77,GBP,wallet,493,limit_exceeded,1,1,1,933,2026-08-06T04:26:42.241528,IN,api_integration,False,0.0,0,abandoned
TXN_002745,CUST_0373,MERCH_02,9.99,GBP,wallet,719,authentication_failed,1,2,2,766,2026-08-13T15:44:31.855158,CA,web_browser,True,9.99,0,failed
TXN_002746,CUST_1365,MERCH_10,214.42,EUR,debit_card,34,expired_card,1,8,1,34,2026-08-22T06:27:36.997662,GB,web_browser,False,0.0,0,failed
TXN_002747,CUST_0128,MERCH_08,499.0,EUR,debit_card,547,expired_card,3,7,5,865,2026-07-26T10:09:55.474088,DE,api_integration,True,499.0,2,failed
TXN_002748,CUST_0759,MERCH_10,307.77,INR,wallet,482,insufficient_funds,1,10,5,482,2026-07-28T21:15:32.978858,IN,mobile_app,False,0.0,0,recovered
TXN_002749,CUST_0796,MERCH_06,102.47,GBP,upi,548,expired_card,2,19,5,548,2026-08-11T18:39:36.043024,AU,api_integration,False,0.0,1,failed
TXN_002750,CUST_0304,MERCH_01,137.51,USD,debit_card,5,authentication_failed,2,17,0,325,2026-08-17T21:59:48.948788,GB,web_browser,False,0.0,1,recovered
TXN_002751,CUST_0152,MERCH_03,70.91,GBP,debit_card,648,authentication_failed,1,13,4,648,2026-07-30T04:16:07.528903,GB,web_browser,False,0.0,0,recovered
TXN_002752,CUST_1485,MERCH_08,7.59,INR,net_banking,59,expired_card,1,2,1,90,2026-08-13T03:08:53.102649,GB,api_integration,False,0.0,0,failed
TXN_002753,CUST_0685,MERCH_02,8.54,INR,upi,301,network_error,1,8,2,597,2026-08-01T05:31:18.888351,CA,web_browser,False,0.0,0,failed
TXN_002754,CUST_0592,MERCH_06,499.0,GBP,ach,465,insufficient_funds,2,7,3,792,2026-08-14T21:18:40.278680,CA,api_integration,True,499.0,1,abandoned
TXN_002755,CUST_0842,MERCH_06,344.58,INR,upi,768,expired_card,2,8,4,832,2026-07-28T04:50:03.982450,US,mobile_app,False,0.0,1,failed
TXN_002756,CUST_0449,MERCH_06,125.05,INR,debit_card,656,insufficient_funds,1,14,4,866,2026-07-31T15:39:32.469901,CA,api_integration,False,0.0,0,recovered
TXN_002757,CUST_1399,MERCH_03,52.98,USD,debit_card,166,bank_declined,1,13,2,899,2026-08-09T22:10:06.113365,US,mobile_app,False,0.0,0,recovered
TXN_002758,CUST_1461,MERCH_09,52.04,INR,upi,269,expired_card,1,1,4,269,2026-08-22T08:21:10.842673,IN,web_browser,False,0.0,0,failed
TXN_002759,CUST_1255,MERCH_06,334.66,INR,upi,71,insufficient_funds,4,17,2,71,2026-08-13T13:26:43.478612,IN,api_integration,False,0.0,3,abandoned
TXN_002760,CUST_0682,MERCH_07,29.99,GBP,debit_card,23,insufficient_funds,1,13,5,172,2026-08-20T14:10:28.810030,IN,web_browser,True,29.99,0,failed
TXN_002761,CUST_0934,MERCH_02,99.0,EUR,wallet,194,authentication_failed,1,16,3,194,2026-08-13T08:12:12.668021,IN,api_integration,True,99.0,0,failed
TXN_002762,CUST_0547,MERCH_09,29.99,INR,debit_card,88,insufficient_funds,2,19,0,493,2026-08-23T08:44:31.576508,AU,api_integration,True,29.99,1,recovered
TXN_002763,CUST_0573,MERCH_01,258.27,USD,ach,309,insufficient_funds,1,2,4,666,2026-07-29T20:45:51.458388,IN,api_integration,False,0.0,0,recovered
TXN_002764,CUST_0132,MERCH_10,9.99,INR,net_banking,50,insufficient_funds,1,17,4,50,2026-08-23T20:52:32.637723,CA,api_integration,True,9.99,0,abandoned
TXN_002765,CUST_0946,MERCH_08,234.26,EUR,wallet,784,expired_card,1,13,2,784,2026-08-14T08:32:19.337490,US,mobile_app,False,0.0,0,failed
TXN_002766,CUST_0612,MERCH_09,99.0,INR,net_banking,367,insufficient_funds,2,8,1,367,2026-07-28T18:19:37.002166,DE,mobile_app,True,99.0,1,failed
TXN_002767,CUST_1275,MERCH_06,39.49,USD,debit_card,750,network_error,1,17,4,750,2026-08-19T03:43:26.027342,GB,api_integration,False,0.0,0,recovered
TXN_002768,CUST_0243,MERCH_05,115.1,GBP,credit_card,24,insufficient_funds,1,0,3,24,2026-08-20T15:42:10.224267,CA,web_browser,False,0.0,0,failed
TXN_002769,CUST_0676,MERCH_02,155.05,GBP,upi,520,insufficient_funds,1,9,2,835,2026-07-27T20:09:07.232537,DE,mobile_app,False,0.0,0,failed
TXN_002770,CUST_0622,MERCH_03,184.23,EUR,net_banking,56,network_error,1,18,3,256,2026-08-11T17:03:06.876401,IN,web_browser,False,0.0,0,failed
TXN_002771,CUST_0443,MERCH_01,19.99,INR,wallet,212,bank_declined,1,11,4,635,2026-08-19T23:43:32.750217,GB,api_integration,True,19.99,0,recovered
TXN_002772,CUST_1245,MERCH_10,99.0,EUR,wallet,618,bank_declined,1,18,2,851,2026-08-04T10:53:47.534443,DE,mobile_app,True,99.0,0,failed
TXN_002773,CUST_1295,MERCH_05,276.38,USD,credit_card,258,expired_card,2,9,2,443,2026-07-31T01:48:50.804128,GB,mobile_app,False,0.0,1,failed
TXN_002774,CUST_0858,MERCH_03,314.56,USD,wallet,508,unknown,1,16,3,508,2026-07-29T02:21:48.069258,DE,web_browser,False,0.0,0,failed
TXN_002775,CUST_1099,MERCH_10,68.85,INR,net_banking,463,insufficient_funds,1,9,3,463,2026-08-04T10:37:44.158160,CA,mobile_app,False,0.0,0,abandoned
TXN_002776,CUST_1414,MERCH_06,199.0,GBP,ach,29,insufficient_funds,2,16,5,29,2026-08-22T12:15:44.340285,US,api_integration,True,199.0,1,failed
TXN_002777,CUST_1114,MERCH_04,186.12,INR,ach,101,expired_card,1,7,0,424,2026-08-02T10:03:59.561614,AU,mobile_app,False,0.0,0,failed
TXN_002778,CUST_0889,MERCH_05,103.5,INR,debit_card,296,network_error,1,15,2,296,2026-07-28T04:02:21.469030,DE,web_browser,False,0.0,0,failed
TXN_002779,CUST_1103,MERCH_09,384.66,EUR,ach,906,invalid_payment_method,1,1,3,930,2026-08-22T16:55:41.879422,CA,mobile_app,False,0.0,0,abandoned
TXN_002780,CUST_0765,MERCH_06,174.67,GBP,ach,574,insufficient_funds,3,13,3,574,2026-08-07T20:15:48.085278,IN,web_browser,False,0.0,2,abandoned
TXN_002781,CUST_0613,MERCH_07,7.14,INR,wallet,123,authentication_failed,1,11,2,123,2026-08-22T15:50:15.718342,GB,web_browser,False,0.0,0,recovered
TXN_002782,CUST_0484,MERCH_03,29.99,USD,debit_card,153,limit_exceeded,1,2,4,153,2026-08-07T00:15:37.430842,AU,api_integration,True,29.99,0,failed
TXN_002783,CUST_0979,MERCH_10,285.29,GBP,ach,398,limit_exceeded,1,17,5,899,2026-08-09T01:06:57.680222,IN,mobile_app,False,0.0,0,failed
TXN_002784,CUST_1270,MERCH_07,9.99,INR,debit_card,53,insufficient_funds,2,15,5,53,2026-07-29T13:32:25.692971,GB,api_integration,True,9.99,1,failed
TXN_002785,CUST_0260,MERCH_07,26.43,USD,net_banking,289,insufficient_funds,1,3,1,495,2026-08-01T19:56:21.607752,CA,mobile_app,False,0.0,0,abandoned
TXN_002786,CUST_0321,MERCH_10,99.0,EUR,debit_card,478,network_error,2,13,1,478,2026-08-13T22:17:48.485486,CA,mobile_app,True,99.0,1,recovered
TXN_002787,CUST_0960,MERCH_03,19.99,EUR,net_banking,428,insufficient_funds,1,6,2,428,2026-08-10T02:30:04.987824,DE,api_integration,True,19.99,0,recovered
TXN_002788,CUST_0692,MERCH_03,115.36,INR,net_banking,9,network_error,2,0,2,901,2026-08-18T07:12:35.391027,IN,mobile_app,False,0.0,1,recovered
TXN_002789,CUST_0546,MERCH_03,223.5,EUR,debit_card,712,insufficient_funds,4,14,2,886,2026-08-02T08:53:54.740743,AU,api_integration,False,0.0,3,failed
TXN_002790,CUST_0569,MERCH_06,17.65,GBP,ach,249,authentication_failed,2,4,0,989,2026-08-04T05:06:46.300786,AU,api_integration,False,0.0,1,failed
TXN_002791,CUST_1293,MERCH_06,169.58,USD,ach,69,expired_card,1,4,5,69,2026-07-26T18:47:30.741975,US,mobile_app,False,0.0,0,abandoned
TXN_002792,CUST_1443,MERCH_03,220.39,INR,net_banking,829,expired_card,1,19,0,829,2026-08-13T06:22:29.121127,AU,api_integration,False,0.0,0,failed
TXN_002793,CUST_1362,MERCH_05,33.89,USD,debit_card,425,insufficient_funds,2,7,1,425,2026-08-16T10:00:18.256916,IN,api_integration,False,0.0,1,failed
TXN_002794,CUST_1106,MERCH_10,199.0,INR,ach,32,insufficient_funds,1,19,2,32,2026-08-14T11:05:59.774514,AU,mobile_app,True,199.0,0,failed
TXN_002795,CUST_1451,MERCH_04,199.0,USD,wallet,706,insufficient_funds,1,10,1,866,2026-08-12T09:03:22.548299,AU,web_browser,True,199.0,0,recovered
TXN_002796,CUST_0197,MERCH_04,29.99,GBP,upi,64,expired_card,2,14,4,64,2026-07-30T01:43:42.002208,IN,web_browser,True,29.99,1,failed
TXN_002797,CUST_1375,MERCH_05,143.81,USD,ach,614,authentication_failed,1,5,5,614,2026-07-28T19:58:10.198305,US,web_browser,False,0.0,0,failed
TXN_002798,CUST_0347,MERCH_05,99.33,GBP,net_banking,92,expired_card,1,8,4,92,2026-07-30T02:27:06.940331,GB,mobile_app,False,0.0,0,failed
TXN_002799,CUST_1140,MERCH_03,199.0,USD,debit_card,582,invalid_payment_method,2,12,0,860,2026-08-03T13:29:21.893212,DE,web_browser,True,199.0,1,recovered
TXN_002800,CUST_1250,MERCH_05,231.23,GBP,credit_card,328,insufficient_funds,1,8,5,879,2026-07-26T05:07:42.857807,AU,mobile_app,False,0.0,0,recovered
TXN_002801,CUST_1210,MERCH_09,68.07,GBP,ach,597,insufficient_funds,3,1,5,917,2026-08-06T23:37:39.382465,CA,api_integration,False,0.0,2,recovered
TXN_002802,CUST_0484,MERCH_03,99.0,EUR,credit_card,193,bank_declined,1,11,4,775,2026-08-21T07:14:49.553088,IN,api_integration,True,99.0,0,failed
TXN_002803,CUST_1041,MERCH_01,77.4,GBP,debit_card,236,authentication_failed,1,10,5,236,2026-08-08T18:24:40.310742,US,api_integration,False,0.0,0,failed
TXN_002804,CUST_0386,MERCH_01,199.0,GBP,net_banking,103,bank_declined,1,17,4,103,2026-07-28T10:15:14.893302,CA,web_browser,True,199.0,0,failed
TXN_002805,CUST_0550,MERCH_08,9.99,EUR,net_banking,303,insufficient_funds,1,14,1,303,2026-07-28T22:35:33.408305,CA,mobile_app,True,9.99,0,failed
TXN_002806,CUST_1042,MERCH_02,153.7,INR,wallet,334,insufficient_funds,1,12,5,878,2026-07-29T22:56:56.425005,CA,web_browser,False,0.0,0,failed
TXN_002807,CUST_1079,MERCH_01,50.3,EUR,upi,78,network_error,1,6,4,250,2026-08-24T15:25:58.666912,CA,api_integration,False,0.0,0,recovered
TXN_002808,CUST_1438,MERCH_09,210.72,INR,upi,530,insufficient_funds,1,1,2,530,2026-08-23T01:38:28.639989,IN,mobile_app,False,0.0,0,failed
TXN_002809,CUST_0379,MERCH_10,49.99,EUR,wallet,279,network_error,4,13,1,324,2026-08-04T05:20:13.963292,US,web_browser,True,49.99,3,failed
TXN_002810,CUST_0128,MERCH_02,78.19,USD,credit_card,751,network_error,1,19,3,788,2026-07-28T07:48:01.310062,CA,mobile_app,False,0.0,0,failed
TXN_002811,CUST_1163,MERCH_09,49.69,INR,wallet,317,expired_card,1,7,5,317,2026-08-12T18:10:28.356227,AU,mobile_app,False,0.0,0,failed
TXN_002812,CUST_1235,MERCH_10,21.58,USD,debit_card,590,insufficient_funds,1,16,2,970,2026-08-18T05:48:29.093891,US,web_browser,False,0.0,0,failed
TXN_002813,CUST_0701,MERCH_03,121.99,USD,debit_card,70,insufficient_funds,1,5,2,646,2026-08-07T07:50:38.556845,GB,api_integration,False,0.0,0,abandoned
TXN_002814,CUST_0714,MERCH_01,57.18,USD,ach,186,bank_declined,1,9,0,846,2026-08-06T01:39:29.011133,AU,mobile_app,False,0.0,0,failed
TXN_002815,CUST_0385,MERCH_04,122.21,INR,ach,399,expired_card,1,13,3,399,2026-08-13T04:42:56.036336,DE,api_integration,False,0.0,0,abandoned
TXN_002816,CUST_0755,MERCH_02,499.0,INR,wallet,218,invalid_payment_method,1,9,0,664,2026-08-10T16:51:41.703077,CA,web_browser,True,499.0,0,recovered
TXN_002817,CUST_0694,MERCH_04,99.0,GBP,ach,165,insufficient_funds,2,6,3,245,2026-08-18T16:15:04.894079,US,mobile_app,True,99.0,1,failed
TXN_002818,CUST_0888,MERCH_07,99.0,USD,debit_card,126,insufficient_funds,3,0,3,126,2026-08-08T06:52:33.388882,IN,mobile_app,True,99.0,2,failed
TXN_002819,CUST_0259,MERCH_08,85.41,INR,credit_card,464,insufficient_funds,1,14,3,863,2026-07-26T04:33:45.497404,IN,mobile_app,False,0.0,0,failed
TXN_002820,CUST_0419,MERCH_09,62.76,USD,debit_card,516,expired_card,2,1,2,516,2026-08-04T10:15:54.083734,CA,mobile_app,False,0.0,1,failed
TXN_002821,CUST_0874,MERCH_08,118.21,EUR,upi,273,insufficient_funds,1,20,1,273,2026-08-19T13:31:56.769578,CA,mobile_app,False,0.0,0,recovered
TXN_002822,CUST_0487,MERCH_07,133.77,EUR,debit_card,98,expired_card,2,8,5,373,2026-08-17T22:43:16.120918,GB,web_browser,False,0.0,1,failed
TXN_002823,CUST_0715,MERCH_05,254.8,USD,ach,331,network_error,1,17,1,877,2026-07-30T12:09:34.343417,US,api_integration,False,0.0,0,failed
TXN_002824,CUST_0848,MERCH_02,499.0,EUR,net_banking,256,insufficient_funds,2,13,3,915,2026-08-14T11:36:58.703474,CA,web_browser,True,499.0,1,failed
TXN_002825,CUST_0961,MERCH_08,199.0,USD,wallet,10,expired_card,1,13,4,10,2026-08-02T18:11:50.803851,IN,web_browser,True,199.0,0,failed
TXN_002826,CUST_0988,MERCH_06,14.37,EUR,net_banking,439,bank_declined,1,10,4,976,2026-08-15T20:06:02.950993,IN,api_integration,False,0.0,0,abandoned
TXN_002827,CUST_0593,MERCH_04,134.44,EUR,upi,142,insufficient_funds,2,19,2,142,2026-08-14T15:26:38.691585,AU,web_browser,False,0.0,1,failed
TXN_002828,CUST_1186,MERCH_03,37.05,GBP,credit_card,171,authentication_failed,4,20,1,824,2026-08-10T21:28:01.325037,AU,api_integration,False,0.0,3,failed
TXN_002829,CUST_1475,MERCH_07,199.0,GBP,ach,387,invalid_payment_method,3,16,5,387,2026-08-17T06:50:30.181793,IN,mobile_app,True,199.0,2,abandoned
TXN_002830,CUST_1395,MERCH_08,19.99,INR,net_banking,286,bank_declined,1,11,5,286,2026-07-29T16:59:26.198619,DE,mobile_app,True,19.99,0,failed
TXN_002831,CUST_1268,MERCH_04,499.0,INR,ach,586,authentication_failed,1,5,5,586,2026-08-03T10:24:03.371796,IN,mobile_app,True,499.0,0,recovered
TXN_002832,CUST_1145,MERCH_01,35.76,EUR,upi,750,insufficient_funds,1,18,2,889,2026-08-16T13:49:30.594164,US,api_integration,False,0.0,0,failed
TXN_002833,CUST_1355,MERCH_03,121.08,INR,credit_card,268,authentication_failed,1,7,0,268,2026-08-14T09:34:24.856918,IN,mobile_app,False,0.0,0,recovered
TXN_002834,CUST_1134,MERCH_03,101.61,USD,net_banking,10,insufficient_funds,4,9,4,10,2026-08-14T00:07:08.585828,DE,api_integration,False,0.0,3,abandoned
TXN_002835,CUST_0994,MERCH_03,19.99,EUR,net_banking,428,insufficient_funds,1,11,0,538,2026-07-28T14:22:53.746465,GB,api_integration,True,19.99,0,failed
TXN_002836,CUST_0530,MERCH_05,78.31,GBP,debit_card,180,bank_declined,1,16,4,180,2026-08-13T23:14:49.831103,DE,api_integration,False,0.0,0,failed
TXN_002837,CUST_1433,MERCH_05,99.34,EUR,net_banking,80,limit_exceeded,1,6,3,215,2026-07-30T06:11:13.068129,US,mobile_app,False,0.0,0,failed
TXN_002838,CUST_1060,MERCH_03,80.16,USD,wallet,242,limit_exceeded,1,16,0,242,2026-08-15T11:10:23.505534,GB,api_integration,False,0.0,0,recovered
TXN_002839,CUST_1123,MERCH_05,17.63,INR,credit_card,668,insufficient_funds,2,7,2,874,2026-08-04T10:05:40.915532,US,api_integration,False,0.0,1,recovered
TXN_002840,CUST_0300,MERCH_07,45.16,USD,wallet,281,expired_card,1,5,1,537,2026-08-22T15:23:30.908163,AU,web_browser,False,0.0,0,failed
TXN_002841,CUST_1029,MERCH_10,29.78,GBP,credit_card,783,limit_exceeded,1,11,0,783,2026-08-15T10:44:22.530238,US,web_browser,False,0.0,0,failed
TXN_002842,CUST_0949,MERCH_01,166.74,EUR,debit_card,304,insufficient_funds,1,12,0,304,2026-08-11T13:09:12.398574,DE,api_integration,False,0.0,0,recovered
TXN_002843,CUST_1378,MERCH_02,76.64,EUR,upi,75,network_error,1,9,2,75,2026-08-10T01:35:02.259381,CA,mobile_app,False,0.0,0,failed
TXN_002844,CUST_0402,MERCH_02,69.42,EUR,credit_card,217,limit_exceeded,2,8,1,919,2026-08-14T10:00:49.026797,CA,mobile_app,False,0.0,1,failed
TXN_002845,CUST_0238,MERCH_01,98.56,USD,net_banking,25,insufficient_funds,1,16,2,25,2026-07-26T02:27:08.773383,CA,web_browser,False,0.0,0,recovered
TXN_002846,CUST_0293,MERCH_05,67.29,EUR,upi,512,invalid_payment_method,1,6,0,512,2026-08-02T00:06:39.195308,AU,mobile_app,False,0.0,0,failed
TXN_002847,CUST_0449,MERCH_10,183.12,USD,upi,6,insufficient_funds,2,18,1,161,2026-07-27T01:40:41.003259,AU,mobile_app,False,0.0,1,failed
TXN_002848,CUST_0197,MERCH_09,299.41,INR,net_banking,452,bank_declined,3,4,0,866,2026-08-21T04:57:38.796232,DE,web_browser,False,0.0,2,failed
TXN_002849,CUST_0440,MERCH_06,499.0,USD,debit_card,234,insufficient_funds,4,1,3,755,2026-08-16T10:57:28.570961,DE,web_browser,True,499.0,3,failed
TXN_002850,CUST_0588,MERCH_01,499.0,INR,debit_card,47,invalid_payment_method,2,5,2,47,2026-08-06T19:17:47.608960,DE,mobile_app,True,499.0,1,failed
TXN_002851,CUST_1135,MERCH_05,12.26,EUR,debit_card,403,limit_exceeded,1,7,3,658,2026-08-07T07:02:48.589699,AU,api_integration,False,0.0,0,failed
TXN_002852,CUST_0829,MERCH_09,19.99,INR,debit_card,421,insufficient_funds,1,0,4,421,2026-08-08T02:46:37.356477,DE,api_integration,True,19.99,0,failed
TXN_002853,CUST_0195,MERCH_09,255.81,USD,upi,688,insufficient_funds,1,1,2,960,2026-08-21T15:19:13.973599,US,api_integration,False,0.0,0,failed
TXN_002854,CUST_0356,MERCH_04,105.48,USD,ach,260,insufficient_funds,1,19,0,495,2026-08-04T02:07:56.544417,US,web_browser,False,0.0,0,failed
TXN_002855,CUST_0355,MERCH_08,293.74,EUR,wallet,263,insufficient_funds,1,6,5,263,2026-08-09T16:34:19.055133,CA,web_browser,False,0.0,0,recovered
TXN_002856,CUST_1480,MERCH_08,49.99,GBP,net_banking,388,insufficient_funds,1,8,4,388,2026-08-20T18:13:57.372447,AU,mobile_app,True,49.99,0,failed
TXN_002857,CUST_0698,MERCH_08,21.39,INR,upi,2,insufficient_funds,1,3,4,2,2026-08-09T18:46:14.447110,IN,api_integration,False,0.0,0,failed
TXN_002858,CUST_1489,MERCH_10,54.7,EUR,net_banking,374,insufficient_funds,1,18,1,793,2026-08-12T22:27:57.455716,CA,web_browser,False,0.0,0,failed
TXN_002859,CUST_0371,MERCH_07,128.36,USD,net_banking,683,invalid_payment_method,1,1,1,683,2026-08-10T17:13:28.513170,GB,mobile_app,False,0.0,0,failed
TXN_002860,CUST_0635,MERCH_09,19.99,INR,wallet,275,insufficient_funds,1,15,3,908,2026-07-27T09:52:53.670717,IN,mobile_app,True,19.99,0,recovered
TXN_002861,CUST_0528,MERCH_10,46.23,GBP,debit_card,535,expired_card,1,12,0,535,2026-08-19T09:18:15.961551,GB,api_integration,False,0.0,0,failed
TXN_002862,CUST_0161,MERCH_02,29.99,GBP,debit_card,738,authentication_failed,1,19,3,856,2026-08-16T15:26:16.039683,AU,api_integration,True,29.99,0,abandoned
TXN_002863,CUST_1020,MERCH_08,29.99,GBP,upi,428,bank_declined,1,19,0,590,2026-08-15T12:18:02.772279,DE,web_browser,True,29.99,0,failed
TXN_002864,CUST_1023,MERCH_04,77.91,GBP,wallet,206,network_error,2,1,5,206,2026-08-10T17:02:10.514567,AU,api_integration,False,0.0,1,failed
TXN_002865,CUST_0297,MERCH_01,305.64,EUR,debit_card,509,insufficient_funds,4,3,5,691,2026-08-11T22:25:40.374025,US,web_browser,False,0.0,3,abandoned
TXN_002866,CUST_0430,MERCH_02,109.83,USD,net_banking,465,network_error,1,14,5,465,2026-07-27T05:30:27.725478,GB,api_integration,False,0.0,0,recovered
TXN_002867,CUST_1047,MERCH_03,49.99,GBP,net_banking,33,insufficient_funds,1,2,0,33,2026-07-25T21:56:47.554763,US,mobile_app,True,49.99,0,failed
TXN_002868,CUST_0888,MERCH_06,182.74,GBP,wallet,148,authentication_failed,2,2,4,993,2026-08-21T06:46:55.200434,DE,api_integration,False,0.0,1,failed
TXN_002869,CUST_1193,MERCH_09,369.22,EUR,credit_card,66,insufficient_funds,1,18,5,597,2026-08-05T16:04:07.137213,AU,api_integration,False,0.0,0,failed
TXN_002870,CUST_0812,MERCH_09,317.72,USD,wallet,724,insufficient_funds,1,7,0,724,2026-08-12T07:46:39.002694,GB,web_browser,False,0.0,0,failed
TXN_002871,CUST_1258,MERCH_07,8.31,EUR,ach,262,network_error,1,13,4,855,2026-07-30T09:27:06.813243,GB,mobile_app,False,0.0,0,recovered
TXN_002872,CUST_0109,MERCH_01,203.77,USD,ach,47,insufficient_funds,1,14,2,421,2026-07-25T23:17:48.331679,CA,web_browser,False,0.0,0,recovered
TXN_002873,CUST_0182,MERCH_08,104.91,EUR,debit_card,166,authentication_failed,2,16,5,166,2026-07-28T20:45:03.239997,CA,mobile_app,False,0.0,1,failed
TXN_002874,CUST_0647,MERCH_05,191.29,GBP,ach,885,authentication_failed,1,19,1,918,2026-08-05T13:15:38.056470,IN,web_browser,False,0.0,0,recovered
TXN_002875,CUST_0935,MERCH_06,93.41,INR,ach,574,invalid_payment_method,2,16,3,857,2026-07-26T18:58:02.113734,CA,mobile_app,False,0.0,1,abandoned
TXN_002876,CUST_0222,MERCH_06,99.0,GBP,net_banking,664,bank_declined,1,4,2,664,2026-08-04T00:27:19.388980,US,api_integration,True,99.0,0,recovered
TXN_002877,CUST_0763,MERCH_04,81.95,INR,upi,297,bank_declined,1,3,3,297,2026-08-22T23:23:05.904328,CA,mobile_app,False,0.0,0,failed
TXN_002878,CUST_0195,MERCH_05,19.99,USD,net_banking,407,limit_exceeded,1,13,5,407,2026-08-10T09:43:32.824685,US,mobile_app,True,19.99,0,failed
TXN_002879,CUST_1017,MERCH_10,204.19,EUR,debit_card,219,expired_card,4,14,3,219,2026-08-12T12:01:09.939545,AU,web_browser,False,0.0,3,failed
TXN_002880,CUST_0422,MERCH_10,145.28,GBP,net_banking,525,insufficient_funds,1,9,1,525,2026-08-03T05:40:29.524369,IN,mobile_app,False,0.0,0,failed
TXN_002881,CUST_0997,MERCH_01,199.0,EUR,wallet,406,insufficient_funds,4,7,0,406,2026-08-07T13:52:12.692330,GB,web_browser,True,199.0,3,failed
TXN_002882,CUST_0658,MERCH_08,29.99,USD,ach,479,expired_card,4,9,3,827,2026-07-26T09:12:36.013014,IN,web_browser,True,29.99,3,failed
TXN_002883,CUST_1370,MERCH_01,182.48,USD,ach,680,insufficient_funds,1,11,0,680,2026-08-17T16:28:24.066266,DE,web_browser,False,0.0,0,abandoned
TXN_002884,CUST_0563,MERCH_02,19.99,USD,upi,394,network_error,1,1,5,443,2026-08-15T02:59:03.059454,IN,api_integration,True,19.99,0,failed
TXN_002885,CUST_1400,MERCH_03,30.58,INR,ach,422,unknown,4,3,5,884,2026-08-18T04:12:36.872752,IN,api_integration,False,0.0,3,abandoned
TXN_002886,CUST_0989,MERCH_02,124.83,GBP,debit_card,246,insufficient_funds,4,17,0,246,2026-07-27T05:00:55.690890,IN,mobile_app,False,0.0,3,failed
TXN_002887,CUST_0557,MERCH_07,297.01,USD,upi,304,bank_declined,1,20,4,395,2026-08-20T19:28:08.299091,US,mobile_app,False,0.0,0,recovered
TXN_002888,CUST_1002,MERCH_01,69.11,GBP,wallet,373,expired_card,4,15,0,373,2026-08-23T17:29:24.676017,CA,web_browser,False,0.0,3,abandoned
TXN_002889,CUST_0692,MERCH_02,499.0,EUR,wallet,858,insufficient_funds,4,18,4,858,2026-08-05T03:22:50.772310,CA,api_integration,True,499.0,3,abandoned
TXN_002890,CUST_0408,MERCH_07,29.99,GBP,wallet,192,expired_card,1,1,3,664,2026-08-13T19:51:39.097341,CA,api_integration,True,29.99,0,failed
TXN_002891,CUST_0843,MERCH_02,38.61,INR,upi,224,limit_exceeded,1,8,4,343,2026-08-11T04:24:37.215890,GB,web_browser,False,0.0,0,abandoned
TXN_002892,CUST_1185,MERCH_01,15.26,GBP,upi,115,unknown,1,13,5,164,2026-08-01T21:59:45.438028,AU,web_browser,False,0.0,0,failed
TXN_002893,CUST_0257,MERCH_06,199.0,EUR,net_banking,155,network_error,2,13,2,255,2026-08-04T13:27:09.111542,US,api_integration,True,199.0,1,failed
TXN_002894,CUST_1485,MERCH_09,9.99,EUR,credit_card,111,insufficient_funds,1,16,5,111,2026-08-06T08:26:52.984424,DE,api_integration,True,9.99,0,failed
TXN_002895,CUST_1448,MERCH_05,49.99,USD,debit_card,683,bank_declined,3,9,4,683,2026-07-31T06:04:49.221819,CA,api_integration,True,49.99,2,recovered
TXN_002896,CUST_0325,MERCH_08,48.1,EUR,ach,332,bank_declined,1,16,0,332,2026-07-29T15:17:23.894496,DE,mobile_app,False,0.0,0,failed
TXN_002897,CUST_1219,MERCH_02,7.43,USD,upi,35,insufficient_funds,2,0,2,35,2026-08-03T03:55:50.020599,CA,api_integration,False,0.0,1,failed
TXN_002898,CUST_0553,MERCH_06,114.54,USD,credit_card,39,network_error,1,13,4,605,2026-08-01T11:29:09.689140,CA,api_integration,False,0.0,0,abandoned
TXN_002899,CUST_0949,MERCH_10,86.2,GBP,net_banking,165,limit_exceeded,4,20,0,165,2026-07-28T15:27:55.215578,GB,mobile_app,False,0.0,3,abandoned
TXN_002900,CUST_1135,MERCH_02,199.0,EUR,wallet,537,bank_declined,1,11,4,537,2026-08-23T06:21:46.652861,DE,api_integration,True,199.0,0,recovered
TXN_002901,CUST_0639,MERCH_10,198.31,EUR,ach,5,authentication_failed,1,5,3,5,2026-08-18T02:10:03.655360,CA,web_browser,False,0.0,0,failed
TXN_002902,CUST_0954,MERCH_06,193.52,INR,credit_card,363,limit_exceeded,3,13,3,363,2026-08-05T20:43:02.564747,GB,api_integration,False,0.0,2,abandoned
TXN_002903,CUST_1377,MERCH_06,29.99,EUR,credit_card,692,insufficient_funds,1,16,4,692,2026-08-12T21:01:03.431437,DE,web_browser,True,29.99,0,recovered
TXN_002904,CUST_0395,MERCH_10,36.61,GBP,net_banking,24,limit_exceeded,4,4,1,24,2026-07-29T00:22:19.178208,GB,mobile_app,False,0.0,3,abandoned
TXN_002905,CUST_0481,MERCH_07,19.99,GBP,credit_card,835,bank_declined,3,18,2,835,2026-08-17T06:35:01.990563,DE,api_integration,True,19.99,2,failed
TXN_002906,CUST_0127,MERCH_06,38.49,INR,ach,225,insufficient_funds,1,1,4,225,2026-08-16T10:27:24.431299,AU,web_browser,False,0.0,0,recovered
TXN_002907,CUST_1154,MERCH_09,129.72,INR,debit_card,16,invalid_payment_method,1,3,4,177,2026-08-13T09:17:18.253524,GB,api_integration,False,0.0,0,failed
TXN_002908,CUST_1324,MERCH_07,49.99,EUR,debit_card,246,expired_card,1,5,1,246,2026-08-19T14:12:59.330900,GB,mobile_app,True,49.99,0,failed
TXN_002909,CUST_1190,MERCH_04,206.79,USD,debit_card,482,bank_declined,2,11,2,651,2026-08-01T10:37:54.276125,IN,api_integration,False,0.0,1,recovered
TXN_002910,CUST_0136,MERCH_02,108.11,GBP,ach,134,bank_declined,1,0,3,134,2026-08-24T06:43:39.189399,DE,web_browser,False,0.0,0,recovered
TXN_002911,CUST_0647,MERCH_08,499.0,USD,credit_card,98,expired_card,2,6,2,98,2026-08-17T09:53:09.804257,AU,mobile_app,True,499.0,1,failed
TXN_002912,CUST_0481,MERCH_04,185.71,GBP,ach,438,network_error,4,13,5,767,2026-07-29T03:54:24.000433,CA,api_integration,False,0.0,3,failed
TXN_002913,CUST_0626,MERCH_08,160.73,INR,wallet,100,insufficient_funds,1,1,5,949,2026-08-15T22:55:21.643986,GB,mobile_app,False,0.0,0,recovered
TXN_002914,CUST_1059,MERCH_09,49.99,EUR,ach,458,insufficient_funds,1,2,5,560,2026-08-06T04:31:30.987555,IN,mobile_app,True,49.99,0,failed
TXN_002915,CUST_0678,MERCH_03,29.99,GBP,net_banking,133,insufficient_funds,1,7,4,133,2026-08-01T21:21:39.701003,IN,web_browser,True,29.99,0,failed
TXN_002916,CUST_1034,MERCH_05,93.56,USD,upi,675,insufficient_funds,1,5,0,675,2026-08-19T05:05:06.718868,DE,web_browser,False,0.0,0,recovered
TXN_002917,CUST_0984,MERCH_01,199.0,EUR,debit_card,597,expired_card,1,16,1,597,2026-08-10T03:19:34.493570,US,api_integration,True,199.0,0,recovered
TXN_002918,CUST_1466,MERCH_05,65.35,GBP,credit_card,253,bank_declined,2,18,4,253,2026-08-15T11:32:58.996778,CA,api_integration,False,0.0,1,recovered
TXN_002919,CUST_0600,MERCH_10,99.0,GBP,credit_card,56,insufficient_funds,1,4,5,655,2026-08-15T07:06:56.837380,CA,api_integration,True,99.0,0,abandoned
TXN_002920,CUST_1462,MERCH_08,455.13,GBP,debit_card,464,expired_card,2,14,5,464,2026-07-26T00:09:09.492013,AU,web_browser,False,0.0,1,failed
TXN_002921,CUST_0260,MERCH_04,64.08,EUR,ach,600,bank_declined,1,20,2,805,2026-08-21T08:52:17.020354,CA,mobile_app,False,0.0,0,abandoned
TXN_002922,CUST_0570,MERCH_06,12.96,GBP,upi,500,authentication_failed,1,14,1,507,2026-08-04T13:47:11.933115,GB,api_integration,False,0.0,0,failed
TXN_002923,CUST_1374,MERCH_08,98.76,USD,wallet,643,insufficient_funds,1,15,4,643,2026-08-20T18:12:01.018910,AU,api_integration,False,0.0,0,recovered
TXN_002924,CUST_0352,MERCH_01,9.99,EUR,credit_card,418,bank_declined,2,5,4,837,2026-08-12T23:03:00.141738,GB,web_browser,True,9.99,1,failed
TXN_002925,CUST_0762,MERCH_10,22.09,USD,ach,408,network_error,1,1,4,717,2026-08-01T06:43:41.511988,DE,mobile_app,False,0.0,0,recovered
TXN_002926,CUST_0103,MERCH_05,427.19,EUR,ach,161,authentication_failed,2,15,1,280,2026-08-04T14:43:11.434650,AU,api_integration,False,0.0,1,failed
TXN_002927,CUST_0907,MERCH_07,187.49,USD,wallet,204,insufficient_funds,1,9,4,204,2026-08-21T08:43:36.120391,CA,mobile_app,False,0.0,0,abandoned
TXN_002928,CUST_0779,MERCH_02,199.0,EUR,ach,778,insufficient_funds,1,8,1,778,2026-08-11T20:28:50.472792,CA,api_integration,True,199.0,0,failed
TXN_002929,CUST_1091,MERCH_08,40.87,USD,debit_card,819,limit_exceeded,2,4,3,819,2026-08-10T08:25:22.835655,AU,mobile_app,False,0.0,1,failed
TXN_002930,CUST_0118,MERCH_05,161.22,INR,wallet,2,expired_card,3,2,2,2,2026-07-28T22:51:54.233587,US,web_browser,False,0.0,2,failed
TXN_002931,CUST_0274,MERCH_10,10.38,EUR,net_banking,725,network_error,4,12,3,909,2026-07-30T20:09:24.148839,IN,api_integration,False,0.0,3,abandoned
TXN_002932,CUST_0284,MERCH_08,499.0,USD,debit_card,378,invalid_payment_method,1,9,1,378,2026-08-17T11:07:49.618045,IN,web_browser,True,499.0,0,recovered
TXN_002933,CUST_0503,MERCH_07,74.71,EUR,ach,457,insufficient_funds,2,11,2,545,2026-08-10T03:00:49.872984,US,web_browser,False,0.0,1,recovered
TXN_002934,CUST_1247,MERCH_02,13.55,EUR,ach,230,expired_card,1,16,5,230,2026-07-30T13:57:23.909336,CA,api_integration,False,0.0,0,recovered
TXN_002935,CUST_1489,MERCH_02,199.0,INR,credit_card,655,expired_card,2,8,4,715,2026-08-12T16:00:56.415004,DE,web_browser,True,199.0,1,failed
TXN_002936,CUST_0460,MERCH_08,80.25,EUR,net_banking,781,insufficient_funds,1,7,4,889,2026-08-05T22:16:49.455513,CA,mobile_app,False,0.0,0,failed
TXN_002937,CUST_0133,MERCH_01,80.1,GBP,ach,368,expired_card,1,3,0,368,2026-08-11T10:53:45.991546,AU,api_integration,False,0.0,0,failed
TXN_002938,CUST_0213,MERCH_05,22.16,GBP,ach,784,insufficient_funds,3,20,2,784,2026-07-27T20:24:31.589134,AU,api_integration,False,0.0,2,failed
TXN_002939,CUST_1392,MERCH_04,85.58,GBP,net_banking,168,invalid_payment_method,2,15,5,909,2026-08-07T09:24:47.448839,CA,web_browser,False,0.0,1,failed
TXN_002940,CUST_0225,MERCH_06,58.12,USD,upi,92,authentication_failed,2,1,3,92,2026-08-13T06:55:11.378100,GB,api_integration,False,0.0,1,abandoned
TXN_002941,CUST_1224,MERCH_03,6.43,GBP,wallet,223,bank_declined,2,18,1,223,2026-07-26T09:33:02.660826,DE,mobile_app,False,0.0,1,failed
TXN_002942,CUST_1064,MERCH_05,7.99,INR,ach,549,insufficient_funds,1,13,4,865,2026-08-10T08:28:42.111449,DE,mobile_app,False,0.0,0,failed
TXN_002943,CUST_1177,MERCH_05,199.0,GBP,ach,605,authentication_failed,1,11,0,740,2026-08-22T06:19:08.678616,GB,web_browser,True,199.0,0,failed
TXN_002944,CUST_1242,MERCH_10,19.99,USD,net_banking,133,insufficient_funds,2,11,2,905,2026-08-10T02:33:47.638350,IN,mobile_app,True,19.99,1,failed
TXN_002945,CUST_1465,MERCH_03,99.0,GBP,wallet,229,network_error,2,5,4,951,2026-08-20T12:01:39.839478,DE,web_browser,True,99.0,1,failed
TXN_002946,CUST_0312,MERCH_06,341.33,EUR,ach,308,expired_card,1,19,5,420,2026-08-09T00:38:43.717210,CA,web_browser,False,0.0,0,failed
TXN_002947,CUST_0944,MERCH_05,71.93,EUR,ach,106,insufficient_funds,2,4,4,252,2026-08-21T03:00:46.921826,AU,mobile_app,False,0.0,1,abandoned
TXN_002948,CUST_1177,MERCH_09,99.0,EUR,wallet,318,expired_card,3,12,5,318,2026-08-24T01:05:22.539130,US,api_integration,True,99.0,2,failed
TXN_002949,CUST_0124,MERCH_06,6.59,EUR,upi,697,insufficient_funds,2,20,4,912,2026-08-10T01:25:42.518651,CA,web_browser,False,0.0,1,failed
TXN_002950,CUST_0262,MERCH_10,49.99,EUR,debit_card,199,authentication_failed,2,17,3,386,2026-08-15T22:38:00.405987,IN,mobile_app,True,49.99,1,recovered
TXN_002951,CUST_0715,MERCH_08,53.55,GBP,debit_card,492,authentication_failed,1,7,1,976,2026-08-20T03:01:51.104463,DE,mobile_app,False,0.0,0,recovered
TXN_002952,CUST_1361,MERCH_02,5.08,USD,upi,563,insufficient_funds,1,9,1,563,2026-07-26T04:59:28.041521,IN,mobile_app,False,0.0,0,failed
TXN_002953,CUST_1329,MERCH_05,29.99,GBP,debit_card,134,limit_exceeded,2,0,2,485,2026-08-10T11:14:04.642498,DE,mobile_app,True,29.99,1,failed
TXN_002954,CUST_0652,MERCH_06,105.07,USD,wallet,17,insufficient_funds,1,13,3,17,2026-08-15T07:13:22.398723,DE,mobile_app,False,0.0,0,recovered
TXN_002955,CUST_0999,MERCH_05,570.73,GBP,upi,210,insufficient_funds,1,13,2,210,2026-08-14T07:28:21.547894,DE,api_integration,False,0.0,0,failed
TXN_002956,CUST_1319,MERCH_06,313.47,GBP,credit_card,647,expired_card,1,7,0,819,2026-08-16T22:33:28.018377,CA,mobile_app,False,0.0,0,failed
TXN_002957,CUST_1256,MERCH_06,29.99,INR,wallet,285,expired_card,1,15,3,495,2026-08-22T10:21:39.632508,GB,api_integration,True,29.99,0,recovered
TXN_002958,CUST_1032,MERCH_08,77.55,EUR,net_banking,562,network_error,2,19,0,951,2026-08-10T17:48:15.901762,DE,api_integration,False,0.0,1,recovered
TXN_002959,CUST_1201,MERCH_04,199.0,EUR,upi,655,insufficient_funds,1,19,0,655,2026-08-07T03:19:49.394957,GB,api_integration,True,199.0,0,failed
TXN_002960,CUST_0332,MERCH_08,49.99,EUR,debit_card,34,insufficient_funds,2,11,2,34,2026-08-18T02:08:58.289814,GB,web_browser,True,49.99,1,failed
TXN_002961,CUST_0357,MERCH_08,19.99,EUR,debit_card,905,insufficient_funds,3,7,1,961,2026-08-01T22:12:21.291425,IN,web_browser,True,19.99,2,recovered
TXN_002962,CUST_0498,MERCH_06,439.76,INR,ach,21,insufficient_funds,1,18,5,555,2026-08-20T02:52:37.669111,AU,mobile_app,False,0.0,0,abandoned
TXN_002963,CUST_1317,MERCH_07,99.0,GBP,debit_card,334,expired_card,1,15,5,334,2026-08-08T06:05:04.837886,CA,web_browser,True,99.0,0,recovered
TXN_002964,CUST_0606,MERCH_01,408.17,GBP,credit_card,528,expired_card,2,18,5,833,2026-07-30T10:47:04.512292,DE,web_browser,False,0.0,1,recovered
TXN_002965,CUST_1446,MERCH_10,109.95,EUR,ach,810,insufficient_funds,2,10,0,810,2026-08-16T01:02:18.586355,US,web_browser,False,0.0,1,recovered
TXN_002966,CUST_0387,MERCH_10,30.63,INR,net_banking,18,authentication_failed,3,0,5,84,2026-08-03T11:52:47.769872,GB,mobile_app,False,0.0,2,recovered
TXN_002967,CUST_1018,MERCH_09,29.99,GBP,credit_card,341,insufficient_funds,1,7,0,341,2026-08-14T06:38:30.821531,US,web_browser,True,29.99,0,failed
TXN_002968,CUST_1005,MERCH_06,99.0,GBP,ach,285,authentication_failed,1,14,1,285,2026-08-03T07:33:18.421198,US,api_integration,True,99.0,0,failed
TXN_002969,CUST_1474,MERCH_09,6.08,EUR,wallet,564,insufficient_funds,2,10,1,708,2026-08-02T13:34:28.432306,AU,web_browser,False,0.0,1,failed
TXN_002970,CUST_0390,MERCH_07,41.68,INR,credit_card,465,authentication_failed,2,11,0,788,2026-08-14T08:06:06.740650,CA,api_integration,False,0.0,1,abandoned
TXN_002971,CUST_0950,MERCH_08,9.99,INR,net_banking,326,network_error,1,17,0,326,2026-08-01T08:58:14.227675,DE,web_browser,True,9.99,0,failed
TXN_002972,CUST_0559,MERCH_08,319.85,GBP,credit_card,296,authentication_failed,2,4,0,296,2026-08-22T06:40:50.511242,CA,mobile_app,False,0.0,1,failed
TXN_002973,CUST_0105,MERCH_07,37.02,INR,net_banking,221,insufficient_funds,1,16,2,544,2026-08-04T07:27:45.669739,DE,mobile_app,False,0.0,0,failed
TXN_002974,CUST_0967,MERCH_08,19.99,EUR,wallet,424,authentication_failed,1,13,2,683,2026-08-10T09:24:01.419202,GB,web_browser,True,19.99,0,failed
TXN_002975,CUST_0598,MERCH_06,20.88,USD,upi,453,insufficient_funds,1,20,5,910,2026-08-14T04:47:48.824451,US,mobile_app,False,0.0,0,recovered
TXN_002976,CUST_0772,MERCH_09,148.12,INR,debit_card,554,authentication_failed,3,2,0,644,2026-08-08T22:57:12.240908,GB,web_browser,False,0.0,2,recovered
TXN_002977,CUST_1131,MERCH_05,235.0,USD,upi,22,authentication_failed,1,1,4,22,2026-08-01T00:37:54.096925,US,web_browser,False,0.0,0,failed
TXN_002978,CUST_0720,MERCH_10,9.99,EUR,ach,122,expired_card,1,0,4,688,2026-08-21T09:00:17.735547,GB,api_integration,True,9.99,0,recovered
TXN_002979,CUST_0883,MERCH_07,19.99,EUR,upi,283,authentication_failed,2,0,5,283,2026-08-23T13:11:21.469995,DE,web_browser,True,19.99,1,failed
TXN_002980,CUST_0169,MERCH_09,27.24,GBP,upi,896,authentication_failed,1,0,3,896,2026-07-28T00:15:00.430342,DE,web_browser,False,0.0,0,recovered
TXN_002981,CUST_1377,MERCH_04,91.2,INR,wallet,42,insufficient_funds,3,20,4,969,2026-08-05T03:39:28.321117,IN,web_browser,False,0.0,2,failed
TXN_002982,CUST_0699,MERCH_08,499.0,INR,debit_card,523,insufficient_funds,3,11,2,790,2026-08-23T15:51:38.283878,GB,mobile_app,True,499.0,2,failed
TXN_002983,CUST_0707,MERCH_03,52.65,USD,credit_card,728,authentication_failed,1,19,5,850,2026-08-04T16:17:57.330556,AU,mobile_app,False,0.0,0,recovered
TXN_002984,CUST_0632,MERCH_06,99.0,INR,upi,280,limit_exceeded,4,17,0,280,2026-08-09T22:33:14.748142,US,web_browser,True,99.0,3,abandoned
TXN_002985,CUST_0120,MERCH_10,22.39,USD,net_banking,515,expired_card,1,18,4,515,2026-07-31T01:50:12.666935,CA,api_integration,False,0.0,0,failed
TXN_002986,CUST_1248,MERCH_02,9.99,EUR,credit_card,302,insufficient_funds,1,20,4,302,2026-08-08T07:53:41.894611,US,web_browser,True,9.99,0,recovered
TXN_002987,CUST_0616,MERCH_06,398.58,USD,debit_card,238,expired_card,1,4,2,450,2026-08-18T05:48:27.003122,CA,web_browser,False,0.0,0,recovered
TXN_002988,CUST_1315,MERCH_09,80.3,EUR,net_banking,364,network_error,1,5,4,364,2026-08-07T06:48:36.544181,GB,web_browser,False,0.0,0,recovered
TXN_002989,CUST_0176,MERCH_09,199.0,USD,upi,463,authentication_failed,1,16,4,803,2026-08-05T06:05:44.790982,CA,mobile_app,True,199.0,0,abandoned
TXN_002990,CUST_0968,MERCH_01,33.4,EUR,credit_card,855,invalid_payment_method,2,2,2,855,2026-07-28T21:59:23.881158,GB,web_browser,False,0.0,1,failed
TXN_002991,CUST_0314,MERCH_06,49.99,GBP,ach,513,insufficient_funds,2,11,5,676,2026-07-28T17:28:30.026779,DE,web_browser,True,49.99,1,failed
TXN_002992,CUST_0855,MERCH_05,199.0,EUR,wallet,225,bank_declined,3,18,0,856,2026-08-08T01:59:58.897225,DE,web_browser,True,199.0,2,recovered
TXN_002993,CUST_0977,MERCH_03,99.0,EUR,debit_card,253,insufficient_funds,1,17,1,455,2026-08-02T17:41:10.751647,CA,api_integration,True,99.0,0,abandoned
TXN_002994,CUST_0953,MERCH_01,247.66,INR,net_banking,268,insufficient_funds,2,3,2,448,2026-08-24T17:02:32.626908,AU,mobile_app,False,0.0,1,recovered
TXN_002995,CUST_0489,MERCH_06,29.99,INR,credit_card,89,insufficient_funds,1,11,2,395,2026-07-27T11:25:57.339593,IN,api_integration,True,29.99,0,failed
TXN_002996,CUST_0623,MERCH_02,71.96,EUR,debit_card,361,insufficient_funds,1,0,4,684,2026-07-26T18:48:50.335290,CA,web_browser,False,0.0,0,failed
TXN_002997,CUST_0113,MERCH_06,354.36,USD,net_banking,281,authentication_failed,1,1,4,927,2026-08-19T15:43:26.646975,IN,web_browser,False,0.0,0,failed
TXN_002998,CUST_0247,MERCH_03,36.27,INR,debit_card,217,insufficient_funds,1,5,5,634,2026-08-02T19:35:11.475962,CA,web_browser,False,0.0,0,abandoned
TXN_002999,CUST_0424,MERCH_08,19.99,EUR,wallet,458,insufficient_funds,3,13,1,460,2026-08-16T01:41:52.497781,DE,mobile_app,True,19.99,2,failed
TXN_003000,CUST_1289,MERCH_05,120.64,INR,credit_card,598,expired_card,1,14,2,598,2026-08-16T18:12:29.429315,IN,web_browser,False,0.0,0,failed
TXN_003001,CUST_1101,MERCH_06,329.2,EUR,debit_card,267,insufficient_funds,2,12,3,517,2026-07-29T12:23:18.705784,CA,api_integration,False,0.0,1,recovered
TXN_003002,CUST_0965,MERCH_08,109.39,USD,net_banking,78,bank_declined,1,1,1,78,2026-08-01T12:06:10.926144,CA,api_integration,False,0.0,0,recovered
TXN_003003,CUST_0130,MERCH_06,29.99,USD,wallet,547,insufficient_funds,1,6,4,697,2026-08-05T04:32:36.893125,US,mobile_app,True,29.99,0,failed
TXN_003004,CUST_0915,MERCH_07,121.66,EUR,debit_card,139,insufficient_funds,1,7,3,139,2026-08-06T21:43:01.999714,US,mobile_app,False,0.0,0,failed
TXN_003005,CUST_0824,MERCH_05,341.78,USD,credit_card,369,authentication_failed,1,17,0,369,2026-07-30T00:11:37.661696,AU,web_browser,False,0.0,0,recovered
TXN_003006,CUST_0973,MERCH_01,86.77,INR,debit_card,62,insufficient_funds,1,12,2,62,2026-08-12T12:02:45.461507,GB,web_browser,False,0.0,0,abandoned
TXN_003007,CUST_1230,MERCH_10,19.99,GBP,ach,654,invalid_payment_method,1,10,0,654,2026-07-29T18:01:27.486244,US,mobile_app,True,19.99,0,recovered
TXN_003008,CUST_0790,MERCH_01,25.09,GBP,ach,80,insufficient_funds,3,9,0,80,2026-07-29T02:46:28.187358,US,web_browser,False,0.0,2,recovered
TXN_003009,CUST_0378,MERCH_10,14.97,GBP,upi,363,authentication_failed,1,19,3,658,2026-08-08T21:14:33.758423,US,api_integration,False,0.0,0,abandoned
TXN_003010,CUST_0539,MERCH_07,19.63,USD,wallet,43,expired_card,1,5,0,298,2026-07-26T05:55:48.895588,AU,web_browser,False,0.0,0,failed
TXN_003011,CUST_0269,MERCH_05,99.0,EUR,ach,618,insufficient_funds,4,19,0,618,2026-07-28T09:55:37.253272,AU,web_browser,True,99.0,3,failed
TXN_003012,CUST_0462,MERCH_07,49.99,GBP,wallet,292,insufficient_funds,1,5,5,959,2026-08-15T00:32:25.321773,DE,api_integration,True,49.99,0,failed
TXN_003013,CUST_1194,MERCH_09,33.27,INR,debit_card,121,insufficient_funds,3,14,1,546,2026-08-20T05:34:47.700502,IN,api_integration,False,0.0,2,abandoned
TXN_003014,CUST_1028,MERCH_03,49.34,EUR,net_banking,693,insufficient_funds,1,18,5,874,2026-07-30T10:37:51.428415,GB,web_browser,False,0.0,0,recovered
TXN_003015,CUST_0580,MERCH_02,120.51,INR,ach,275,network_error,1,11,4,275,2026-07-31T09:29:58.177476,GB,web_browser,False,0.0,0,failed
TXN_003016,CUST_0543,MERCH_07,656.31,USD,upi,359,network_error,1,7,3,863,2026-08-13T20:21:52.338377,GB,api_integration,False,0.0,0,recovered
TXN_003017,CUST_0599,MERCH_09,72.15,USD,net_banking,476,insufficient_funds,1,15,5,476,2026-08-02T20:42:27.732885,IN,mobile_app,False,0.0,0,failed
TXN_003018,CUST_1390,MERCH_02,499.0,EUR,ach,3,expired_card,1,18,5,513,2026-08-21T12:18:31.449763,CA,api_integration,True,499.0,0,failed
TXN_003019,CUST_0961,MERCH_05,9.99,INR,upi,32,insufficient_funds,3,9,3,32,2026-07-26T03:31:19.504012,IN,mobile_app,True,9.99,2,recovered
TXN_003020,CUST_0990,MERCH_03,499.0,GBP,net_banking,213,unknown,1,1,5,581,2026-08-16T12:33:47.717419,IN,mobile_app,True,499.0,0,failed
TXN_003021,CUST_0339,MERCH_07,29.99,USD,wallet,108,insufficient_funds,1,17,1,195,2026-08-04T01:58:12.629325,DE,web_browser,True,29.99,0,failed
TXN_003022,CUST_0748,MERCH_08,48.16,USD,credit_card,653,insufficient_funds,1,3,4,682,2026-08-22T14:30:17.330566,GB,web_browser,False,0.0,0,failed
TXN_003023,CUST_1003,MERCH_04,71.5,INR,upi,378,network_error,1,7,2,613,2026-08-17T15:42:03.169311,US,mobile_app,False,0.0,0,recovered
TXN_003024,CUST_1435,MERCH_01,199.0,USD,debit_card,101,insufficient_funds,1,16,3,491,2026-08-02T12:58:20.005988,GB,api_integration,True,199.0,0,failed
TXN_003025,CUST_0443,MERCH_04,327.64,EUR,debit_card,309,expired_card,1,9,0,681,2026-08-22T05:58:33.389911,IN,mobile_app,False,0.0,0,failed
TXN_003026,CUST_1115,MERCH_10,286.64,USD,net_banking,125,expired_card,1,11,1,404,2026-07-28T10:27:00.685076,AU,api_integration,False,0.0,0,failed
TXN_003027,CUST_0610,MERCH_02,535.06,EUR,upi,69,insufficient_funds,1,3,0,69,2026-08-20T02:18:47.115326,GB,web_browser,False,0.0,0,failed
TXN_003028,CUST_1000,MERCH_04,199.0,USD,wallet,759,invalid_payment_method,1,14,0,946,2026-08-03T09:30:47.477232,US,api_integration,True,199.0,0,recovered
TXN_003029,CUST_0939,MERCH_07,63.11,EUR,credit_card,55,limit_exceeded,1,10,5,55,2026-08-24T15:57:12.789139,US,api_integration,False,0.0,0,recovered
TXN_003030,CUST_0285,MERCH_08,326.75,INR,net_banking,107,insufficient_funds,2,0,3,107,2026-08-21T16:57:40.079029,IN,api_integration,False,0.0,1,failed
TXN_003031,CUST_0553,MERCH_02,461.63,GBP,upi,167,authentication_failed,1,20,0,466,2026-08-15T06:38:04.372219,CA,web_browser,False,0.0,0,failed
TXN_003032,CUST_0125,MERCH_01,99.0,USD,ach,325,insufficient_funds,1,20,5,933,2026-08-12T20:23:14.994534,CA,api_integration,True,99.0,0,failed
TXN_003033,CUST_0404,MERCH_05,9.99,USD,credit_card,278,expired_card,2,8,1,278,2026-08-04T23:47:13.215915,GB,web_browser,True,9.99,1,failed
TXN_003034,CUST_0749,MERCH_05,80.57,EUR,debit_card,130,expired_card,1,8,4,150,2026-08-05T11:43:00.910340,AU,mobile_app,False,0.0,0,recovered
TXN_003035,CUST_0262,MERCH_07,50.51,INR,upi,357,insufficient_funds,1,16,4,829,2026-08-06T09:55:04.935833,AU,web_browser,False,0.0,0,recovered
TXN_003036,CUST_0900,MERCH_06,9.99,GBP,upi,264,network_error,1,15,2,435,2026-08-17T19:18:28.703890,DE,web_browser,True,9.99,0,recovered
TXN_003037,CUST_0119,MERCH_07,499.0,USD,debit_card,99,insufficient_funds,3,9,0,99,2026-07-25T20:00:57.038386,AU,api_integration,True,499.0,2,failed
TXN_003038,CUST_0695,MERCH_07,329.16,GBP,wallet,13,insufficient_funds,1,3,5,13,2026-08-04T07:07:19.589627,CA,api_integration,False,0.0,0,failed
TXN_003039,CUST_0757,MERCH_08,75.68,EUR,ach,15,insufficient_funds,1,16,1,15,2026-08-05T19:04:33.406537,GB,web_browser,False,0.0,0,recovered
TXN_003040,CUST_0727,MERCH_08,19.99,GBP,credit_card,671,insufficient_funds,2,7,2,671,2026-08-17T08:31:03.233524,US,api_integration,True,19.99,1,recovered
TXN_003041,CUST_0973,MERCH_09,30.48,USD,upi,682,invalid_payment_method,2,7,0,682,2026-07-29T22:30:27.324767,US,api_integration,False,0.0,1,failed
TXN_003042,CUST_0538,MERCH_08,9.99,USD,ach,336,limit_exceeded,1,3,4,336,2026-08-11T09:12:01.617169,DE,web_browser,True,9.99,0,failed
TXN_003043,CUST_0446,MERCH_10,29.99,EUR,net_banking,359,bank_declined,1,11,0,614,2026-08-09T17:57:53.131589,AU,mobile_app,True,29.99,0,failed
TXN_003044,CUST_0899,MERCH_07,12.64,USD,credit_card,651,invalid_payment_method,1,19,4,651,2026-07-27T14:51:06.018949,DE,web_browser,False,0.0,0,failed
TXN_003045,CUST_0651,MERCH_01,196.51,USD,wallet,182,invalid_payment_method,1,20,3,182,2026-07-29T01:00:38.503378,DE,api_integration,False,0.0,0,recovered
TXN_003046,CUST_1443,MERCH_01,109.66,INR,wallet,684,insufficient_funds,2,3,1,984,2026-08-07T08:06:02.876282,IN,mobile_app,False,0.0,1,failed
TXN_003047,CUST_0529,MERCH_04,19.99,EUR,net_banking,141,insufficient_funds,1,15,3,141,2026-07-30T19:38:56.539683,US,web_browser,True,19.99,0,recovered
TXN_003048,CUST_0458,MERCH_08,23.52,INR,debit_card,286,invalid_payment_method,1,2,1,286,2026-08-09T23:27:17.315852,GB,api_integration,False,0.0,0,recovered
TXN_003049,CUST_1107,MERCH_04,106.02,USD,net_banking,317,insufficient_funds,2,3,5,918,2026-08-17T05:37:21.471524,DE,mobile_app,False,0.0,1,failed
TXN_003050,CUST_1085,MERCH_05,29.99,EUR,wallet,633,authentication_failed,1,14,0,633,2026-08-23T07:11:53.571515,IN,api_integration,True,29.99,0,failed
TXN_003051,CUST_0775,MERCH_04,251.55,INR,net_banking,368,insufficient_funds,2,18,2,368,2026-08-10T01:31:09.198054,GB,api_integration,False,0.0,1,recovered
TXN_003052,CUST_0473,MERCH_08,49.99,USD,debit_card,228,authentication_failed,2,14,1,228,2026-07-26T23:44:36.784343,DE,mobile_app,True,49.99,1,failed
TXN_003053,CUST_0274,MERCH_04,21.42,INR,upi,246,bank_declined,1,20,0,246,2026-08-10T13:14:01.393242,AU,mobile_app,False,0.0,0,failed
TXN_003054,CUST_0464,MERCH_05,554.46,INR,debit_card,729,insufficient_funds,3,16,2,729,2026-08-20T15:06:46.807922,IN,mobile_app,False,0.0,2,failed
TXN_003055,CUST_0168,MERCH_09,235.81,EUR,debit_card,825,authentication_failed,1,10,5,881,2026-08-02T02:36:13.456866,DE,mobile_app,False,0.0,0,abandoned
TXN_003056,CUST_0609,MERCH_08,99.0,USD,net_banking,532,unknown,1,17,3,982,2026-08-21T02:18:01.146559,AU,api_integration,True,99.0,0,recovered
TXN_003057,CUST_0480,MERCH_03,162.26,GBP,wallet,215,authentication_failed,1,19,4,215,2026-08-17T20:33:26.517453,GB,web_browser,False,0.0,0,failed
TXN_003058,CUST_1325,MERCH_09,236.79,INR,wallet,203,network_error,1,17,0,203,2026-08-11T16:24:43.627499,US,mobile_app,False,0.0,0,abandoned
TXN_003059,CUST_0557,MERCH_04,14.47,GBP,credit_card,174,insufficient_funds,2,8,3,174,2026-08-23T21:02:58.722677,US,web_browser,False,0.0,1,failed
TXN_003060,CUST_0576,MERCH_06,162.48,USD,ach,271,authentication_failed,1,4,1,940,2026-08-21T01:59:39.544710,DE,mobile_app,False,0.0,0,failed
TXN_003061,CUST_1256,MERCH_04,737.58,INR,upi,548,insufficient_funds,1,4,5,933,2026-07-26T13:22:58.107474,DE,web_browser,False,0.0,0,failed
TXN_003062,CUST_0825,MERCH_04,15.91,USD,net_banking,329,expired_card,2,9,0,329,2026-08-18T07:43:49.469101,US,web_browser,False,0.0,1,abandoned
TXN_003063,CUST_0941,MERCH_07,338.43,USD,ach,784,insufficient_funds,1,12,1,784,2026-08-01T03:39:28.906809,CA,api_integration,False,0.0,0,failed
TXN_003064,CUST_0291,MERCH_02,65.61,USD,debit_card,251,bank_declined,1,0,4,251,2026-08-19T02:29:06.647266,CA,web_browser,False,0.0,0,failed
TXN_003065,CUST_1375,MERCH_02,6.27,INR,credit_card,647,invalid_payment_method,1,15,4,647,2026-07-31T11:49:56.165673,US,web_browser,False,0.0,0,failed
TXN_003066,CUST_0859,MERCH_09,9.99,EUR,net_banking,187,expired_card,1,3,3,187,2026-08-15T20:33:06.405164,DE,web_browser,True,9.99,0,abandoned
TXN_003067,CUST_1079,MERCH_04,29.99,USD,upi,435,limit_exceeded,3,10,0,787,2026-08-07T13:09:53.923572,AU,mobile_app,True,29.99,2,recovered
TXN_003068,CUST_0887,MERCH_08,156.48,USD,debit_card,919,insufficient_funds,2,14,1,929,2026-08-14T10:42:20.819992,GB,api_integration,False,0.0,1,failed
TXN_003069,CUST_0757,MERCH_01,20.59,GBP,upi,820,authentication_failed,3,13,4,881,2026-08-16T11:35:24.422140,AU,web_browser,False,0.0,2,recovered
TXN_003070,CUST_1203,MERCH_02,93.93,USD,upi,323,insufficient_funds,1,5,0,994,2026-08-05T17:44:54.982103,AU,api_integration,False,0.0,0,abandoned
TXN_003071,CUST_0767,MERCH_07,244.6,INR,credit_card,50,insufficient_funds,2,18,1,50,2026-07-31T20:22:07.840592,US,mobile_app,False,0.0,1,recovered
TXN_003072,CUST_0558,MERCH_05,17.25,USD,upi,552,limit_exceeded,1,11,5,645,2026-08-24T05:44:16.359036,GB,web_browser,False,0.0,0,recovered
TXN_003073,CUST_0835,MERCH_05,49.64,EUR,upi,301,unknown,1,0,0,911,2026-08-12T10:38:42.503829,DE,web_browser,False,0.0,0,failed
TXN_003074,CUST_0888,MERCH_09,29.99,INR,upi,175,bank_declined,1,17,3,360,2026-07-26T00:15:14.762001,CA,web_browser,True,29.99,0,failed
TXN_003075,CUST_0375,MERCH_06,87.24,USD,debit_card,41,insufficient_funds,1,6,4,41,2026-08-22T10:31:59.034766,AU,mobile_app,False,0.0,0,failed
TXN_003076,CUST_0886,MERCH_06,199.0,INR,credit_card,121,bank_declined,1,1,4,692,2026-08-24T03:17:48.621002,GB,mobile_app,True,199.0,0,failed
TXN_003077,CUST_0999,MERCH_02,49.5,GBP,debit_card,824,authentication_failed,1,8,3,973,2026-08-03T03:55:05.806957,US,api_integration,False,0.0,0,recovered
TXN_003078,CUST_0181,MERCH_04,199.0,USD,net_banking,412,insufficient_funds,1,18,3,412,2026-07-26T21:56:00.236524,DE,web_browser,True,199.0,0,failed
TXN_003079,CUST_0699,MERCH_05,140.1,INR,debit_card,622,insufficient_funds,2,20,4,622,2026-08-15T13:32:18.651164,DE,mobile_app,False,0.0,1,failed
TXN_003080,CUST_0280,MERCH_04,155.24,GBP,ach,730,insufficient_funds,1,8,3,956,2026-08-01T09:08:54.665350,AU,web_browser,False,0.0,0,recovered
TXN_003081,CUST_1276,MERCH_02,299.06,EUR,net_banking,932,limit_exceeded,1,9,4,932,2026-07-29T03:26:58.882070,GB,api_integration,False,0.0,0,failed
TXN_003082,CUST_0622,MERCH_07,499.0,USD,ach,297,authentication_failed,2,20,5,297,2026-08-09T23:37:20.084683,CA,mobile_app,True,499.0,1,recovered
TXN_003083,CUST_1079,MERCH_07,157.67,EUR,debit_card,586,network_error,1,13,2,875,2026-08-08T21:07:49.179045,GB,mobile_app,False,0.0,0,failed
TXN_003084,CUST_0818,MERCH_02,20.74,GBP,net_banking,130,authentication_failed,1,3,3,130,2026-08-11T13:37:36.781695,CA,api_integration,False,0.0,0,failed
TXN_003085,CUST_0919,MERCH_01,146.48,INR,credit_card,374,authentication_failed,1,19,1,916,2026-08-21T00:39:17.229244,CA,web_browser,False,0.0,0,recovered
TXN_003086,CUST_1286,MERCH_08,99.0,GBP,ach,327,network_error,1,13,3,327,2026-07-30T10:39:40.124670,IN,api_integration,True,99.0,0,recovered
TXN_003087,CUST_1310,MERCH_07,12.13,USD,upi,489,insufficient_funds,1,8,3,489,2026-08-21T11:35:41.016359,CA,web_browser,False,0.0,0,recovered
TXN_003088,CUST_0213,MERCH_03,834.05,EUR,net_banking,378,bank_declined,1,2,2,378,2026-08-23T17:43:57.567237,GB,mobile_app,False,0.0,0,recovered
TXN_003089,CUST_0858,MERCH_07,41.59,GBP,net_banking,276,insufficient_funds,1,8,5,563,2026-08-03T12:42:32.135998,AU,web_browser,False,0.0,0,recovered
TXN_003090,CUST_0531,MERCH_04,180.6,INR,credit_card,342,unknown,1,0,5,927,2026-08-14T13:40:24.526496,AU,web_browser,False,0.0,0,failed
TXN_003091,CUST_0428,MERCH_08,100.27,USD,ach,399,authentication_failed,1,4,3,399,2026-08-08T03:00:13.883906,DE,api_integration,False,0.0,0,failed
TXN_003092,CUST_0658,MERCH_03,324.8,INR,net_banking,241,unknown,3,12,0,241,2026-08-08T14:31:30.161205,CA,api_integration,False,0.0,2,recovered
TXN_003093,CUST_0727,MERCH_05,33.4,GBP,credit_card,202,limit_exceeded,1,19,2,202,2026-08-10T08:32:18.750896,CA,web_browser,False,0.0,0,failed
TXN_003094,CUST_0558,MERCH_08,311.81,USD,wallet,143,expired_card,1,16,2,143,2026-08-16T04:12:47.072528,US,web_browser,False,0.0,0,failed
TXN_003095,CUST_0495,MERCH_07,65.9,USD,upi,352,network_error,1,15,1,352,2026-08-13T04:01:42.065830,CA,api_integration,False,0.0,0,failed
TXN_003096,CUST_1075,MERCH_09,49.99,INR,ach,55,authentication_failed,2,4,1,55,2026-08-22T21:54:46.850522,GB,api_integration,True,49.99,1,failed
TXN_003097,CUST_1286,MERCH_01,19.99,INR,upi,183,invalid_payment_method,2,15,2,238,2026-07-30T00:02:51.381135,DE,web_browser,True,19.99,1,failed
TXN_003098,CUST_0300,MERCH_09,9.99,INR,wallet,361,bank_declined,1,18,5,361,2026-08-05T11:15:20.698182,GB,web_browser,True,9.99,0,failed
TXN_003099,CUST_0638,MERCH_01,9.99,EUR,wallet,474,unknown,4,17,1,567,2026-08-16T22:02:13.437123,GB,mobile_app,True,9.99,3,failed
TXN_003100,CUST_0268,MERCH_03,499.0,GBP,net_banking,834,insufficient_funds,2,7,4,834,2026-08-13T18:58:18.545110,AU,web_browser,True,499.0,1,failed
TXN_003101,CUST_1423,MERCH_10,30.12,EUR,debit_card,572,authentication_failed,1,9,1,572,2026-07-29T09:35:40.978550,DE,api_integration,False,0.0,0,failed
TXN_003102,CUST_0714,MERCH_07,49.99,USD,ach,564,bank_declined,1,7,2,643,2026-08-02T18:17:04.269113,IN,web_browser,True,49.99,0,failed
TXN_003103,CUST_1072,MERCH_03,241.18,EUR,upi,77,unknown,1,18,1,834,2026-07-27T08:27:27.818850,IN,mobile_app,False,0.0,0,failed
TXN_003104,CUST_0969,MERCH_08,144.83,INR,net_banking,313,insufficient_funds,2,20,5,313,2026-08-04T02:03:34.069627,DE,api_integration,False,0.0,1,failed
TXN_003105,CUST_1044,MERCH_08,329.49,GBP,net_banking,275,bank_declined,3,16,4,853,2026-08-19T16:03:09.314507,IN,api_integration,False,0.0,2,failed
TXN_003106,CUST_1098,MERCH_08,108.33,INR,wallet,54,authentication_failed,1,19,0,54,2026-07-29T15:44:54.044352,CA,api_integration,False,0.0,0,failed
TXN_003107,CUST_0880,MERCH_06,499.0,USD,upi,325,bank_declined,1,3,5,325,2026-08-23T07:21:20.351978,US,web_browser,True,499.0,0,recovered
TXN_003108,CUST_0258,MERCH_01,250.73,USD,debit_card,795,authentication_failed,1,4,4,795,2026-08-17T08:36:02.757715,CA,web_browser,False,0.0,0,recovered
TXN_003109,CUST_0996,MERCH_09,29.99,USD,ach,31,authentication_failed,1,7,2,326,2026-08-18T13:00:48.432491,US,mobile_app,True,29.99,0,failed
TXN_003110,CUST_0333,MERCH_06,58.96,USD,ach,225,expired_card,1,7,0,833,2026-08-03T02:21:22.535808,AU,web_browser,False,0.0,0,recovered
TXN_003111,CUST_0663,MERCH_10,9.99,INR,credit_card,425,limit_exceeded,1,14,2,425,2026-08-17T19:35:53.991123,AU,api_integration,True,9.99,0,failed
TXN_003112,CUST_1011,MERCH_04,40.94,EUR,wallet,46,network_error,1,15,5,675,2026-08-24T15:23:36.753638,IN,web_browser,False,0.0,0,recovered
TXN_003113,CUST_0420,MERCH_02,148.79,INR,wallet,694,insufficient_funds,1,5,5,694,2026-08-12T08:03:52.473341,CA,web_browser,False,0.0,0,abandoned
TXN_003114,CUST_0652,MERCH_10,396.65,USD,upi,88,insufficient_funds,4,20,2,876,2026-08-17T07:50:22.298505,CA,mobile_app,False,0.0,3,abandoned
TXN_003115,CUST_0231,MERCH_09,293.02,USD,ach,54,unknown,1,1,2,348,2026-08-17T12:58:15.246852,US,api_integration,False,0.0,0,failed
TXN_003116,CUST_0771,MERCH_10,83.24,EUR,net_banking,416,network_error,2,4,3,416,2026-08-03T17:33:29.098467,CA,api_integration,False,0.0,1,recovered
TXN_003117,CUST_0995,MERCH_07,499.0,INR,debit_card,154,insufficient_funds,1,16,2,386,2026-07-30T16:39:08.900622,GB,web_browser,True,499.0,0,failed
TXN_003118,CUST_0634,MERCH_01,138.98,EUR,credit_card,113,insufficient_funds,2,16,3,776,2026-08-14T16:31:05.889112,AU,api_integration,False,0.0,1,recovered
TXN_003119,CUST_0426,MERCH_08,22.37,USD,credit_card,808,insufficient_funds,1,17,4,848,2026-07-26T21:08:27.662259,DE,web_browser,False,0.0,0,failed
TXN_003120,CUST_1474,MERCH_06,367.01,USD,upi,504,insufficient_funds,1,5,3,504,2026-08-15T00:43:57.943693,GB,api_integration,False,0.0,0,recovered
TXN_003121,CUST_0693,MERCH_02,359.89,USD,wallet,947,insufficient_funds,1,4,4,997,2026-08-12T16:21:38.233142,DE,mobile_app,False,0.0,0,failed
TXN_003122,CUST_0809,MERCH_01,29.99,GBP,wallet,525,network_error,2,7,3,686,2026-07-29T08:32:58.164931,GB,api_integration,True,29.99,1,abandoned
TXN_003123,CUST_1009,MERCH_01,28.14,GBP,net_banking,120,insufficient_funds,1,18,5,518,2026-07-28T00:12:36.087052,AU,api_integration,False,0.0,0,recovered
TXN_003124,CUST_0260,MERCH_08,6.6,INR,wallet,226,expired_card,1,2,2,226,2026-08-04T15:56:21.714067,AU,api_integration,False,0.0,0,failed
TXN_003125,CUST_1057,MERCH_07,205.45,GBP,net_banking,125,bank_declined,1,10,2,125,2026-08-23T16:18:32.312737,US,mobile_app,False,0.0,0,failed
TXN_003126,CUST_1036,MERCH_06,199.0,EUR,upi,460,bank_declined,3,0,0,921,2026-08-19T10:36:55.484943,GB,web_browser,True,199.0,2,failed
TXN_003127,CUST_0994,MERCH_02,152.18,INR,debit_card,439,invalid_payment_method,1,15,0,444,2026-08-06T16:35:27.895519,DE,mobile_app,False,0.0,0,recovered
TXN_003128,CUST_0713,MERCH_10,29.99,EUR,wallet,155,insufficient_funds,1,20,4,815,2026-07-27T06:06:26.433753,CA,api_integration,True,29.99,0,failed
TXN_003129,CUST_0554,MERCH_04,466.01,USD,upi,56,expired_card,1,8,5,56,2026-08-19T16:41:32.502527,DE,api_integration,False,0.0,0,failed
TXN_003130,CUST_0648,MERCH_05,98.91,INR,ach,753,limit_exceeded,1,12,4,753,2026-08-23T22:25:46.644851,IN,web_browser,False,0.0,0,recovered
TXN_003131,CUST_0929,MERCH_03,99.0,USD,credit_card,15,insufficient_funds,1,3,5,15,2026-08-14T02:00:01.391311,CA,api_integration,True,99.0,0,failed
TXN_003132,CUST_0444,MERCH_01,164.1,USD,upi,232,bank_declined,1,14,0,232,2026-08-14T06:16:19.692770,US,web_browser,False,0.0,0,failed
TXN_003133,CUST_0997,MERCH_07,49.99,INR,net_banking,416,bank_declined,2,4,4,416,2026-07-30T00:37:41.166550,US,mobile_app,True,49.99,1,failed
TXN_003134,CUST_0836,MERCH_04,113.06,USD,net_banking,152,insufficient_funds,1,4,0,634,2026-08-14T00:37:29.684905,DE,web_browser,False,0.0,0,recovered
TXN_003135,CUST_0137,MERCH_10,127.86,INR,ach,573,invalid_payment_method,1,6,5,883,2026-07-30T14:40:19.891916,GB,mobile_app,False,0.0,0,failed
TXN_003136,CUST_0214,MERCH_01,5.67,INR,credit_card,295,expired_card,4,17,2,528,2026-07-30T06:23:18.956699,US,web_browser,False,0.0,3,failed
TXN_003137,CUST_0981,MERCH_01,199.0,GBP,credit_card,2,network_error,2,20,5,425,2026-07-30T05:42:43.750131,CA,web_browser,True,199.0,1,recovered
TXN_003138,CUST_1257,MERCH_04,75.01,EUR,ach,479,network_error,1,9,2,479,2026-07-30T21:43:42.016037,DE,mobile_app,False,0.0,0,failed
TXN_003139,CUST_0218,MERCH_05,7.23,INR,credit_card,25,expired_card,2,16,4,25,2026-08-13T18:19:54.674648,AU,mobile_app,False,0.0,1,failed
TXN_003140,CUST_0756,MERCH_01,99.0,USD,wallet,306,authentication_failed,1,10,3,337,2026-08-09T13:49:24.621558,GB,mobile_app,True,99.0,0,abandoned
TXN_003141,CUST_1092,MERCH_05,49.99,INR,credit_card,334,insufficient_funds,1,5,4,334,2026-08-15T08:54:52.631000,GB,api_integration,True,49.99,0,failed
TXN_003142,CUST_0386,MERCH_09,16.36,GBP,wallet,194,network_error,1,1,0,194,2026-08-22T01:21:12.599401,DE,web_browser,False,0.0,0,failed
TXN_003143,CUST_1477,MERCH_06,199.0,USD,upi,709,expired_card,1,6,4,765,2026-08-16T19:06:36.941653,AU,mobile_app,True,199.0,0,failed
TXN_003144,CUST_0692,MERCH_02,9.99,EUR,credit_card,265,invalid_payment_method,3,0,3,265,2026-08-02T18:22:55.006975,GB,web_browser,True,9.99,2,abandoned
TXN_003145,CUST_1288,MERCH_10,19.99,EUR,net_banking,417,network_error,1,4,3,417,2026-08-13T08:00:15.723150,IN,api_integration,True,19.99,0,recovered
TXN_003146,CUST_1053,MERCH_10,9.99,USD,upi,183,authentication_failed,3,4,5,379,2026-08-13T13:11:16.167223,CA,mobile_app,True,9.99,2,recovered
TXN_003147,CUST_0942,MERCH_01,17.66,EUR,wallet,211,insufficient_funds,1,3,1,489,2026-08-22T05:11:06.560952,US,api_integration,False,0.0,0,failed
TXN_003148,CUST_0554,MERCH_07,134.63,EUR,ach,213,network_error,1,13,2,213,2026-08-18T23:08:26.268911,GB,api_integration,False,0.0,0,recovered
TXN_003149,CUST_1320,MERCH_05,461.5,EUR,net_banking,33,authentication_failed,1,3,2,33,2026-08-21T13:07:15.810109,AU,mobile_app,False,0.0,0,failed
TXN_003150,CUST_1437,MERCH_02,94.06,INR,credit_card,234,authentication_failed,1,15,3,800,2026-08-23T10:06:39.094416,GB,mobile_app,False,0.0,0,recovered
TXN_003151,CUST_0530,MERCH_04,199.0,USD,wallet,107,authentication_failed,1,20,1,107,2026-08-20T10:58:46.029909,AU,api_integration,True,199.0,0,failed
TXN_003152,CUST_1449,MERCH_03,7.44,EUR,net_banking,794,insufficient_funds,1,9,1,794,2026-08-13T10:15:52.921802,US,web_browser,False,0.0,0,failed
TXN_003153,CUST_1435,MERCH_03,11.57,USD,upi,519,insufficient_funds,1,10,3,752,2026-08-18T17:41:05.635665,IN,web_browser,False,0.0,0,abandoned
TXN_003154,CUST_0496,MERCH_09,499.0,USD,wallet,195,authentication_failed,3,16,1,207,2026-08-11T00:03:13.546391,DE,api_integration,True,499.0,2,failed
TXN_003155,CUST_0447,MERCH_05,108.97,GBP,debit_card,102,authentication_failed,2,14,2,102,2026-08-21T16:23:48.510697,CA,web_browser,False,0.0,1,failed
TXN_003156,CUST_1180,MERCH_03,162.01,GBP,wallet,588,insufficient_funds,1,13,4,971,2026-08-01T13:32:39.146721,AU,api_integration,False,0.0,0,failed
TXN_003157,CUST_0229,MERCH_03,138.01,USD,net_banking,176,insufficient_funds,2,5,2,176,2026-08-09T16:57:49.975380,DE,mobile_app,False,0.0,1,failed
TXN_003158,CUST_1487,MERCH_08,26.61,INR,credit_card,625,authentication_failed,2,3,5,626,2026-08-11T12:40:20.675139,US,api_integration,False,0.0,1,abandoned
TXN_003159,CUST_0227,MERCH_09,29.99,GBP,wallet,560,authentication_failed,3,0,4,560,2026-08-17T01:24:46.008798,DE,mobile_app,True,29.99,2,recovered
TXN_003160,CUST_0656,MERCH_09,19.99,GBP,credit_card,387,insufficient_funds,2,10,4,387,2026-08-05T18:47:08.772243,IN,mobile_app,True,19.99,1,abandoned
TXN_003161,CUST_0543,MERCH_02,826.79,GBP,ach,433,bank_declined,2,13,5,433,2026-08-15T04:59:47.230337,AU,web_browser,False,0.0,1,failed
TXN_003162,CUST_0555,MERCH_01,108.58,INR,net_banking,178,authentication_failed,3,6,3,537,2026-08-14T18:44:12.089907,US,mobile_app,False,0.0,2,recovered
TXN_003163,CUST_0956,MERCH_09,107.92,INR,ach,806,insufficient_funds,1,2,2,806,2026-08-05T17:12:01.700480,AU,web_browser,False,0.0,0,failed
TXN_003164,CUST_0510,MERCH_02,261.02,EUR,ach,347,unknown,1,3,3,685,2026-08-10T09:35:54.234165,GB,mobile_app,False,0.0,0,failed
TXN_003165,CUST_0502,MERCH_02,564.66,GBP,debit_card,40,insufficient_funds,1,7,5,827,2026-08-10T11:40:20.901766,US,api_integration,False,0.0,0,recovered
TXN_003166,CUST_0732,MERCH_01,115.36,GBP,net_banking,14,bank_declined,2,12,2,919,2026-08-11T08:14:29.050419,IN,mobile_app,False,0.0,1,failed
TXN_003167,CUST_1328,MERCH_10,104.77,INR,upi,129,bank_declined,1,13,2,647,2026-07-30T04:40:14.124055,GB,api_integration,False,0.0,0,failed
TXN_003168,CUST_0964,MERCH_07,33.77,EUR,credit_card,166,insufficient_funds,1,19,0,475,2026-08-10T15:34:11.191376,CA,api_integration,False,0.0,0,recovered
TXN_003169,CUST_0148,MERCH_02,682.25,INR,debit_card,168,insufficient_funds,2,7,4,168,2026-08-08T02:26:11.105063,DE,mobile_app,False,0.0,1,abandoned
TXN_003170,CUST_0515,MERCH_09,213.32,GBP,debit_card,367,authentication_failed,3,4,1,367,2026-08-09T18:49:35.608657,DE,web_browser,False,0.0,2,failed
TXN_003171,CUST_0982,MERCH_02,19.99,GBP,ach,276,expired_card,1,11,3,276,2026-08-15T10:46:12.618417,US,api_integration,True,19.99,0,failed
TXN_003172,CUST_0725,MERCH_10,49.99,INR,net_banking,5,insufficient_funds,1,7,5,375,2026-08-02T22:08:52.242016,CA,web_browser,True,49.99,0,failed
TXN_003173,CUST_0899,MERCH_01,245.95,GBP,net_banking,581,insufficient_funds,3,19,0,581,2026-08-06T21:30:03.975438,GB,api_integration,False,0.0,2,failed
TXN_003174,CUST_1314,MERCH_06,67.29,GBP,debit_card,56,insufficient_funds,1,7,0,56,2026-08-16T18:00:24.788034,AU,api_integration,False,0.0,0,failed
TXN_003175,CUST_1105,MERCH_05,181.1,GBP,ach,186,network_error,2,0,5,323,2026-08-04T20:36:14.042479,IN,mobile_app,False,0.0,1,failed
TXN_003176,CUST_1122,MERCH_04,9.99,GBP,credit_card,793,expired_card,3,12,2,841,2026-08-21T15:11:27.622828,AU,api_integration,True,9.99,2,failed
TXN_003177,CUST_1490,MERCH_07,499.0,USD,credit_card,219,insufficient_funds,3,15,0,219,2026-08-20T09:47:36.219471,CA,web_browser,True,499.0,2,failed
TXN_003178,CUST_0460,MERCH_03,771.1,EUR,debit_card,318,limit_exceeded,1,8,1,318,2026-08-04T16:05:55.864497,CA,api_integration,False,0.0,0,failed
TXN_003179,CUST_0829,MERCH_01,547.65,EUR,ach,270,insufficient_funds,1,15,5,871,2026-08-24T08:47:01.688415,DE,web_browser,False,0.0,0,abandoned
TXN_003180,CUST_0493,MERCH_09,196.58,INR,credit_card,575,insufficient_funds,1,19,5,922,2026-07-27T20:32:57.663568,GB,api_integration,False,0.0,0,failed
TXN_003181,CUST_0242,MERCH_06,31.81,USD,net_banking,804,network_error,3,16,5,804,2026-08-23T07:41:17.008903,GB,api_integration,False,0.0,2,recovered
TXN_003182,CUST_0573,MERCH_01,47.37,EUR,debit_card,507,invalid_payment_method,1,4,4,983,2026-08-05T12:19:51.886835,IN,api_integration,False,0.0,0,failed
TXN_003183,CUST_0397,MERCH_10,60.46,USD,upi,941,bank_declined,3,16,3,972,2026-08-02T20:54:45.130974,CA,web_browser,False,0.0,2,recovered
TXN_003184,CUST_0365,MERCH_05,156.78,INR,ach,154,expired_card,2,8,4,493,2026-07-31T15:37:59.666198,GB,mobile_app,False,0.0,1,recovered
TXN_003185,CUST_1252,MERCH_01,94.86,INR,wallet,33,limit_exceeded,1,2,0,33,2026-08-16T01:35:32.037549,DE,mobile_app,False,0.0,0,failed
TXN_003186,CUST_1285,MERCH_10,9.99,GBP,credit_card,125,expired_card,1,8,1,125,2026-08-09T15:16:45.442466,IN,web_browser,True,9.99,0,failed
TXN_003187,CUST_1156,MERCH_10,9.99,EUR,debit_card,578,insufficient_funds,1,11,3,578,2026-07-30T08:34:14.120006,GB,api_integration,True,9.99,0,failed
TXN_003188,CUST_0818,MERCH_07,492.63,USD,wallet,210,bank_declined,1,7,2,210,2026-07-29T17:46:42.322335,US,web_browser,False,0.0,0,failed
TXN_003189,CUST_1435,MERCH_04,199.0,EUR,upi,300,insufficient_funds,1,10,4,665,2026-08-08T14:50:04.192936,DE,mobile_app,True,199.0,0,abandoned
TXN_003190,CUST_1067,MERCH_04,200.42,INR,credit_card,76,insufficient_funds,1,16,1,76,2026-08-13T00:14:49.088889,AU,api_integration,False,0.0,0,failed
TXN_003191,CUST_0261,MERCH_06,50.69,GBP,credit_card,223,expired_card,2,17,4,598,2026-08-11T03:24:42.065522,GB,mobile_app,False,0.0,1,recovered
TXN_003192,CUST_1009,MERCH_01,74.55,GBP,debit_card,412,authentication_failed,1,0,5,412,2026-08-19T05:56:54.183926,GB,api_integration,False,0.0,0,recovered
TXN_003193,CUST_1445,MERCH_04,49.99,GBP,credit_card,788,insufficient_funds,1,4,0,981,2026-08-17T03:40:34.588030,CA,api_integration,True,49.99,0,failed
TXN_003194,CUST_1372,MERCH_04,144.05,GBP,debit_card,167,authentication_failed,2,15,5,337,2026-08-06T04:55:31.941465,CA,api_integration,False,0.0,1,recovered
TXN_003195,CUST_0322,MERCH_09,72.4,INR,wallet,230,insufficient_funds,4,18,4,690,2026-08-11T05:49:38.380978,IN,web_browser,False,0.0,3,abandoned
TXN_003196,CUST_0400,MERCH_10,9.99,EUR,net_banking,324,expired_card,2,11,0,324,2026-08-10T08:44:05.500782,DE,api_integration,True,9.99,1,failed
TXN_003197,CUST_1111,MERCH_02,159.41,USD,ach,73,bank_declined,1,6,1,73,2026-08-01T14:14:36.695852,IN,api_integration,False,0.0,0,failed
TXN_003198,CUST_0711,MERCH_08,345.58,INR,credit_card,98,limit_exceeded,3,19,3,768,2026-08-05T21:37:55.637710,US,mobile_app,False,0.0,2,failed
TXN_003199,CUST_0188,MERCH_03,117.73,GBP,credit_card,366,insufficient_funds,2,19,4,366,2026-07-28T08:36:20.625081,US,web_browser,False,0.0,1,failed
TXN_003200,CUST_0347,MERCH_03,43.68,INR,net_banking,432,limit_exceeded,1,1,5,805,2026-08-24T17:28:41.935050,CA,api_integration,False,0.0,0,recovered
TXN_003201,CUST_0526,MERCH_03,126.89,GBP,debit_card,892,authentication_failed,4,5,5,892,2026-08-04T13:10:56.485687,IN,web_browser,False,0.0,3,abandoned
TXN_003202,CUST_1155,MERCH_10,62.25,USD,net_banking,267,insufficient_funds,2,11,1,685,2026-08-10T01:18:03.783070,GB,web_browser,False,0.0,1,failed
TXN_003203,CUST_1334,MERCH_04,20.31,GBP,ach,624,network_error,1,9,2,670,2026-08-21T08:40:22.214530,GB,web_browser,False,0.0,0,recovered
TXN_003204,CUST_1489,MERCH_10,77.76,GBP,ach,7,authentication_failed,4,6,4,285,2026-08-01T19:23:19.294311,US,web_browser,False,0.0,3,failed
TXN_003205,CUST_1022,MERCH_04,156.66,EUR,credit_card,61,authentication_failed,1,0,5,456,2026-08-08T13:34:00.566157,AU,mobile_app,False,0.0,0,failed
TXN_003206,CUST_0162,MERCH_04,199.0,EUR,net_banking,20,authentication_failed,1,14,1,20,2026-08-16T11:29:12.130540,CA,mobile_app,True,199.0,0,failed
TXN_003207,CUST_1368,MERCH_07,200.4,USD,credit_card,341,bank_declined,1,0,0,738,2026-08-16T15:35:56.141500,US,mobile_app,False,0.0,0,failed
TXN_003208,CUST_0903,MERCH_06,95.66,EUR,ach,430,bank_declined,1,14,2,430,2026-07-27T23:20:20.300389,CA,mobile_app,False,0.0,0,recovered
TXN_003209,CUST_0385,MERCH_10,102.11,INR,debit_card,3,unknown,1,2,0,346,2026-08-24T04:21:54.004738,IN,mobile_app,False,0.0,0,failed
TXN_003210,CUST_1353,MERCH_05,219.54,GBP,upi,497,insufficient_funds,1,9,5,497,2026-08-21T21:10:23.994601,IN,web_browser,False,0.0,0,failed
TXN_003211,CUST_0550,MERCH_01,39.19,GBP,debit_card,557,limit_exceeded,1,9,1,557,2026-08-08T23:15:03.292158,DE,mobile_app,False,0.0,0,failed
TXN_003212,CUST_0227,MERCH_10,76.18,USD,debit_card,115,expired_card,2,1,3,115,2026-08-21T03:50:17.985608,CA,web_browser,False,0.0,1,failed
TXN_003213,CUST_0218,MERCH_06,14.06,GBP,ach,588,insufficient_funds,1,14,5,861,2026-08-11T12:31:43.987365,IN,mobile_app,False,0.0,0,recovered
TXN_003214,CUST_1317,MERCH_10,84.76,USD,debit_card,50,insufficient_funds,1,19,3,690,2026-08-12T04:59:45.227750,IN,api_integration,False,0.0,0,failed
TXN_003215,CUST_1147,MERCH_04,99.0,INR,upi,319,bank_declined,2,15,4,530,2026-08-07T22:03:15.930991,IN,web_browser,True,99.0,1,failed
TXN_003216,CUST_0813,MERCH_10,647.57,INR,credit_card,182,bank_declined,1,17,5,442,2026-08-09T17:56:32.127083,US,api_integration,False,0.0,0,failed
TXN_003217,CUST_1001,MERCH_02,49.63,INR,net_banking,17,network_error,2,18,2,17,2026-08-01T23:34:40.776048,CA,mobile_app,False,0.0,1,failed
TXN_003218,CUST_1447,MERCH_02,499.0,INR,upi,535,insufficient_funds,1,14,5,535,2026-08-20T00:45:12.039446,CA,web_browser,True,499.0,0,failed
TXN_003219,CUST_1347,MERCH_02,46.16,INR,ach,286,insufficient_funds,2,10,0,582,2026-07-31T12:11:54.903632,US,web_browser,False,0.0,1,failed
TXN_003220,CUST_1267,MERCH_07,45.34,USD,ach,121,unknown,2,2,1,121,2026-08-13T21:01:53.778944,IN,web_browser,False,0.0,1,recovered
TXN_003221,CUST_1288,MERCH_01,29.99,EUR,ach,312,limit_exceeded,2,19,0,312,2026-08-16T23:04:46.751757,DE,mobile_app,True,29.99,1,failed
TXN_003222,CUST_0772,MERCH_02,219.43,USD,wallet,574,authentication_failed,3,4,3,574,2026-08-03T17:10:09.261624,AU,mobile_app,False,0.0,2,abandoned
TXN_003223,CUST_0988,MERCH_09,13.38,EUR,upi,52,authentication_failed,1,13,5,52,2026-08-22T15:12:57.843664,US,web_browser,False,0.0,0,abandoned
TXN_003224,CUST_1408,MERCH_07,78.83,GBP,credit_card,156,insufficient_funds,1,14,5,156,2026-08-24T18:04:53.197703,DE,mobile_app,False,0.0,0,failed
TXN_003225,CUST_0801,MERCH_09,582.06,EUR,ach,12,authentication_failed,1,8,5,12,2026-08-03T11:08:48.440452,CA,mobile_app,False,0.0,0,failed
TXN_003226,CUST_0683,MERCH_01,19.99,EUR,wallet,67,insufficient_funds,2,2,2,67,2026-08-22T00:59:55.050128,DE,api_integration,True,19.99,1,recovered
TXN_003227,CUST_0991,MERCH_03,199.0,EUR,wallet,480,insufficient_funds,1,9,5,953,2026-08-21T19:06:44.449484,GB,api_integration,True,199.0,0,recovered
TXN_003228,CUST_0533,MERCH_03,16.74,INR,debit_card,140,authentication_failed,3,2,0,140,2026-08-18T10:41:29.057545,CA,web_browser,False,0.0,2,failed
TXN_003229,CUST_1069,MERCH_01,64.48,EUR,upi,177,insufficient_funds,1,5,3,519,2026-08-14T00:01:55.596876,IN,api_integration,False,0.0,0,recovered
TXN_003230,CUST_0669,MERCH_05,237.56,GBP,wallet,5,insufficient_funds,1,16,5,5,2026-08-14T15:32:17.522098,GB,mobile_app,False,0.0,0,recovered
TXN_003231,CUST_1476,MERCH_06,19.99,EUR,credit_card,826,authentication_failed,1,11,2,826,2026-08-18T16:04:06.896846,DE,mobile_app,True,19.99,0,abandoned
TXN_003232,CUST_1348,MERCH_08,9.99,INR,upi,154,expired_card,4,5,2,154,2026-08-20T09:31:01.042964,AU,mobile_app,True,9.99,3,failed
TXN_003233,CUST_0296,MERCH_04,69.49,INR,upi,334,bank_declined,1,18,3,334,2026-08-10T02:08:30.444578,US,mobile_app,False,0.0,0,failed
TXN_003234,CUST_0960,MERCH_05,64.11,USD,net_banking,313,insufficient_funds,2,16,0,915,2026-07-29T01:06:47.894964,AU,api_integration,False,0.0,1,failed
TXN_003235,CUST_0426,MERCH_09,36.09,USD,net_banking,185,bank_declined,1,16,3,767,2026-08-02T08:10:31.304159,IN,api_integration,False,0.0,0,recovered
TXN_003236,CUST_1410,MERCH_06,459.69,INR,net_banking,62,bank_declined,1,12,0,537,2026-07-31T00:33:06.203002,IN,mobile_app,False,0.0,0,failed
TXN_003237,CUST_1460,MERCH_02,763.12,USD,debit_card,87,expired_card,1,0,0,87,2026-07-27T13:58:29.041870,GB,mobile_app,False,0.0,0,failed
TXN_003238,CUST_0684,MERCH_08,393.29,GBP,wallet,692,bank_declined,1,17,4,714,2026-08-22T02:52:50.621828,DE,api_integration,False,0.0,0,recovered
TXN_003239,CUST_1067,MERCH_01,9.73,USD,debit_card,189,network_error,1,10,1,519,2026-08-02T15:46:15.914206,AU,mobile_app,False,0.0,0,failed
TXN_003240,CUST_1440,MERCH_04,309.75,GBP,upi,705,expired_card,1,10,3,705,2026-08-05T11:02:31.519303,GB,web_browser,False,0.0,0,failed
TXN_003241,CUST_0333,MERCH_03,64.56,GBP,upi,13,expired_card,4,5,1,13,2026-08-01T06:25:23.461952,AU,web_browser,False,0.0,3,failed
TXN_003242,CUST_0369,MERCH_10,179.34,USD,ach,59,expired_card,1,6,4,59,2026-07-27T12:52:39.863129,CA,api_integration,False,0.0,0,recovered
TXN_003243,CUST_1313,MERCH_04,142.0,INR,credit_card,674,insufficient_funds,1,1,3,674,2026-08-20T06:05:36.693348,CA,mobile_app,False,0.0,0,failed
TXN_003244,CUST_1292,MERCH_09,76.15,USD,debit_card,383,insufficient_funds,2,5,3,520,2026-08-21T15:19:07.670767,CA,api_integration,False,0.0,1,recovered
TXN_003245,CUST_0490,MERCH_01,75.89,EUR,credit_card,181,insufficient_funds,1,20,3,935,2026-08-07T09:02:05.364027,IN,mobile_app,False,0.0,0,failed
TXN_003246,CUST_0753,MERCH_03,117.84,GBP,credit_card,966,authentication_failed,1,0,5,990,2026-08-01T21:54:55.984481,DE,mobile_app,False,0.0,0,failed
TXN_003247,CUST_0287,MERCH_01,20.71,USD,wallet,410,authentication_failed,1,5,1,721,2026-08-12T09:27:20.736671,AU,web_browser,False,0.0,0,recovered
TXN_003248,CUST_1243,MERCH_09,50.38,GBP,net_banking,138,bank_declined,1,6,3,138,2026-08-11T20:49:49.561638,CA,mobile_app,False,0.0,0,failed
TXN_003249,CUST_1244,MERCH_04,199.0,USD,wallet,312,authentication_failed,1,16,0,821,2026-08-03T20:41:34.018803,CA,api_integration,True,199.0,0,recovered
TXN_003250,CUST_1099,MERCH_06,112.8,GBP,upi,125,network_error,1,5,0,569,2026-08-22T20:11:21.144128,CA,mobile_app,False,0.0,0,abandoned
TXN_003251,CUST_1325,MERCH_02,465.78,GBP,credit_card,164,limit_exceeded,1,3,0,164,2026-08-11T14:11:04.692270,IN,mobile_app,False,0.0,0,recovered
TXN_003252,CUST_0368,MERCH_04,19.99,INR,net_banking,459,insufficient_funds,2,16,0,459,2026-08-03T17:13:16.742233,GB,api_integration,True,19.99,1,failed
TXN_003253,CUST_1215,MERCH_09,499.0,USD,net_banking,171,insufficient_funds,1,10,4,832,2026-07-30T02:30:41.950270,GB,mobile_app,True,499.0,0,failed
TXN_003254,CUST_1028,MERCH_03,19.05,USD,net_banking,353,limit_exceeded,1,3,0,589,2026-08-24T06:05:57.696325,DE,api_integration,False,0.0,0,abandoned
TXN_003255,CUST_0470,MERCH_06,19.99,GBP,credit_card,160,expired_card,1,20,1,160,2026-08-18T08:28:33.800186,IN,mobile_app,True,19.99,0,failed
TXN_003256,CUST_1258,MERCH_09,499.0,INR,net_banking,887,authentication_failed,2,0,0,887,2026-08-13T04:31:08.078149,US,web_browser,True,499.0,1,failed
TXN_003257,CUST_1114,MERCH_03,30.57,INR,ach,50,authentication_failed,2,9,2,50,2026-08-24T14:18:27.807412,AU,web_browser,False,0.0,1,abandoned
TXN_003258,CUST_0568,MERCH_04,29.99,EUR,net_banking,192,insufficient_funds,1,12,5,192,2026-08-23T17:48:52.386774,US,web_browser,True,29.99,0,abandoned
TXN_003259,CUST_0600,MERCH_01,169.29,INR,credit_card,212,network_error,2,10,0,212,2026-08-12T22:33:02.679777,DE,mobile_app,False,0.0,1,failed
TXN_003260,CUST_0700,MERCH_01,60.53,USD,debit_card,581,authentication_failed,2,6,2,581,2026-08-17T15:32:11.054411,CA,mobile_app,False,0.0,1,failed
TXN_003261,CUST_1453,MERCH_09,103.24,EUR,credit_card,328,insufficient_funds,3,19,0,603,2026-08-24T11:05:40.586781,CA,mobile_app,False,0.0,2,failed
TXN_003262,CUST_1496,MERCH_07,72.08,USD,debit_card,247,insufficient_funds,1,9,3,532,2026-08-13T22:22:01.931815,DE,web_browser,False,0.0,0,failed
TXN_003263,CUST_1396,MERCH_06,112.27,USD,ach,761,bank_declined,1,9,3,881,2026-08-21T21:10:16.528413,DE,mobile_app,False,0.0,0,failed
TXN_003264,CUST_0387,MERCH_04,9.99,USD,wallet,535,insufficient_funds,1,11,0,615,2026-08-12T15:14:07.056838,US,web_browser,True,9.99,0,recovered
TXN_003265,CUST_0814,MERCH_01,526.24,USD,upi,400,insufficient_funds,3,18,1,400,2026-08-14T04:25:00.711471,CA,mobile_app,False,0.0,2,failed
TXN_003266,CUST_0901,MERCH_03,28.56,GBP,debit_card,291,authentication_failed,4,16,5,969,2026-08-14T10:34:00.615577,US,mobile_app,False,0.0,3,abandoned
TXN_003267,CUST_0107,MERCH_05,585.05,EUR,credit_card,393,insufficient_funds,2,0,1,393,2026-08-10T04:15:43.338230,GB,web_browser,False,0.0,1,failed
TXN_003268,CUST_0392,MERCH_08,199.0,EUR,credit_card,224,limit_exceeded,1,14,2,346,2026-08-07T09:36:44.909676,DE,mobile_app,True,199.0,0,failed
TXN_003269,CUST_0201,MERCH_03,149.04,EUR,debit_card,359,insufficient_funds,1,13,5,597,2026-08-15T08:37:32.207581,CA,api_integration,False,0.0,0,failed
TXN_003270,CUST_0384,MERCH_10,39.06,USD,upi,26,authentication_failed,1,1,4,26,2026-08-15T02:40:28.747959,AU,web_browser,False,0.0,0,failed
TXN_003271,CUST_1461,MERCH_05,11.31,INR,debit_card,303,network_error,1,13,0,451,2026-08-11T23:27:07.230899,GB,mobile_app,False,0.0,0,failed
TXN_003272,CUST_0787,MERCH_06,199.0,USD,wallet,96,bank_declined,1,6,2,761,2026-08-19T05:04:45.547218,GB,web_browser,True,199.0,0,failed
TXN_003273,CUST_0241,MERCH_08,51.37,INR,wallet,460,insufficient_funds,1,12,1,460,2026-08-16T18:26:29.806322,US,web_browser,False,0.0,0,recovered
TXN_003274,CUST_0484,MERCH_10,19.99,INR,wallet,416,bank_declined,1,19,5,416,2026-08-01T23:45:44.875918,CA,api_integration,True,19.99,0,failed
TXN_003275,CUST_1453,MERCH_06,461.18,GBP,net_banking,292,insufficient_funds,1,1,3,292,2026-07-27T13:01:54.450576,GB,web_browser,False,0.0,0,failed
TXN_003276,CUST_1236,MERCH_06,32.87,EUR,debit_card,362,limit_exceeded,1,17,2,944,2026-08-05T08:26:27.871289,DE,api_integration,False,0.0,0,recovered
TXN_003277,CUST_1256,MERCH_03,99.81,EUR,ach,175,insufficient_funds,1,18,4,906,2026-08-20T11:38:33.862519,GB,mobile_app,False,0.0,0,failed
TXN_003278,CUST_0613,MERCH_04,174.14,GBP,upi,12,insufficient_funds,1,10,1,12,2026-07-29T17:52:51.837956,DE,mobile_app,False,0.0,0,abandoned
TXN_003279,CUST_1199,MERCH_02,240.28,USD,upi,543,authentication_failed,1,11,1,543,2026-07-25T19:50:35.494718,IN,mobile_app,False,0.0,0,recovered
TXN_003280,CUST_0986,MERCH_08,9.99,USD,ach,55,bank_declined,1,17,1,832,2026-08-16T03:04:25.765545,CA,api_integration,True,9.99,0,abandoned
TXN_003281,CUST_1072,MERCH_08,139.65,GBP,credit_card,663,bank_declined,1,2,4,886,2026-08-24T10:20:50.468028,DE,web_browser,False,0.0,0,failed
TXN_003282,CUST_0171,MERCH_10,579.36,USD,upi,724,insufficient_funds,1,9,2,959,2026-08-07T01:57:36.932580,IN,api_integration,False,0.0,0,recovered
TXN_003283,CUST_1031,MERCH_07,39.84,GBP,net_banking,709,authentication_failed,3,7,0,791,2026-07-31T18:51:44.033315,CA,api_integration,False,0.0,2,failed
TXN_003284,CUST_0744,MERCH_10,152.1,EUR,debit_card,233,authentication_failed,1,5,5,419,2026-08-19T18:58:50.931529,CA,mobile_app,False,0.0,0,failed
TXN_003285,CUST_0490,MERCH_10,99.0,EUR,credit_card,416,bank_declined,2,1,2,419,2026-07-26T13:07:41.391393,AU,mobile_app,True,99.0,1,recovered
TXN_003286,CUST_0731,MERCH_04,49.99,USD,ach,154,expired_card,1,20,1,154,2026-08-13T06:34:54.294589,AU,api_integration,True,49.99,0,failed
TXN_003287,CUST_0983,MERCH_01,254.39,INR,net_banking,483,authentication_failed,1,18,0,483,2026-08-19T05:31:42.553281,AU,mobile_app,False,0.0,0,recovered
TXN_003288,CUST_1004,MERCH_05,167.52,USD,debit_card,69,expired_card,4,17,0,69,2026-08-19T00:42:37.379339,GB,api_integration,False,0.0,3,abandoned
TXN_003289,CUST_1086,MERCH_02,212.71,INR,credit_card,112,insufficient_funds,4,3,0,112,2026-08-13T08:40:05.444843,CA,mobile_app,False,0.0,3,abandoned
TXN_003290,CUST_0622,MERCH_08,103.52,EUR,net_banking,320,network_error,1,7,5,353,2026-08-15T02:30:55.073365,GB,web_browser,False,0.0,0,recovered
TXN_003291,CUST_0497,MERCH_02,20.42,USD,credit_card,181,expired_card,1,17,2,607,2026-08-05T16:51:06.415101,DE,api_integration,False,0.0,0,failed
TXN_003292,CUST_1170,MERCH_10,42.96,USD,net_banking,561,insufficient_funds,1,3,2,561,2026-07-25T22:54:03.585871,GB,web_browser,False,0.0,0,failed
TXN_003293,CUST_0120,MERCH_09,521.2,EUR,upi,521,limit_exceeded,1,8,0,521,2026-08-04T16:26:35.850336,CA,api_integration,False,0.0,0,recovered
TXN_003294,CUST_0478,MERCH_09,233.32,GBP,debit_card,269,expired_card,1,14,1,269,2026-07-31T11:16:25.882370,CA,mobile_app,False,0.0,0,abandoned
TXN_003295,CUST_0260,MERCH_05,37.56,USD,upi,463,insufficient_funds,1,2,1,463,2026-08-02T16:06:28.220482,GB,mobile_app,False,0.0,0,failed
TXN_003296,CUST_1431,MERCH_04,499.0,GBP,net_banking,236,limit_exceeded,1,16,5,236,2026-08-12T18:12:21.980710,GB,api_integration,True,499.0,0,recovered
TXN_003297,CUST_0478,MERCH_08,99.0,INR,ach,99,bank_declined,1,13,4,830,2026-08-02T23:21:40.540475,IN,api_integration,True,99.0,0,failed
TXN_003298,CUST_1098,MERCH_09,99.0,USD,debit_card,594,insufficient_funds,1,11,1,675,2026-08-08T18:23:46.182985,US,mobile_app,True,99.0,0,recovered
TXN_003299,CUST_0914,MERCH_08,49.99,GBP,net_banking,319,insufficient_funds,1,7,1,516,2026-08-02T00:55:28.381137,US,mobile_app,True,49.99,0,recovered
TXN_003300,CUST_1146,MERCH_08,141.64,EUR,ach,708,insufficient_funds,2,5,3,936,2026-08-22T16:24:38.410904,US,mobile_app,False,0.0,1,failed
TXN_003301,CUST_1303,MERCH_02,103.31,EUR,ach,250,insufficient_funds,1,16,4,686,2026-08-06T18:18:02.750379,DE,mobile_app,False,0.0,0,recovered
TXN_003302,CUST_0218,MERCH_09,499.0,EUR,debit_card,530,insufficient_funds,1,14,5,978,2026-08-14T08:41:54.521559,CA,api_integration,True,499.0,0,failed
TXN_003303,CUST_1157,MERCH_03,499.0,USD,upi,308,insufficient_funds,2,14,1,648,2026-07-30T00:30:44.023956,CA,api_integration,True,499.0,1,failed
TXN_003304,CUST_0426,MERCH_04,499.0,USD,upi,31,bank_declined,2,15,4,31,2026-08-10T01:52:01.776845,AU,mobile_app,True,499.0,1,failed
TXN_003305,CUST_0408,MERCH_09,29.99,GBP,upi,39,insufficient_funds,1,3,1,39,2026-08-16T06:20:34.282435,DE,web_browser,True,29.99,0,failed
TXN_003306,CUST_0924,MERCH_03,499.0,INR,net_banking,436,expired_card,1,20,4,436,2026-07-31T17:25:22.993716,CA,web_browser,True,499.0,0,abandoned
TXN_003307,CUST_0151,MERCH_07,99.0,USD,net_banking,68,limit_exceeded,1,10,5,68,2026-07-30T00:30:45.165073,GB,web_browser,True,99.0,0,failed
TXN_003308,CUST_0697,MERCH_02,84.88,INR,net_banking,910,authentication_failed,1,20,1,982,2026-08-17T12:03:49.695193,AU,web_browser,False,0.0,0,abandoned
TXN_003309,CUST_0952,MERCH_02,52.69,EUR,upi,494,insufficient_funds,1,15,3,494,2026-08-07T22:17:22.725388,DE,mobile_app,False,0.0,0,failed
TXN_003310,CUST_0947,MERCH_02,546.56,INR,debit_card,197,invalid_payment_method,1,16,5,197,2026-08-07T20:20:12.898437,DE,web_browser,False,0.0,0,failed
TXN_003311,CUST_0176,MERCH_05,29.99,USD,net_banking,360,insufficient_funds,2,0,1,360,2026-08-22T22:41:09.657876,DE,mobile_app,True,29.99,1,failed
TXN_003312,CUST_1365,MERCH_06,126.58,INR,debit_card,4,limit_exceeded,4,12,0,741,2026-08-03T04:36:36.855991,DE,web_browser,False,0.0,3,abandoned
TXN_003313,CUST_0105,MERCH_04,745.83,USD,wallet,220,bank_declined,1,0,2,220,2026-08-11T16:51:50.415550,AU,web_browser,False,0.0,0,recovered
TXN_003314,CUST_0752,MERCH_06,9.99,INR,wallet,608,authentication_failed,1,3,4,846,2026-07-29T19:36:26.901887,IN,api_integration,True,9.99,0,abandoned
TXN_003315,CUST_0263,MERCH_04,99.0,USD,credit_card,483,insufficient_funds,1,5,5,483,2026-08-14T01:04:19.362422,CA,web_browser,True,99.0,0,failed
TXN_003316,CUST_1018,MERCH_06,62.7,GBP,ach,153,insufficient_funds,1,12,1,650,2026-08-04T06:00:36.307714,AU,mobile_app,False,0.0,0,abandoned
TXN_003317,CUST_0798,MERCH_07,499.0,USD,credit_card,216,limit_exceeded,2,10,3,216,2026-07-30T16:08:14.751619,DE,web_browser,True,499.0,1,recovered
TXN_003318,CUST_0113,MERCH_01,89.74,INR,credit_card,900,expired_card,2,3,3,900,2026-08-05T00:21:49.273341,CA,web_browser,False,0.0,1,recovered
TXN_003319,CUST_0931,MERCH_01,31.96,INR,debit_card,475,insufficient_funds,2,11,3,616,2026-08-22T06:34:20.116013,AU,web_browser,False,0.0,1,failed
TXN_003320,CUST_1369,MERCH_08,96.92,INR,net_banking,403,network_error,1,11,2,403,2026-08-16T18:19:35.715786,US,web_browser,False,0.0,0,failed
TXN_003321,CUST_0498,MERCH_04,123.63,USD,wallet,603,network_error,4,9,4,722,2026-08-13T11:58:09.078089,AU,api_integration,False,0.0,3,abandoned
TXN_003322,CUST_0336,MERCH_09,217.7,EUR,wallet,111,authentication_failed,1,1,2,111,2026-07-26T09:10:37.462696,CA,web_browser,False,0.0,0,failed
TXN_003323,CUST_0783,MERCH_02,499.0,INR,ach,247,bank_declined,3,3,4,901,2026-07-29T20:05:53.914563,AU,api_integration,True,499.0,2,recovered
TXN_003324,CUST_0526,MERCH_01,161.01,EUR,upi,168,insufficient_funds,1,6,0,703,2026-07-26T00:10:28.773979,CA,api_integration,False,0.0,0,failed
TXN_003325,CUST_1350,MERCH_10,9.99,INR,credit_card,397,expired_card,3,10,3,397,2026-08-10T06:15:29.714309,CA,api_integration,True,9.99,2,recovered
TXN_003326,CUST_0529,MERCH_07,93.79,USD,upi,76,authentication_failed,1,6,3,715,2026-07-26T20:51:00.769668,US,mobile_app,False,0.0,0,failed
TXN_003327,CUST_0917,MERCH_08,104.04,INR,ach,370,expired_card,1,15,4,370,2026-08-18T18:16:05.487951,IN,web_browser,False,0.0,0,recovered
TXN_003328,CUST_1331,MERCH_07,41.91,INR,credit_card,322,insufficient_funds,2,13,3,322,2026-08-21T06:20:56.026216,DE,web_browser,False,0.0,1,failed
TXN_003329,CUST_0785,MERCH_05,8.63,INR,net_banking,285,insufficient_funds,1,19,5,285,2026-08-02T17:05:38.620257,DE,web_browser,False,0.0,0,failed
TXN_003330,CUST_0926,MERCH_10,473.4,GBP,wallet,277,insufficient_funds,2,12,3,499,2026-07-30T13:55:36.180862,US,api_integration,False,0.0,1,failed
TXN_003331,CUST_1080,MERCH_09,44.58,EUR,wallet,553,limit_exceeded,1,9,0,553,2026-08-02T10:31:43.065872,US,api_integration,False,0.0,0,failed
TXN_003332,CUST_0676,MERCH_05,99.23,GBP,credit_card,142,insufficient_funds,1,1,3,142,2026-08-20T07:06:07.930465,US,api_integration,False,0.0,0,failed
TXN_003333,CUST_0784,MERCH_05,268.36,INR,wallet,57,insufficient_funds,1,15,2,927,2026-07-29T15:40:41.658199,US,web_browser,False,0.0,0,abandoned
TXN_003334,CUST_0881,MERCH_01,49.99,USD,ach,234,authentication_failed,1,17,0,234,2026-08-06T12:50:53.862705,US,api_integration,True,49.99,0,abandoned
TXN_003335,CUST_1435,MERCH_06,107.42,INR,upi,31,expired_card,1,15,2,31,2026-08-06T02:12:46.212750,CA,web_browser,False,0.0,0,recovered
TXN_003336,CUST_1353,MERCH_08,226.48,GBP,debit_card,95,network_error,4,12,1,95,2026-08-22T19:13:23.269119,CA,web_browser,False,0.0,3,abandoned
TXN_003337,CUST_1000,MERCH_09,15.89,INR,debit_card,213,limit_exceeded,2,7,4,402,2026-08-24T12:02:24.032096,AU,web_browser,False,0.0,1,failed
TXN_003338,CUST_0365,MERCH_05,261.61,GBP,net_banking,259,authentication_failed,1,9,0,625,2026-07-31T01:31:56.998635,US,web_browser,False,0.0,0,failed
TXN_003339,CUST_0560,MERCH_07,52.01,GBP,net_banking,577,invalid_payment_method,1,7,2,989,2026-08-20T20:29:46.735468,IN,mobile_app,False,0.0,0,failed
TXN_003340,CUST_1207,MERCH_01,199.0,USD,ach,256,insufficient_funds,1,16,4,256,2026-08-08T20:02:50.184259,DE,mobile_app,True,199.0,0,failed
TXN_003341,CUST_0138,MERCH_06,499.0,USD,credit_card,364,expired_card,1,0,2,649,2026-08-12T06:01:18.198244,US,api_integration,True,499.0,0,failed
TXN_003342,CUST_0446,MERCH_04,9.99,EUR,ach,308,network_error,1,10,1,826,2026-07-27T05:29:46.901926,CA,web_browser,True,9.99,0,failed
TXN_003343,CUST_1152,MERCH_05,247.56,INR,debit_card,866,expired_card,1,16,3,1000,2026-08-10T09:40:10.547589,IN,mobile_app,False,0.0,0,recovered
TXN_003344,CUST_0773,MERCH_07,60.81,USD,net_banking,263,insufficient_funds,2,2,4,275,2026-07-26T22:06:56.112844,AU,api_integration,False,0.0,1,failed
TXN_003345,CUST_0458,MERCH_10,226.32,GBP,debit_card,15,insufficient_funds,1,13,2,67,2026-08-22T22:08:26.344753,AU,mobile_app,False,0.0,0,failed
TXN_003346,CUST_1407,MERCH_07,267.64,USD,debit_card,379,insufficient_funds,3,20,3,379,2026-08-11T22:18:10.235053,AU,mobile_app,False,0.0,2,failed
TXN_003347,CUST_0551,MERCH_09,205.58,INR,ach,267,expired_card,2,5,3,267,2026-08-06T18:07:00.399719,DE,api_integration,False,0.0,1,failed
TXN_003348,CUST_0334,MERCH_05,40.39,GBP,debit_card,835,insufficient_funds,1,6,2,898,2026-08-14T12:40:21.528313,DE,api_integration,False,0.0,0,recovered
TXN_003349,CUST_0965,MERCH_01,182.41,INR,ach,291,authentication_failed,2,7,4,291,2026-07-30T09:52:14.168838,GB,mobile_app,False,0.0,1,recovered
TXN_003350,CUST_1048,MERCH_05,18.85,EUR,credit_card,384,network_error,3,10,0,384,2026-08-20T15:44:41.842802,GB,api_integration,False,0.0,2,recovered
TXN_003351,CUST_0745,MERCH_05,191.94,EUR,wallet,24,insufficient_funds,2,1,3,632,2026-08-21T13:16:28.648996,CA,mobile_app,False,0.0,1,recovered
TXN_003352,CUST_1409,MERCH_08,29.99,EUR,upi,122,insufficient_funds,1,0,1,122,2026-08-17T23:25:33.613198,IN,api_integration,True,29.99,0,failed
TXN_003353,CUST_0133,MERCH_06,172.56,GBP,wallet,216,insufficient_funds,1,5,5,773,2026-07-28T01:40:46.813256,CA,mobile_app,False,0.0,0,failed
TXN_003354,CUST_0130,MERCH_06,36.41,INR,ach,279,insufficient_funds,1,1,1,778,2026-08-18T12:54:38.988303,DE,mobile_app,False,0.0,0,recovered
TXN_003355,CUST_0895,MERCH_03,29.99,EUR,wallet,355,bank_declined,3,11,5,355,2026-07-31T05:55:28.010569,CA,web_browser,True,29.99,2,abandoned
TXN_003356,CUST_0887,MERCH_06,391.78,USD,wallet,249,authentication_failed,1,7,1,609,2026-08-18T14:05:49.973529,AU,web_browser,False,0.0,0,recovered
TXN_003357,CUST_0262,MERCH_09,111.53,USD,ach,544,bank_declined,1,17,3,544,2026-07-27T14:36:45.769522,DE,web_browser,False,0.0,0,recovered
TXN_003358,CUST_1087,MERCH_03,309.96,GBP,upi,204,authentication_failed,1,19,3,531,2026-08-07T23:43:56.298740,AU,api_integration,False,0.0,0,recovered
TXN_003359,CUST_1305,MERCH_09,82.68,GBP,ach,300,network_error,1,0,3,772,2026-08-04T17:39:07.488959,CA,mobile_app,False,0.0,0,failed
TXN_003360,CUST_0528,MERCH_03,20.71,USD,ach,366,authentication_failed,1,20,4,458,2026-08-23T05:00:34.176395,IN,mobile_app,False,0.0,0,recovered
TXN_003361,CUST_1094,MERCH_06,360.08,USD,ach,49,insufficient_funds,3,12,4,934,2026-08-18T13:38:20.936766,CA,web_browser,False,0.0,2,abandoned
TXN_003362,CUST_1191,MERCH_05,819.31,EUR,credit_card,153,insufficient_funds,1,5,0,153,2026-07-28T22:22:54.586676,AU,web_browser,False,0.0,0,failed
TXN_003363,CUST_0582,MERCH_02,104.19,INR,net_banking,689,limit_exceeded,1,20,4,767,2026-08-23T01:47:29.724814,CA,mobile_app,False,0.0,0,failed
TXN_003364,CUST_1350,MERCH_02,80.33,GBP,ach,444,network_error,1,8,1,915,2026-07-26T08:36:07.221116,CA,web_browser,False,0.0,0,recovered
TXN_003365,CUST_1090,MERCH_02,49.99,USD,wallet,188,bank_declined,1,7,2,188,2026-07-26T03:45:50.431446,IN,mobile_app,True,49.99,0,failed
TXN_003366,CUST_0494,MERCH_01,5.78,USD,credit_card,538,bank_declined,1,2,5,887,2026-08-20T01:30:14.170471,CA,web_browser,False,0.0,0,failed
TXN_003367,CUST_0242,MERCH_07,191.38,INR,credit_card,25,insufficient_funds,2,1,4,387,2026-07-30T02:18:06.893978,CA,web_browser,False,0.0,1,failed
TXN_003368,CUST_0387,MERCH_04,499.0,GBP,credit_card,259,unknown,1,12,5,259,2026-08-23T08:45:37.617944,CA,web_browser,True,499.0,0,failed
TXN_003369,CUST_1418,MERCH_04,362.71,INR,wallet,75,authentication_failed,1,19,1,75,2026-08-23T00:19:26.707932,US,api_integration,False,0.0,0,failed
TXN_003370,CUST_1453,MERCH_05,150.4,EUR,net_banking,48,invalid_payment_method,1,17,5,48,2026-08-22T23:36:40.294510,GB,web_browser,False,0.0,0,failed
TXN_003371,CUST_1406,MERCH_07,65.31,GBP,ach,461,authentication_failed,1,14,2,461,2026-08-02T20:52:55.783955,CA,api_integration,False,0.0,0,failed
TXN_003372,CUST_0755,MERCH_10,386.41,INR,ach,854,bank_declined,1,19,0,854,2026-08-06T06:36:02.518205,CA,api_integration,False,0.0,0,failed
TXN_003373,CUST_0678,MERCH_09,292.71,INR,credit_card,5,insufficient_funds,1,6,0,551,2026-08-19T00:07:16.763703,GB,api_integration,False,0.0,0,recovered
TXN_003374,CUST_1215,MERCH_03,499.0,EUR,net_banking,25,expired_card,1,1,0,25,2026-08-14T07:52:35.091850,GB,mobile_app,True,499.0,0,recovered
TXN_003375,CUST_1361,MERCH_07,239.03,INR,ach,143,insufficient_funds,1,13,1,542,2026-07-30T04:51:35.633070,IN,mobile_app,False,0.0,0,failed
TXN_003376,CUST_0494,MERCH_06,31.84,USD,ach,231,expired_card,2,5,3,980,2026-08-08T11:48:22.649582,GB,api_integration,False,0.0,1,recovered
TXN_003377,CUST_1405,MERCH_01,334.77,EUR,ach,81,authentication_failed,1,13,5,81,2026-08-24T04:35:27.511746,IN,mobile_app,False,0.0,0,failed
TXN_003378,CUST_0914,MERCH_06,269.85,USD,credit_card,95,expired_card,1,15,1,95,2026-08-12T16:10:12.735985,DE,api_integration,False,0.0,0,failed
TXN_003379,CUST_0294,MERCH_08,350.84,GBP,credit_card,88,unknown,1,11,1,88,2026-08-18T18:05:18.878374,US,mobile_app,False,0.0,0,failed
TXN_003380,CUST_1025,MERCH_01,119.58,INR,upi,430,authentication_failed,2,13,2,430,2026-08-10T15:13:26.552276,DE,web_browser,False,0.0,1,failed
TXN_003381,CUST_0975,MERCH_09,66.35,GBP,ach,177,authentication_failed,1,9,1,352,2026-08-13T10:03:04.065056,CA,mobile_app,False,0.0,0,failed
TXN_003382,CUST_1493,MERCH_10,18.89,GBP,ach,230,authentication_failed,1,12,0,230,2026-08-17T08:07:31.184350,US,mobile_app,False,0.0,0,recovered
TXN_003383,CUST_0642,MERCH_01,70.3,USD,wallet,451,authentication_failed,1,1,5,451,2026-08-05T11:46:46.604835,DE,web_browser,False,0.0,0,failed
TXN_003384,CUST_1466,MERCH_04,19.99,USD,upi,504,insufficient_funds,1,9,3,933,2026-08-12T06:10:02.357200,AU,api_integration,True,19.99,0,recovered
TXN_003385,CUST_1346,MERCH_06,178.15,USD,net_banking,299,network_error,1,7,4,793,2026-08-02T02:41:53.565191,IN,api_integration,False,0.0,0,failed
TXN_003386,CUST_1142,MERCH_02,195.75,USD,upi,678,bank_declined,2,12,0,678,2026-07-26T16:54:52.547523,US,api_integration,False,0.0,1,failed
TXN_003387,CUST_1169,MERCH_04,406.17,GBP,net_banking,256,insufficient_funds,1,18,1,418,2026-08-04T01:02:40.271721,DE,api_integration,False,0.0,0,failed
TXN_003388,CUST_0609,MERCH_05,28.49,GBP,ach,435,limit_exceeded,1,8,0,721,2026-07-31T19:02:25.463215,GB,mobile_app,False,0.0,0,failed
TXN_003389,CUST_0142,MERCH_10,55.54,GBP,credit_card,144,insufficient_funds,1,19,5,206,2026-08-15T18:12:01.485316,DE,api_integration,False,0.0,0,failed
TXN_003390,CUST_1407,MERCH_03,288.11,INR,net_banking,604,insufficient_funds,1,5,4,727,2026-08-16T20:51:08.839049,IN,web_browser,False,0.0,0,failed
TXN_003391,CUST_1076,MERCH_04,9.99,GBP,net_banking,99,network_error,1,5,2,534,2026-07-30T13:46:50.003497,CA,mobile_app,True,9.99,0,recovered
TXN_003392,CUST_0644,MERCH_01,244.52,INR,upi,479,authentication_failed,1,8,2,943,2026-07-30T07:44:03.098902,CA,api_integration,False,0.0,0,recovered
TXN_003393,CUST_0921,MERCH_09,427.21,INR,ach,69,insufficient_funds,1,18,1,69,2026-08-17T09:17:22.971081,DE,web_browser,False,0.0,0,failed
TXN_003394,CUST_0771,MERCH_05,95.85,EUR,ach,24,bank_declined,1,10,0,641,2026-08-17T00:26:58.817245,DE,mobile_app,False,0.0,0,recovered
TXN_003395,CUST_1092,MERCH_07,61.18,USD,net_banking,232,expired_card,2,9,0,232,2026-08-11T03:07:06.094648,DE,mobile_app,False,0.0,1,failed
TXN_003396,CUST_0502,MERCH_06,55.56,USD,net_banking,130,insufficient_funds,1,4,2,372,2026-08-02T02:33:37.732292,US,api_integration,False,0.0,0,abandoned
TXN_003397,CUST_0487,MERCH_06,29.99,USD,ach,362,insufficient_funds,1,13,5,850,2026-08-16T22:50:36.005966,DE,api_integration,True,29.99,0,failed
TXN_003398,CUST_0323,MERCH_01,20.77,INR,upi,582,bank_declined,2,14,1,582,2026-08-05T22:25:06.464009,DE,web_browser,False,0.0,1,recovered
TXN_003399,CUST_0676,MERCH_09,6.23,EUR,net_banking,76,insufficient_funds,3,14,3,76,2026-08-03T21:29:59.093976,AU,api_integration,False,0.0,2,abandoned
TXN_003400,CUST_0792,MERCH_04,5.68,USD,ach,278,authentication_failed,1,14,2,278,2026-08-24T09:24:22.663601,IN,mobile_app,False,0.0,0,abandoned
TXN_003401,CUST_1201,MERCH_10,31.15,EUR,credit_card,268,authentication_failed,1,1,3,268,2026-08-13T03:24:22.317272,IN,api_integration,False,0.0,0,recovered
TXN_003402,CUST_1257,MERCH_04,86.91,INR,debit_card,327,insufficient_funds,1,13,5,327,2026-08-24T09:13:44.396923,DE,web_browser,False,0.0,0,failed
TXN_003403,CUST_0755,MERCH_07,49.99,USD,credit_card,9,insufficient_funds,1,0,4,9,2026-07-29T18:01:18.736041,AU,mobile_app,True,49.99,0,failed
TXN_003404,CUST_0100,MERCH_01,399.13,INR,credit_card,407,expired_card,3,4,4,996,2026-08-05T22:13:18.066733,IN,mobile_app,False,0.0,2,recovered
TXN_003405,CUST_1030,MERCH_02,499.0,GBP,net_banking,175,authentication_failed,3,13,4,756,2026-08-03T14:05:14.279496,AU,web_browser,True,499.0,2,failed
TXN_003406,CUST_0442,MERCH_02,52.02,INR,net_banking,61,insufficient_funds,1,2,4,575,2026-08-04T10:42:16.878892,AU,mobile_app,False,0.0,0,recovered
TXN_003407,CUST_1369,MERCH_03,140.34,EUR,wallet,419,network_error,1,4,5,573,2026-07-30T06:09:19.227062,IN,api_integration,False,0.0,0,failed
TXN_003408,CUST_0899,MERCH_04,136.07,USD,wallet,661,limit_exceeded,1,17,3,661,2026-08-06T13:04:02.578816,IN,api_integration,False,0.0,0,failed
TXN_003409,CUST_0570,MERCH_04,72.7,GBP,ach,866,authentication_failed,1,11,3,866,2026-08-18T04:20:47.038768,IN,api_integration,False,0.0,0,failed
TXN_003410,CUST_1156,MERCH_10,49.99,USD,ach,329,insufficient_funds,4,19,0,359,2026-08-13T20:14:22.210280,AU,mobile_app,True,49.99,3,abandoned
TXN_003411,CUST_1302,MERCH_07,29.99,GBP,wallet,59,bank_declined,4,19,5,777,2026-08-22T21:04:09.254293,GB,api_integration,True,29.99,3,abandoned
TXN_003412,CUST_1448,MERCH_03,11.46,USD,credit_card,699,expired_card,2,16,4,699,2026-07-30T06:59:37.142221,DE,api_integration,False,0.0,1,failed
TXN_003413,CUST_0347,MERCH_08,31.46,USD,wallet,549,insufficient_funds,1,16,2,549,2026-08-23T12:35:18.840911,IN,web_browser,False,0.0,0,failed
TXN_003414,CUST_0476,MERCH_09,531.78,USD,upi,506,insufficient_funds,2,17,0,907,2026-07-30T23:14:47.412188,CA,mobile_app,False,0.0,1,abandoned
TXN_003415,CUST_0264,MERCH_10,55.37,EUR,ach,330,insufficient_funds,1,10,3,330,2026-08-20T22:44:02.538906,GB,api_integration,False,0.0,0,abandoned
TXN_003416,CUST_0963,MERCH_09,199.0,USD,debit_card,615,bank_declined,2,8,3,838,2026-08-14T15:06:49.945986,IN,web_browser,True,199.0,1,failed
TXN_003417,CUST_0412,MERCH_05,36.1,USD,net_banking,39,authentication_failed,1,9,3,695,2026-08-14T11:09:33.363807,AU,web_browser,False,0.0,0,abandoned
TXN_003418,CUST_0384,MERCH_05,52.07,EUR,wallet,829,expired_card,1,19,2,829,2026-08-20T00:47:08.687787,CA,web_browser,False,0.0,0,failed
TXN_003419,CUST_0691,MERCH_08,46.72,USD,wallet,218,limit_exceeded,1,1,5,545,2026-08-08T17:11:42.030197,US,api_integration,False,0.0,0,failed
TXN_003420,CUST_0216,MERCH_01,181.06,EUR,debit_card,315,expired_card,1,8,5,472,2026-08-09T16:01:16.126821,US,api_integration,False,0.0,0,recovered
TXN_003421,CUST_0415,MERCH_03,9.99,GBP,wallet,353,insufficient_funds,1,18,3,897,2026-08-01T12:01:00.576350,AU,mobile_app,True,9.99,0,failed
TXN_003422,CUST_1126,MERCH_08,68.29,EUR,credit_card,143,expired_card,1,11,2,143,2026-07-27T14:15:40.754205,AU,web_browser,False,0.0,0,failed
TXN_003423,CUST_0887,MERCH_05,102.21,USD,debit_card,896,insufficient_funds,1,12,2,896,2026-08-23T11:07:23.673077,GB,web_browser,False,0.0,0,failed
TXN_003424,CUST_0634,MERCH_07,51.19,EUR,upi,456,network_error,1,7,2,456,2026-08-16T20:21:15.145316,CA,mobile_app,False,0.0,0,failed
TXN_003425,CUST_0687,MERCH_02,185.17,EUR,ach,395,expired_card,1,10,5,764,2026-08-23T14:25:39.788281,US,mobile_app,False,0.0,0,failed
TXN_003426,CUST_1170,MERCH_02,80.11,EUR,debit_card,452,insufficient_funds,3,17,5,452,2026-08-14T08:46:55.473641,IN,api_integration,False,0.0,2,recovered
TXN_003427,CUST_1174,MERCH_02,36.78,GBP,ach,79,limit_exceeded,1,20,1,296,2026-07-30T09:37:52.496922,US,mobile_app,False,0.0,0,recovered
TXN_003428,CUST_1164,MERCH_01,199.0,EUR,wallet,472,bank_declined,1,14,5,803,2026-08-13T10:38:09.146604,DE,mobile_app,True,199.0,0,recovered
TXN_003429,CUST_1314,MERCH_09,143.81,INR,ach,426,expired_card,1,8,1,701,2026-08-17T05:26:00.207126,GB,web_browser,False,0.0,0,failed
TXN_003430,CUST_0899,MERCH_09,135.95,GBP,net_banking,401,bank_declined,2,13,0,401,2026-08-09T00:30:15.112263,CA,web_browser,False,0.0,1,recovered
TXN_003431,CUST_0747,MERCH_09,13.61,GBP,wallet,425,insufficient_funds,1,2,4,425,2026-07-28T15:50:48.057594,AU,mobile_app,False,0.0,0,recovered
TXN_003432,CUST_1411,MERCH_01,37.3,EUR,upi,327,insufficient_funds,2,13,0,380,2026-08-22T22:46:24.958472,DE,web_browser,False,0.0,1,failed
TXN_003433,CUST_1201,MERCH_08,132.72,INR,net_banking,175,expired_card,1,3,5,175,2026-08-09T22:25:21.712997,IN,mobile_app,False,0.0,0,failed
TXN_003434,CUST_1165,MERCH_04,135.67,INR,debit_card,242,insufficient_funds,2,5,5,242,2026-08-07T07:47:20.481668,IN,web_browser,False,0.0,1,failed
TXN_003435,CUST_1157,MERCH_01,34.97,GBP,upi,105,insufficient_funds,2,15,0,940,2026-07-31T11:40:51.275609,IN,web_browser,False,0.0,1,abandoned
TXN_003436,CUST_0310,MERCH_05,25.13,USD,debit_card,508,network_error,1,6,1,508,2026-08-10T20:58:26.939397,DE,api_integration,False,0.0,0,failed
TXN_003437,CUST_0252,MERCH_01,5.43,GBP,credit_card,238,authentication_failed,1,15,3,238,2026-08-16T10:02:17.755063,IN,api_integration,False,0.0,0,failed
TXN_003438,CUST_0868,MERCH_04,199.0,GBP,credit_card,414,expired_card,1,8,0,728,2026-08-08T09:30:09.475581,IN,web_browser,True,199.0,0,failed
TXN_003439,CUST_0408,MERCH_02,196.53,USD,net_banking,656,limit_exceeded,2,8,5,656,2026-07-30T04:21:48.872416,IN,api_integration,False,0.0,1,abandoned
TXN_003440,CUST_0505,MERCH_07,73.32,INR,upi,174,insufficient_funds,1,9,4,373,2026-08-02T06:43:40.619856,GB,api_integration,False,0.0,0,recovered
TXN_003441,CUST_1063,MERCH_03,29.99,GBP,credit_card,369,insufficient_funds,2,10,5,956,2026-08-23T10:45:57.240284,US,mobile_app,True,29.99,1,recovered
TXN_003442,CUST_1355,MERCH_01,29.99,USD,wallet,139,expired_card,1,16,4,139,2026-08-18T22:09:35.496752,CA,mobile_app,True,29.99,0,recovered
TXN_003443,CUST_0866,MERCH_07,242.5,EUR,wallet,343,unknown,4,7,1,343,2026-08-17T14:48:55.078629,DE,mobile_app,False,0.0,3,abandoned
TXN_003444,CUST_1176,MERCH_03,50.29,EUR,ach,305,insufficient_funds,2,18,3,305,2026-08-23T13:00:31.212566,GB,web_browser,False,0.0,1,failed
TXN_003445,CUST_0527,MERCH_04,5.5,EUR,net_banking,398,authentication_failed,1,4,3,645,2026-08-24T12:15:46.825281,GB,mobile_app,False,0.0,0,recovered
TXN_003446,CUST_0310,MERCH_08,7.35,USD,ach,331,expired_card,1,12,2,801,2026-08-05T19:11:41.779562,CA,web_browser,False,0.0,0,recovered
TXN_003447,CUST_1195,MERCH_07,108.03,USD,net_banking,174,network_error,1,4,1,207,2026-08-17T14:32:56.771387,IN,api_integration,False,0.0,0,failed
TXN_003448,CUST_0231,MERCH_10,499.0,INR,upi,481,insufficient_funds,2,13,4,481,2026-08-17T10:13:00.203152,DE,mobile_app,True,499.0,1,recovered
TXN_003449,CUST_1475,MERCH_02,607.98,GBP,ach,408,insufficient_funds,1,1,1,561,2026-08-18T07:46:43.031706,US,web_browser,False,0.0,0,recovered
TXN_003450,CUST_0104,MERCH_03,55.86,INR,debit_card,268,insufficient_funds,1,4,1,268,2026-08-17T14:49:03.757869,AU,mobile_app,False,0.0,0,failed
TXN_003451,CUST_0214,MERCH_01,9.99,INR,upi,619,insufficient_funds,1,14,4,961,2026-08-19T23:30:15.242815,US,api_integration,True,9.99,0,recovered
TXN_003452,CUST_1300,MERCH_08,20.12,GBP,net_banking,166,invalid_payment_method,1,10,1,778,2026-08-21T07:34:10.924495,IN,api_integration,False,0.0,0,abandoned
TXN_003453,CUST_0674,MERCH_09,83.61,GBP,net_banking,58,expired_card,2,12,2,58,2026-07-28T20:50:40.330168,DE,web_browser,False,0.0,1,recovered
TXN_003454,CUST_0541,MERCH_07,29.99,INR,net_banking,477,insufficient_funds,1,6,0,658,2026-08-17T10:24:27.698095,US,mobile_app,True,29.99,0,failed
TXN_003455,CUST_1093,MERCH_04,199.0,INR,net_banking,742,invalid_payment_method,1,13,3,860,2026-08-02T10:31:39.103472,IN,api_integration,True,199.0,0,failed
TXN_003456,CUST_0398,MERCH_05,255.42,INR,ach,462,bank_declined,3,18,3,725,2026-08-03T00:38:27.600015,GB,mobile_app,False,0.0,2,failed
TXN_003457,CUST_1129,MERCH_03,29.99,USD,debit_card,170,expired_card,4,19,1,170,2026-08-18T21:49:11.789167,DE,web_browser,True,29.99,3,failed
TXN_003458,CUST_0461,MERCH_03,29.99,EUR,credit_card,149,authentication_failed,2,0,3,149,2026-07-29T23:05:00.413397,AU,api_integration,True,29.99,1,recovered
TXN_003459,CUST_0296,MERCH_05,16.6,USD,wallet,159,insufficient_funds,1,5,1,605,2026-08-11T12:44:15.269317,AU,api_integration,False,0.0,0,failed
TXN_003460,CUST_1261,MERCH_04,188.74,INR,debit_card,36,limit_exceeded,1,20,2,36,2026-07-26T20:29:02.995814,AU,web_browser,False,0.0,0,failed
TXN_003461,CUST_0670,MERCH_02,389.87,EUR,wallet,907,network_error,3,17,5,907,2026-08-09T03:29:47.326332,US,api_integration,False,0.0,2,failed
TXN_003462,CUST_1348,MERCH_01,46.62,INR,upi,275,insufficient_funds,1,20,5,275,2026-08-14T10:43:07.015714,CA,mobile_app,False,0.0,0,failed
TXN_003463,CUST_0560,MERCH_03,184.67,EUR,wallet,5,insufficient_funds,1,0,3,5,2026-08-08T02:06:31.870972,GB,web_browser,False,0.0,0,recovered
TXN_003464,CUST_1495,MERCH_08,99.21,GBP,upi,635,authentication_failed,1,11,1,761,2026-08-02T14:48:14.454200,US,api_integration,False,0.0,0,failed
TXN_003465,CUST_1406,MERCH_07,26.99,EUR,ach,1,network_error,1,14,5,1,2026-08-04T11:46:05.670128,AU,api_integration,False,0.0,0,recovered
TXN_003466,CUST_0641,MERCH_02,199.0,GBP,ach,421,bank_declined,1,11,2,757,2026-08-22T15:52:10.995874,CA,web_browser,True,199.0,0,failed
TXN_003467,CUST_0961,MERCH_09,499.0,USD,debit_card,51,authentication_failed,2,18,2,973,2026-08-15T17:55:31.231885,IN,web_browser,True,499.0,1,failed
TXN_003468,CUST_0646,MERCH_03,282.14,INR,debit_card,25,insufficient_funds,1,6,5,160,2026-08-03T00:30:23.093168,CA,api_integration,False,0.0,0,failed
TXN_003469,CUST_0237,MERCH_05,29.99,USD,credit_card,73,network_error,1,6,3,73,2026-08-16T19:38:39.250034,DE,mobile_app,True,29.99,0,recovered
TXN_003470,CUST_0786,MERCH_07,47.64,INR,debit_card,247,limit_exceeded,2,19,5,374,2026-08-02T09:24:33.399806,GB,mobile_app,False,0.0,1,abandoned
TXN_003471,CUST_0922,MERCH_05,93.11,INR,wallet,446,expired_card,2,14,0,446,2026-08-16T02:22:51.047508,CA,api_integration,False,0.0,1,recovered
TXN_003472,CUST_0576,MERCH_01,613.25,INR,upi,82,bank_declined,1,14,4,82,2026-08-23T17:05:54.454993,GB,api_integration,False,0.0,0,failed
TXN_003473,CUST_0118,MERCH_06,144.71,USD,credit_card,116,insufficient_funds,1,4,0,116,2026-08-07T05:20:00.276639,GB,web_browser,False,0.0,0,failed
TXN_003474,CUST_1296,MERCH_02,199.0,EUR,wallet,174,invalid_payment_method,1,1,3,174,2026-07-30T14:48:31.750536,IN,mobile_app,True,199.0,0,failed
TXN_003475,CUST_0680,MERCH_10,39.98,USD,ach,58,bank_declined,1,13,2,58,2026-08-23T01:01:12.137519,GB,api_integration,False,0.0,0,failed
TXN_003476,CUST_0523,MERCH_02,499.0,USD,net_banking,91,insufficient_funds,2,0,1,91,2026-08-08T07:48:35.163350,CA,mobile_app,True,499.0,1,failed
TXN_003477,CUST_0981,MERCH_08,161.4,EUR,credit_card,234,insufficient_funds,3,8,4,234,2026-08-24T04:21:34.120593,GB,api_integration,False,0.0,2,failed
TXN_003478,CUST_0369,MERCH_08,12.97,USD,ach,398,insufficient_funds,1,10,1,553,2026-08-21T03:32:42.433043,CA,mobile_app,False,0.0,0,abandoned
TXN_003479,CUST_1064,MERCH_02,39.94,EUR,credit_card,37,expired_card,1,6,2,115,2026-08-12T03:47:35.962229,AU,web_browser,False,0.0,0,recovered
TXN_003480,CUST_1121,MERCH_03,69.1,INR,upi,205,insufficient_funds,3,1,3,205,2026-08-24T14:31:36.627685,AU,mobile_app,False,0.0,2,failed
TXN_003481,CUST_1217,MERCH_05,257.05,GBP,ach,530,bank_declined,1,9,0,562,2026-08-02T14:59:20.656310,DE,mobile_app,False,0.0,0,recovered
TXN_003482,CUST_0750,MERCH_04,49.99,USD,ach,671,insufficient_funds,1,0,4,754,2026-08-22T13:57:03.880493,GB,mobile_app,True,49.99,0,failed
TXN_003483,CUST_0152,MERCH_10,177.33,INR,wallet,725,insufficient_funds,1,19,3,965,2026-08-20T17:47:18.714734,DE,web_browser,False,0.0,0,recovered
TXN_003484,CUST_0726,MERCH_02,190.67,EUR,credit_card,154,network_error,1,8,4,154,2026-08-15T21:04:01.025482,IN,web_browser,False,0.0,0,recovered
TXN_003485,CUST_0973,MERCH_05,33.62,USD,credit_card,610,insufficient_funds,1,13,5,610,2026-08-16T11:01:38.648588,US,web_browser,False,0.0,0,failed
TXN_003486,CUST_0243,MERCH_03,158.47,GBP,wallet,278,insufficient_funds,1,14,1,839,2026-08-10T00:47:24.688961,DE,mobile_app,False,0.0,0,recovered
TXN_003487,CUST_1458,MERCH_07,97.09,INR,ach,523,insufficient_funds,3,15,0,523,2026-08-23T04:45:17.766312,GB,mobile_app,False,0.0,2,failed
TXN_003488,CUST_0548,MERCH_04,220.31,GBP,credit_card,57,unknown,1,14,4,183,2026-08-01T01:43:27.691716,AU,web_browser,False,0.0,0,recovered
TXN_003489,CUST_1416,MERCH_03,9.99,GBP,credit_card,832,expired_card,1,4,4,832,2026-08-20T14:24:01.142098,AU,api_integration,True,9.99,0,failed
TXN_003490,CUST_0957,MERCH_10,229.34,INR,ach,2,unknown,2,0,4,278,2026-08-02T13:07:15.698962,AU,api_integration,False,0.0,1,recovered
TXN_003491,CUST_1077,MERCH_07,41.57,EUR,credit_card,235,expired_card,2,16,3,235,2026-08-07T07:38:06.077608,CA,web_browser,False,0.0,1,failed
TXN_003492,CUST_0928,MERCH_08,6.29,USD,ach,539,bank_declined,1,11,0,539,2026-07-30T20:54:36.819415,DE,mobile_app,False,0.0,0,failed
TXN_003493,CUST_1223,MERCH_04,49.99,EUR,upi,50,authentication_failed,2,5,2,50,2026-07-30T22:22:10.103646,CA,web_browser,True,49.99,1,recovered
TXN_003494,CUST_0738,MERCH_02,132.97,INR,wallet,217,insufficient_funds,1,2,1,268,2026-08-13T15:49:52.465952,AU,api_integration,False,0.0,0,failed
TXN_003495,CUST_1349,MERCH_01,81.36,INR,net_banking,113,authentication_failed,3,20,4,113,2026-07-29T11:52:31.768360,CA,api_integration,False,0.0,2,failed
TXN_003496,CUST_0639,MERCH_10,19.99,USD,net_banking,286,insufficient_funds,1,2,3,454,2026-08-22T00:07:34.993471,CA,web_browser,True,19.99,0,abandoned
TXN_003497,CUST_0781,MERCH_06,199.0,USD,upi,193,unknown,1,1,2,193,2026-08-18T20:10:36.057061,CA,web_browser,True,199.0,0,recovered
TXN_003498,CUST_1420,MERCH_03,99.0,USD,debit_card,573,insufficient_funds,1,17,1,844,2026-07-27T09:52:11.710461,CA,web_browser,True,99.0,0,abandoned
TXN_003499,CUST_0696,MERCH_09,92.54,USD,upi,377,expired_card,3,12,3,975,2026-08-15T01:31:50.228127,IN,web_browser,False,0.0,2,recovered
TXN_003500,CUST_1454,MERCH_08,38.84,USD,debit_card,108,invalid_payment_method,1,15,0,531,2026-08-23T11:15:54.832396,CA,api_integration,False,0.0,0,failed
TXN_003501,CUST_0282,MERCH_01,9.99,GBP,credit_card,156,insufficient_funds,2,4,0,515,2026-08-21T21:46:42.751226,DE,api_integration,True,9.99,1,failed
TXN_003502,CUST_1358,MERCH_01,98.55,USD,net_banking,816,expired_card,1,16,4,826,2026-08-12T20:32:58.126077,CA,web_browser,False,0.0,0,recovered
TXN_003503,CUST_0739,MERCH_05,12.37,GBP,ach,688,insufficient_funds,2,18,2,763,2026-08-03T06:56:50.798345,IN,mobile_app,False,0.0,1,recovered
TXN_003504,CUST_0445,MERCH_08,279.95,USD,debit_card,20,expired_card,1,13,0,20,2026-07-30T02:23:24.139041,AU,web_browser,False,0.0,0,recovered
TXN_003505,CUST_0139,MERCH_03,162.34,EUR,net_banking,340,network_error,1,13,2,739,2026-08-03T14:18:46.581034,DE,api_integration,False,0.0,0,abandoned
TXN_003506,CUST_0920,MERCH_05,133.75,USD,wallet,461,insufficient_funds,4,6,5,600,2026-08-19T02:34:17.513757,US,mobile_app,False,0.0,3,abandoned
TXN_003507,CUST_0577,MERCH_09,126.94,GBP,debit_card,262,expired_card,1,20,2,311,2026-08-18T01:48:23.109880,CA,api_integration,False,0.0,0,recovered
TXN_003508,CUST_1422,MERCH_01,526.84,GBP,debit_card,229,insufficient_funds,2,10,3,348,2026-08-15T15:13:50.337122,US,api_integration,False,0.0,1,failed
TXN_003509,CUST_0546,MERCH_05,199.0,EUR,debit_card,293,authentication_failed,1,0,1,293,2026-08-08T16:44:49.259548,IN,web_browser,True,199.0,0,recovered
TXN_003510,CUST_0918,MERCH_02,15.79,GBP,credit_card,774,unknown,1,5,0,774,2026-08-24T16:13:51.025198,US,mobile_app,False,0.0,0,failed
TXN_003511,CUST_0874,MERCH_07,110.68,EUR,wallet,164,authentication_failed,1,16,5,164,2026-07-30T09:21:12.810967,IN,api_integration,False,0.0,0,recovered
TXN_003512,CUST_0547,MERCH_09,48.26,INR,wallet,308,authentication_failed,2,1,5,675,2026-08-24T06:42:15.009763,DE,web_browser,False,0.0,1,recovered
TXN_003513,CUST_0496,MERCH_09,199.0,GBP,credit_card,24,insufficient_funds,1,12,4,774,2026-08-15T23:41:13.968896,IN,api_integration,True,199.0,0,abandoned
TXN_003514,CUST_0928,MERCH_06,19.99,USD,wallet,353,bank_declined,3,7,0,353,2026-08-24T07:30:06.913382,US,web_browser,True,19.99,2,failed
TXN_003515,CUST_1179,MERCH_08,87.96,INR,upi,528,insufficient_funds,2,11,0,528,2026-07-28T10:55:21.645341,GB,mobile_app,False,0.0,1,recovered
TXN_003516,CUST_0467,MERCH_10,29.2,USD,upi,280,unknown,1,8,2,280,2026-08-01T10:52:36.581219,AU,web_browser,False,0.0,0,failed
TXN_003517,CUST_0729,MERCH_03,8.59,USD,ach,539,network_error,1,9,1,539,2026-08-06T23:16:16.380992,AU,mobile_app,False,0.0,0,recovered
TXN_003518,CUST_1007,MERCH_09,93.92,GBP,ach,36,network_error,1,10,0,36,2026-08-15T06:04:14.489912,US,api_integration,False,0.0,0,abandoned
TXN_003519,CUST_0550,MERCH_07,40.16,USD,net_banking,186,unknown,1,2,2,186,2026-07-25T23:07:27.458429,AU,mobile_app,False,0.0,0,failed
TXN_003520,CUST_0406,MERCH_10,91.1,EUR,ach,521,bank_declined,2,20,2,521,2026-08-20T02:59:48.217335,IN,web_browser,False,0.0,1,recovered
TXN_003521,CUST_0717,MERCH_09,16.73,USD,upi,371,authentication_failed,1,14,5,371,2026-08-01T22:35:14.583031,CA,mobile_app,False,0.0,0,failed
TXN_003522,CUST_0263,MERCH_08,49.14,INR,upi,27,insufficient_funds,2,12,2,27,2026-08-02T23:06:33.371699,CA,api_integration,False,0.0,1,failed
TXN_003523,CUST_1146,MERCH_04,65.08,GBP,net_banking,457,authentication_failed,1,13,1,457,2026-08-08T02:36:27.724493,CA,web_browser,False,0.0,0,recovered
TXN_003524,CUST_0633,MERCH_01,19.99,USD,debit_card,290,insufficient_funds,1,15,0,290,2026-08-16T15:17:07.543232,DE,api_integration,True,19.99,0,failed
TXN_003525,CUST_0434,MERCH_07,244.65,GBP,debit_card,186,authentication_failed,1,13,2,186,2026-08-10T10:53:28.147504,CA,web_browser,False,0.0,0,recovered
TXN_003526,CUST_0615,MERCH_06,266.39,GBP,upi,650,insufficient_funds,1,9,4,650,2026-08-07T15:24:32.273135,DE,web_browser,False,0.0,0,abandoned
TXN_003527,CUST_0774,MERCH_04,165.37,EUR,upi,51,authentication_failed,3,5,1,703,2026-08-23T19:17:01.684537,CA,web_browser,False,0.0,2,failed
TXN_003528,CUST_0833,MERCH_09,184.75,INR,net_banking,576,authentication_failed,2,0,0,968,2026-08-01T15:21:34.569271,US,web_browser,False,0.0,1,failed
TXN_003529,CUST_0591,MERCH_09,65.33,EUR,ach,65,bank_declined,3,16,3,65,2026-08-09T06:47:42.077610,AU,web_browser,False,0.0,2,recovered
TXN_003530,CUST_0560,MERCH_01,499.0,EUR,credit_card,246,authentication_failed,1,14,5,246,2026-07-30T09:33:21.371976,IN,api_integration,True,499.0,0,failed
TXN_003531,CUST_0631,MERCH_09,29.99,USD,wallet,395,bank_declined,2,16,4,395,2026-08-03T11:27:57.044282,AU,web_browser,True,29.99,1,recovered
TXN_003532,CUST_0920,MERCH_04,422.32,GBP,debit_card,450,insufficient_funds,1,5,2,450,2026-08-11T10:49:32.653783,CA,api_integration,False,0.0,0,failed
TXN_003533,CUST_0274,MERCH_06,24.62,INR,ach,501,limit_exceeded,1,5,0,759,2026-07-30T11:21:36.648681,DE,api_integration,False,0.0,0,abandoned
TXN_003534,CUST_1114,MERCH_04,29.99,GBP,ach,78,insufficient_funds,1,20,1,928,2026-08-12T21:06:50.492423,US,web_browser,True,29.99,0,recovered
TXN_003535,CUST_0447,MERCH_05,173.28,GBP,debit_card,592,expired_card,1,17,4,741,2026-07-29T10:03:27.092967,AU,mobile_app,False,0.0,0,failed
TXN_003536,CUST_1128,MERCH_03,29.99,GBP,net_banking,129,expired_card,1,20,5,186,2026-07-26T13:29:21.504904,US,api_integration,True,29.99,0,failed
TXN_003537,CUST_1033,MERCH_02,281.87,EUR,ach,585,insufficient_funds,1,8,4,682,2026-08-14T19:03:26.902106,IN,mobile_app,False,0.0,0,recovered
TXN_003538,CUST_0746,MERCH_03,109.8,EUR,upi,194,unknown,2,0,4,194,2026-08-11T13:40:20.778709,GB,mobile_app,False,0.0,1,failed
TXN_003539,CUST_0685,MERCH_08,9.99,EUR,credit_card,191,insufficient_funds,1,10,4,191,2026-08-21T09:56:44.578216,CA,mobile_app,True,9.99,0,failed
TXN_003540,CUST_1336,MERCH_01,264.6,INR,credit_card,438,expired_card,2,15,5,438,2026-07-29T16:49:08.932550,CA,web_browser,False,0.0,1,failed
TXN_003541,CUST_0740,MERCH_04,37.81,INR,debit_card,331,expired_card,4,9,1,358,2026-07-26T23:40:10.207399,AU,api_integration,False,0.0,3,failed
TXN_003542,CUST_0458,MERCH_02,9.99,EUR,wallet,414,insufficient_funds,1,9,5,414,2026-08-22T17:48:40.024072,CA,web_browser,True,9.99,0,recovered
TXN_003543,CUST_0186,MERCH_04,199.0,INR,credit_card,439,network_error,2,0,2,439,2026-08-08T06:12:30.242763,US,web_browser,True,199.0,1,failed
TXN_003544,CUST_0543,MERCH_06,74.52,INR,net_banking,483,network_error,1,6,3,896,2026-07-31T17:02:07.068563,DE,web_browser,False,0.0,0,failed
TXN_003545,CUST_0581,MERCH_07,291.3,GBP,debit_card,317,insufficient_funds,1,9,5,317,2026-08-23T21:38:12.074195,IN,web_browser,False,0.0,0,recovered
TXN_003546,CUST_1018,MERCH_04,27.56,INR,credit_card,144,insufficient_funds,4,0,2,144,2026-08-20T09:47:40.771458,US,api_integration,False,0.0,3,abandoned
TXN_003547,CUST_0458,MERCH_05,50.7,USD,wallet,52,insufficient_funds,1,20,2,52,2026-07-28T19:49:25.991523,DE,api_integration,False,0.0,0,failed
TXN_003548,CUST_0524,MERCH_09,26.65,USD,credit_card,221,insufficient_funds,1,4,0,221,2026-08-09T15:44:26.347591,GB,mobile_app,False,0.0,0,failed
TXN_003549,CUST_1464,MERCH_06,69.47,GBP,wallet,446,insufficient_funds,4,13,0,446,2026-08-03T02:55:31.921497,US,mobile_app,False,0.0,3,failed
TXN_003550,CUST_0178,MERCH_05,516.33,INR,credit_card,277,insufficient_funds,3,10,5,714,2026-08-22T10:26:35.726651,GB,mobile_app,False,0.0,2,failed
TXN_003551,CUST_0592,MERCH_07,29.99,EUR,wallet,105,expired_card,3,6,1,105,2026-07-26T05:50:53.249220,GB,api_integration,True,29.99,2,failed
TXN_003552,CUST_1393,MERCH_10,99.0,USD,wallet,754,insufficient_funds,1,15,4,754,2026-07-26T01:55:56.866917,US,mobile_app,True,99.0,0,failed
TXN_003553,CUST_0876,MERCH_05,49.99,EUR,wallet,132,authentication_failed,1,10,5,583,2026-08-13T18:07:24.745670,AU,mobile_app,True,49.99,0,recovered
TXN_003554,CUST_0914,MERCH_01,696.92,INR,ach,533,limit_exceeded,1,2,3,845,2026-08-14T14:29:22.464471,CA,mobile_app,False,0.0,0,recovered
TXN_003555,CUST_1378,MERCH_07,40.4,USD,wallet,274,insufficient_funds,3,20,1,671,2026-08-21T00:42:46.778406,CA,mobile_app,False,0.0,2,failed
TXN_003556,CUST_0338,MERCH_06,29.99,INR,upi,226,insufficient_funds,1,20,0,368,2026-07-26T20:37:15.925157,AU,api_integration,True,29.99,0,recovered
TXN_003557,CUST_1219,MERCH_09,513.23,GBP,upi,819,network_error,1,17,0,885,2026-08-23T12:22:59.695006,DE,api_integration,False,0.0,0,failed
TXN_003558,CUST_0776,MERCH_06,604.14,GBP,ach,216,insufficient_funds,1,12,4,750,2026-07-30T12:19:58.062497,GB,mobile_app,False,0.0,0,failed
TXN_003559,CUST_0264,MERCH_10,29.99,GBP,net_banking,2,insufficient_funds,1,3,5,2,2026-08-22T14:30:41.136992,CA,web_browser,True,29.99,0,recovered
TXN_003560,CUST_0154,MERCH_10,625.03,USD,upi,517,insufficient_funds,3,16,2,693,2026-07-29T13:20:51.953432,AU,mobile_app,False,0.0,2,failed
TXN_003561,CUST_1341,MERCH_05,99.0,EUR,net_banking,544,insufficient_funds,1,16,5,677,2026-08-01T14:31:52.294187,DE,mobile_app,True,99.0,0,failed
TXN_003562,CUST_1346,MERCH_09,19.99,GBP,wallet,212,expired_card,2,6,3,483,2026-08-13T18:24:31.069689,AU,api_integration,True,19.99,1,failed
TXN_003563,CUST_0726,MERCH_09,39.46,USD,ach,470,insufficient_funds,1,8,4,470,2026-08-17T02:56:55.480499,DE,web_browser,False,0.0,0,recovered
TXN_003564,CUST_1439,MERCH_02,7.15,USD,credit_card,104,insufficient_funds,2,2,4,104,2026-08-22T13:31:26.525344,US,web_browser,False,0.0,1,recovered
TXN_003565,CUST_1154,MERCH_06,200.38,EUR,ach,197,insufficient_funds,1,4,5,197,2026-08-24T13:26:57.396427,GB,mobile_app,False,0.0,0,abandoned
TXN_003566,CUST_0751,MERCH_06,199.0,INR,ach,370,authentication_failed,1,4,2,863,2026-08-21T18:41:21.099978,AU,api_integration,True,199.0,0,failed
TXN_003567,CUST_1255,MERCH_09,14.48,USD,net_banking,196,limit_exceeded,1,1,4,196,2026-08-07T03:36:17.713510,CA,mobile_app,False,0.0,0,failed
TXN_003568,CUST_0326,MERCH_02,113.57,GBP,credit_card,39,insufficient_funds,1,8,5,39,2026-08-02T02:25:52.426475,IN,mobile_app,False,0.0,0,failed
TXN_003569,CUST_0894,MERCH_07,129.37,USD,credit_card,2,authentication_failed,1,20,0,2,2026-08-18T05:39:09.921322,CA,web_browser,False,0.0,0,recovered
TXN_003570,CUST_1287,MERCH_07,605.46,INR,net_banking,476,authentication_failed,1,12,5,476,2026-08-03T00:08:20.026877,DE,web_browser,False,0.0,0,failed
TXN_003571,CUST_0303,MERCH_05,29.99,USD,upi,518,insufficient_funds,1,5,1,822,2026-08-04T22:35:10.636033,IN,api_integration,True,29.99,0,failed
TXN_003572,CUST_1480,MERCH_10,7.06,USD,net_banking,630,bank_declined,3,11,0,630,2026-08-16T16:52:59.268229,DE,mobile_app,False,0.0,2,recovered
TXN_003573,CUST_0913,MERCH_03,462.45,USD,credit_card,514,expired_card,1,2,0,717,2026-07-27T05:04:11.281896,GB,api_integration,False,0.0,0,failed
TXN_003574,CUST_0262,MERCH_06,97.59,EUR,wallet,768,network_error,3,16,5,858,2026-08-14T17:29:45.492387,GB,api_integration,False,0.0,2,failed
TXN_003575,CUST_0853,MERCH_03,87.79,EUR,wallet,99,insufficient_funds,1,10,1,142,2026-08-15T15:34:20.900392,CA,api_integration,False,0.0,0,failed
TXN_003576,CUST_1472,MERCH_03,119.77,EUR,credit_card,78,bank_declined,1,0,1,633,2026-08-19T15:25:35.435275,AU,api_integration,False,0.0,0,failed
TXN_003577,CUST_0599,MERCH_05,9.99,EUR,net_banking,529,insufficient_funds,1,10,3,529,2026-08-21T14:41:08.341750,IN,api_integration,True,9.99,0,abandoned
TXN_003578,CUST_0863,MERCH_04,19.99,USD,upi,67,insufficient_funds,1,4,2,871,2026-08-21T10:03:19.637493,CA,web_browser,True,19.99,0,failed
TXN_003579,CUST_0729,MERCH_03,29.99,EUR,ach,515,insufficient_funds,3,20,3,515,2026-07-30T08:41:55.387556,DE,mobile_app,True,29.99,2,failed
TXN_003580,CUST_0372,MERCH_08,8.57,GBP,wallet,314,bank_declined,1,13,0,759,2026-07-27T18:21:43.673204,DE,api_integration,False,0.0,0,failed
TXN_003581,CUST_1161,MERCH_08,35.47,GBP,ach,664,expired_card,1,18,3,664,2026-08-14T09:12:36.876953,CA,web_browser,False,0.0,0,failed
TXN_003582,CUST_1365,MERCH_10,95.14,USD,credit_card,223,bank_declined,1,12,1,223,2026-08-23T14:39:09.365762,DE,web_browser,False,0.0,0,failed
TXN_003583,CUST_1122,MERCH_06,199.0,GBP,credit_card,132,invalid_payment_method,1,11,5,189,2026-07-29T06:50:28.550815,AU,web_browser,True,199.0,0,failed
TXN_003584,CUST_0391,MERCH_03,74.15,EUR,debit_card,665,authentication_failed,3,7,1,665,2026-08-08T06:10:23.402612,IN,mobile_app,False,0.0,2,failed
TXN_003585,CUST_0932,MERCH_02,633.36,GBP,credit_card,315,bank_declined,2,19,5,483,2026-08-12T09:56:38.704864,CA,mobile_app,False,0.0,1,abandoned
TXN_003586,CUST_0329,MERCH_10,251.83,USD,debit_card,121,authentication_failed,1,2,0,121,2026-08-20T23:04:06.992034,CA,mobile_app,False,0.0,0,abandoned
TXN_003587,CUST_0759,MERCH_06,81.79,EUR,ach,216,insufficient_funds,3,9,1,216,2026-08-15T17:50:19.564520,CA,api_integration,False,0.0,2,recovered
TXN_003588,CUST_1289,MERCH_04,15.75,GBP,ach,355,insufficient_funds,3,20,4,509,2026-08-24T02:53:21.659795,US,mobile_app,False,0.0,2,failed
TXN_003589,CUST_1119,MERCH_09,155.0,INR,upi,500,insufficient_funds,2,1,1,751,2026-08-06T17:50:13.243947,GB,mobile_app,False,0.0,1,recovered
TXN_003590,CUST_1004,MERCH_10,49.99,USD,credit_card,317,expired_card,2,1,2,317,2026-08-02T18:38:13.614645,DE,api_integration,True,49.99,1,recovered
TXN_003591,CUST_0255,MERCH_07,99.0,GBP,net_banking,452,insufficient_funds,1,15,5,452,2026-08-10T21:42:33.615320,DE,api_integration,True,99.0,0,recovered
TXN_003592,CUST_0697,MERCH_06,25.1,USD,upi,650,limit_exceeded,1,7,5,650,2026-07-31T17:16:37.703643,CA,web_browser,False,0.0,0,failed
TXN_003593,CUST_0769,MERCH_05,499.0,GBP,ach,643,insufficient_funds,3,10,2,643,2026-08-04T23:00:25.293258,US,api_integration,True,499.0,2,failed
TXN_003594,CUST_1042,MERCH_10,14.45,USD,credit_card,317,limit_exceeded,1,20,0,853,2026-07-26T18:06:59.893390,US,web_browser,False,0.0,0,failed
TXN_003595,CUST_0501,MERCH_02,21.53,GBP,net_banking,112,expired_card,1,11,4,180,2026-08-08T04:30:26.223125,AU,mobile_app,False,0.0,0,failed
TXN_003596,CUST_0629,MERCH_01,73.36,EUR,net_banking,335,network_error,2,20,1,335,2026-08-16T03:38:36.933758,GB,mobile_app,False,0.0,1,failed
TXN_003597,CUST_1431,MERCH_07,370.48,USD,debit_card,316,bank_declined,1,8,1,449,2026-08-01T08:27:06.637226,IN,mobile_app,False,0.0,0,recovered
TXN_003598,CUST_0663,MERCH_02,49.99,USD,ach,43,insufficient_funds,1,18,3,43,2026-08-03T09:25:55.274665,GB,api_integration,True,49.99,0,failed
TXN_003599,CUST_1044,MERCH_07,99.0,USD,ach,175,expired_card,1,7,3,175,2026-07-26T01:50:35.674064,DE,web_browser,True,99.0,0,failed
TXN_003600,CUST_0898,MERCH_10,499.0,GBP,ach,2,insufficient_funds,2,11,5,2,2026-07-29T00:11:55.918190,US,api_integration,True,499.0,1,failed
TXN_003601,CUST_0787,MERCH_09,48.84,USD,credit_card,257,bank_declined,1,4,1,407,2026-08-21T16:59:37.320123,AU,mobile_app,False,0.0,0,failed
TXN_003602,CUST_0167,MERCH_09,75.57,USD,upi,60,expired_card,2,1,2,60,2026-07-27T10:45:59.080913,US,api_integration,False,0.0,1,failed
TXN_003603,CUST_1054,MERCH_06,99.0,INR,credit_card,591,expired_card,1,18,1,912,2026-08-11T21:38:22.773132,GB,api_integration,True,99.0,0,failed
TXN_003604,CUST_0533,MERCH_05,19.99,INR,debit_card,81,insufficient_funds,2,1,2,223,2026-08-11T03:37:37.863640,IN,api_integration,True,19.99,1,failed
TXN_003605,CUST_1055,MERCH_05,406.43,GBP,credit_card,198,authentication_failed,2,10,4,581,2026-08-16T00:31:10.324696,US,web_browser,False,0.0,1,failed
TXN_003606,CUST_0902,MERCH_08,307.0,INR,credit_card,782,expired_card,1,6,4,782,2026-08-22T21:36:18.161106,AU,web_browser,False,0.0,0,failed
TXN_003607,CUST_0452,MERCH_10,19.99,USD,net_banking,152,authentication_failed,1,11,1,152,2026-08-16T17:17:30.184478,AU,mobile_app,True,19.99,0,failed
TXN_003608,CUST_1388,MERCH_03,54.0,INR,net_banking,257,bank_declined,1,12,4,257,2026-07-28T00:40:17.724266,US,web_browser,False,0.0,0,recovered
TXN_003609,CUST_0850,MERCH_06,60.88,EUR,ach,603,expired_card,1,7,1,675,2026-08-21T04:33:04.847653,CA,mobile_app,False,0.0,0,failed
TXN_003610,CUST_0889,MERCH_10,217.75,EUR,upi,52,insufficient_funds,4,12,0,52,2026-08-04T22:55:13.906560,GB,mobile_app,False,0.0,3,abandoned
TXN_003611,CUST_1302,MERCH_01,38.17,USD,debit_card,633,expired_card,1,1,1,633,2026-08-23T19:49:10.154565,GB,web_browser,False,0.0,0,abandoned
TXN_003612,CUST_0444,MERCH_04,260.17,USD,upi,275,unknown,2,8,3,684,2026-07-31T13:27:22.286592,DE,web_browser,False,0.0,1,abandoned
TXN_003613,CUST_0276,MERCH_02,139.9,USD,credit_card,241,limit_exceeded,1,10,3,750,2026-08-12T16:27:54.685911,US,web_browser,False,0.0,0,failed
TXN_003614,CUST_1141,MERCH_06,19.99,EUR,debit_card,183,insufficient_funds,2,5,5,466,2026-08-12T15:37:43.391166,IN,mobile_app,True,19.99,1,failed
TXN_003615,CUST_1342,MERCH_03,47.51,GBP,net_banking,339,insufficient_funds,3,17,3,339,2026-08-13T02:32:30.157921,GB,api_integration,False,0.0,2,abandoned
TXN_003616,CUST_1092,MERCH_03,199.0,GBP,credit_card,838,insufficient_funds,1,11,4,920,2026-08-17T17:55:00.715303,CA,api_integration,True,199.0,0,recovered
TXN_003617,CUST_1246,MERCH_04,199.0,USD,upi,751,insufficient_funds,2,16,1,751,2026-08-18T06:27:06.137881,AU,api_integration,True,199.0,1,failed
TXN_003618,CUST_0473,MERCH_07,115.86,INR,credit_card,556,expired_card,1,16,0,556,2026-08-12T07:14:08.691402,US,mobile_app,False,0.0,0,failed
TXN_003619,CUST_0481,MERCH_03,1009.9,INR,wallet,419,insufficient_funds,2,6,5,419,2026-07-29T14:29:50.088047,US,mobile_app,False,0.0,1,failed
TXN_003620,CUST_0554,MERCH_08,29.99,INR,wallet,484,insufficient_funds,1,3,1,824,2026-08-09T20:23:24.148824,IN,api_integration,True,29.99,0,recovered
TXN_003621,CUST_0394,MERCH_07,187.3,INR,ach,162,authentication_failed,1,18,2,267,2026-07-29T12:51:42.703725,AU,mobile_app,False,0.0,0,failed
TXN_003622,CUST_0909,MERCH_10,41.17,EUR,wallet,179,bank_declined,2,0,5,483,2026-08-01T08:32:37.774210,DE,mobile_app,False,0.0,1,failed
TXN_003623,CUST_1391,MERCH_07,199.0,EUR,credit_card,770,authentication_failed,1,18,4,839,2026-08-03T02:24:19.922588,DE,mobile_app,True,199.0,0,failed
TXN_003624,CUST_0573,MERCH_07,34.22,INR,net_banking,338,insufficient_funds,1,8,2,338,2026-08-06T17:54:00.764451,CA,mobile_app,False,0.0,0,failed
TXN_003625,CUST_0374,MERCH_08,19.99,INR,debit_card,244,limit_exceeded,1,3,2,357,2026-08-21T22:08:24.645065,DE,web_browser,True,19.99,0,failed
TXN_003626,CUST_0619,MERCH_06,9.99,GBP,debit_card,720,bank_declined,4,12,2,835,2026-08-12T03:38:02.187890,GB,api_integration,True,9.99,3,failed
TXN_003627,CUST_0765,MERCH_02,19.99,INR,ach,5,authentication_failed,2,13,5,5,2026-08-10T21:14:58.621157,DE,web_browser,True,19.99,1,failed
TXN_003628,CUST_0909,MERCH_05,15.19,INR,ach,218,bank_declined,3,16,0,218,2026-08-11T05:02:06.656292,DE,mobile_app,False,0.0,2,recovered
TXN_003629,CUST_1293,MERCH_02,50.79,EUR,credit_card,421,expired_card,3,11,0,794,2026-08-03T23:07:03.304709,CA,web_browser,False,0.0,2,failed
TXN_003630,CUST_0961,MERCH_06,150.16,GBP,net_banking,965,invalid_payment_method,1,18,0,965,2026-08-12T10:33:45.367130,US,api_integration,False,0.0,0,abandoned
TXN_003631,CUST_0476,MERCH_03,49.99,EUR,debit_card,588,insufficient_funds,2,9,4,727,2026-08-21T16:31:13.166483,CA,api_integration,True,49.99,1,failed
TXN_003632,CUST_0109,MERCH_05,199.0,GBP,net_banking,107,insufficient_funds,3,4,2,622,2026-08-18T21:17:17.577144,CA,web_browser,True,199.0,2,failed
TXN_003633,CUST_0659,MERCH_03,19.99,GBP,debit_card,135,insufficient_funds,4,5,5,309,2026-07-31T12:18:44.144572,DE,mobile_app,True,19.99,3,failed
TXN_003634,CUST_1468,MERCH_10,19.99,EUR,wallet,335,insufficient_funds,1,6,0,465,2026-08-07T02:05:13.827708,IN,api_integration,True,19.99,0,recovered
TXN_003635,CUST_1245,MERCH_06,99.0,EUR,credit_card,104,bank_declined,1,7,1,486,2026-08-02T17:36:39.982449,IN,web_browser,True,99.0,0,failed
TXN_003636,CUST_1431,MERCH_07,38.8,USD,net_banking,68,bank_declined,1,9,1,68,2026-08-04T14:29:19.611412,IN,mobile_app,False,0.0,0,failed
TXN_003637,CUST_0813,MERCH_05,153.42,EUR,upi,249,bank_declined,1,8,1,249,2026-07-28T19:58:22.112151,US,web_browser,False,0.0,0,failed
TXN_003638,CUST_0940,MERCH_09,503.3,EUR,upi,408,bank_declined,1,4,0,408,2026-08-05T11:10:43.786596,DE,api_integration,False,0.0,0,failed
TXN_003639,CUST_0185,MERCH_03,406.46,USD,net_banking,428,insufficient_funds,1,3,5,571,2026-08-21T19:30:59.029710,AU,mobile_app,False,0.0,0,recovered
TXN_003640,CUST_0856,MERCH_05,144.35,GBP,credit_card,255,insufficient_funds,1,9,2,255,2026-08-18T07:17:02.861115,IN,web_browser,False,0.0,0,failed
TXN_003641,CUST_1054,MERCH_05,17.79,INR,net_banking,247,insufficient_funds,1,0,2,280,2026-08-10T06:59:16.915154,CA,mobile_app,False,0.0,0,recovered
TXN_003642,CUST_0360,MERCH_08,50.1,EUR,credit_card,246,insufficient_funds,2,19,2,987,2026-08-11T05:04:02.789017,AU,api_integration,False,0.0,1,failed
TXN_003643,CUST_0894,MERCH_10,27.7,INR,credit_card,54,authentication_failed,1,14,1,875,2026-08-19T17:19:19.445321,DE,mobile_app,False,0.0,0,failed
TXN_003644,CUST_1420,MERCH_07,125.43,EUR,credit_card,707,limit_exceeded,3,14,2,762,2026-08-17T01:52:03.194654,US,api_integration,False,0.0,2,failed
TXN_003645,CUST_0394,MERCH_06,47.51,EUR,ach,2,insufficient_funds,1,10,2,819,2026-08-11T18:43:34.799702,IN,api_integration,False,0.0,0,recovered
TXN_003646,CUST_0656,MERCH_01,99.0,USD,wallet,345,limit_exceeded,1,4,3,489,2026-07-31T06:14:08.381077,GB,mobile_app,True,99.0,0,failed
TXN_003647,CUST_0628,MERCH_03,412.15,EUR,ach,202,bank_declined,1,19,2,402,2026-08-18T06:30:14.921890,GB,mobile_app,False,0.0,0,recovered
TXN_003648,CUST_1138,MERCH_09,19.99,EUR,debit_card,633,insufficient_funds,4,6,1,633,2026-08-09T11:05:17.102552,GB,api_integration,True,19.99,3,abandoned
TXN_003649,CUST_1499,MERCH_06,134.75,INR,debit_card,254,limit_exceeded,1,14,3,420,2026-08-13T01:25:42.555455,GB,api_integration,False,0.0,0,failed
TXN_003650,CUST_1425,MERCH_05,49.99,USD,net_banking,181,bank_declined,1,6,3,415,2026-08-10T23:17:13.992332,GB,mobile_app,True,49.99,0,failed
TXN_003651,CUST_1404,MERCH_06,217.44,EUR,wallet,276,insufficient_funds,1,6,4,276,2026-08-04T20:24:48.238876,AU,mobile_app,False,0.0,0,failed
TXN_003652,CUST_1342,MERCH_05,84.91,EUR,credit_card,588,network_error,1,1,4,588,2026-08-14T19:23:11.679918,CA,api_integration,False,0.0,0,failed
TXN_003653,CUST_0518,MERCH_10,370.2,USD,wallet,122,insufficient_funds,1,18,5,122,2026-08-17T05:45:53.086277,CA,web_browser,False,0.0,0,failed
TXN_003654,CUST_0897,MERCH_03,365.83,GBP,ach,34,authentication_failed,1,11,3,268,2026-08-13T17:05:17.830491,AU,web_browser,False,0.0,0,abandoned
TXN_003655,CUST_0140,MERCH_04,48.45,GBP,upi,52,expired_card,1,12,1,52,2026-07-29T08:52:53.458631,US,api_integration,False,0.0,0,abandoned
TXN_003656,CUST_1420,MERCH_01,9.28,INR,upi,637,bank_declined,1,11,0,637,2026-07-31T00:26:52.740940,CA,mobile_app,False,0.0,0,failed
TXN_003657,CUST_0842,MERCH_01,23.89,EUR,credit_card,157,bank_declined,1,15,0,526,2026-08-07T04:31:27.277829,AU,mobile_app,False,0.0,0,failed
TXN_003658,CUST_1366,MERCH_01,19.99,GBP,debit_card,66,authentication_failed,2,11,0,66,2026-08-17T02:40:56.856223,DE,api_integration,True,19.99,1,failed
TXN_003659,CUST_0212,MERCH_06,63.29,EUR,net_banking,633,insufficient_funds,1,16,1,711,2026-07-28T08:35:52.573817,AU,web_browser,False,0.0,0,recovered
TXN_003660,CUST_0741,MERCH_07,54.94,EUR,ach,201,insufficient_funds,2,12,1,201,2026-07-28T20:28:31.044844,CA,web_browser,False,0.0,1,failed
TXN_003661,CUST_0235,MERCH_10,19.99,USD,net_banking,55,bank_declined,1,17,1,811,2026-08-18T13:25:32.594601,US,web_browser,True,19.99,0,failed
TXN_003662,CUST_1455,MERCH_05,297.47,EUR,credit_card,207,insufficient_funds,1,18,0,207,2026-07-29T13:59:32.762135,CA,api_integration,False,0.0,0,failed
TXN_003663,CUST_1091,MERCH_04,29.99,GBP,credit_card,769,bank_declined,2,20,1,958,2026-08-02T01:43:41.864635,DE,api_integration,True,29.99,1,failed
TXN_003664,CUST_0411,MERCH_02,290.22,INR,credit_card,18,insufficient_funds,1,12,5,18,2026-08-19T20:44:06.804524,DE,web_browser,False,0.0,0,failed
TXN_003665,CUST_1044,MERCH_09,199.0,INR,net_banking,822,insufficient_funds,3,0,4,822,2026-07-29T17:05:56.678593,DE,api_integration,True,199.0,2,failed
TXN_003666,CUST_1082,MERCH_01,27.7,EUR,ach,623,network_error,1,11,3,623,2026-08-12T02:54:45.323251,US,mobile_app,False,0.0,0,recovered
TXN_003667,CUST_1340,MERCH_04,56.79,EUR,credit_card,255,network_error,1,5,4,401,2026-08-13T01:11:03.648704,AU,mobile_app,False,0.0,0,failed
TXN_003668,CUST_0574,MERCH_09,50.66,USD,wallet,73,authentication_failed,1,1,1,73,2026-08-16T23:20:52.555422,US,api_integration,False,0.0,0,recovered
TXN_003669,CUST_1416,MERCH_01,36.84,USD,credit_card,534,bank_declined,1,15,1,534,2026-08-14T14:43:54.713390,CA,api_integration,False,0.0,0,failed
TXN_003670,CUST_1084,MERCH_04,19.99,EUR,wallet,394,limit_exceeded,4,5,3,394,2026-07-27T09:00:01.276535,AU,mobile_app,True,19.99,3,failed
TXN_003671,CUST_0464,MERCH_05,78.95,EUR,ach,176,authentication_failed,4,18,5,176,2026-08-08T09:06:00.247337,IN,mobile_app,False,0.0,3,abandoned
TXN_003672,CUST_0250,MERCH_01,389.26,INR,credit_card,311,unknown,2,11,5,318,2026-08-15T12:17:28.824220,CA,web_browser,False,0.0,1,failed
TXN_003673,CUST_0216,MERCH_06,499.0,GBP,net_banking,15,bank_declined,1,17,3,15,2026-08-21T17:34:23.260364,GB,api_integration,True,499.0,0,failed
TXN_003674,CUST_1353,MERCH_01,29.99,INR,debit_card,543,network_error,1,20,4,961,2026-07-26T23:33:00.854780,US,api_integration,True,29.99,0,failed
TXN_003675,CUST_0661,MERCH_02,13.05,GBP,debit_card,70,authentication_failed,1,4,4,781,2026-08-02T05:51:00.129931,DE,web_browser,False,0.0,0,failed
TXN_003676,CUST_1017,MERCH_06,328.93,INR,debit_card,58,insufficient_funds,1,13,1,475,2026-08-06T14:19:57.579308,AU,mobile_app,False,0.0,0,failed
TXN_003677,CUST_0470,MERCH_03,21.38,GBP,debit_card,626,expired_card,1,13,4,638,2026-08-10T03:23:13.523033,US,mobile_app,False,0.0,0,abandoned
TXN_003678,CUST_0538,MERCH_05,134.09,GBP,debit_card,638,bank_declined,3,17,1,655,2026-07-27T17:08:07.988023,US,api_integration,False,0.0,2,abandoned
TXN_003679,CUST_0450,MERCH_10,64.22,EUR,debit_card,312,authentication_failed,3,18,5,581,2026-08-15T20:33:51.098842,CA,web_browser,False,0.0,2,failed
TXN_003680,CUST_0501,MERCH_08,361.45,GBP,upi,428,unknown,3,5,2,985,2026-08-14T04:43:23.833056,CA,web_browser,False,0.0,2,recovered
TXN_003681,CUST_0955,MERCH_10,348.38,USD,net_banking,5,insufficient_funds,1,15,3,741,2026-07-29T23:14:48.714051,CA,api_integration,False,0.0,0,failed
TXN_003682,CUST_1290,MERCH_07,304.6,EUR,net_banking,6,insufficient_funds,1,11,4,657,2026-07-25T21:13:16.594739,DE,web_browser,False,0.0,0,failed
TXN_003683,CUST_0105,MERCH_05,49.99,EUR,ach,366,insufficient_funds,1,19,3,633,2026-08-23T09:34:38.007175,CA,web_browser,True,49.99,0,recovered
TXN_003684,CUST_0113,MERCH_07,99.0,GBP,upi,33,bank_declined,2,5,4,381,2026-08-20T13:06:27.592749,US,api_integration,True,99.0,1,failed
TXN_003685,CUST_1409,MERCH_03,199.0,USD,debit_card,113,authentication_failed,1,5,2,179,2026-08-18T02:04:49.658782,DE,api_integration,True,199.0,0,recovered
TXN_003686,CUST_0676,MERCH_05,262.31,EUR,wallet,250,unknown,1,4,3,388,2026-07-29T05:02:21.423818,CA,web_browser,False,0.0,0,recovered
TXN_003687,CUST_1308,MERCH_08,19.41,INR,ach,612,bank_declined,1,4,5,612,2026-07-31T15:37:52.694596,DE,web_browser,False,0.0,0,failed
TXN_003688,CUST_0557,MERCH_04,109.04,GBP,wallet,643,bank_declined,1,18,4,643,2026-08-02T05:53:39.832935,GB,mobile_app,False,0.0,0,recovered
TXN_003689,CUST_0813,MERCH_10,67.27,USD,credit_card,330,insufficient_funds,1,15,5,696,2026-08-07T16:10:56.557886,DE,mobile_app,False,0.0,0,abandoned
TXN_003690,CUST_1116,MERCH_05,96.74,USD,wallet,295,bank_declined,1,3,0,295,2026-08-12T02:31:11.240498,DE,api_integration,False,0.0,0,failed
TXN_003691,CUST_0297,MERCH_01,171.05,EUR,credit_card,399,insufficient_funds,1,10,4,770,2026-08-05T04:22:59.815120,US,api_integration,False,0.0,0,failed
TXN_003692,CUST_0841,MERCH_10,73.6,EUR,debit_card,298,authentication_failed,1,8,5,298,2026-08-22T03:24:42.161884,US,api_integration,False,0.0,0,failed
TXN_003693,CUST_1142,MERCH_05,99.0,INR,upi,278,insufficient_funds,1,20,3,329,2026-08-08T09:34:10.343092,GB,mobile_app,True,99.0,0,recovered
TXN_003694,CUST_0864,MERCH_05,29.99,GBP,credit_card,50,unknown,1,3,4,50,2026-08-11T09:09:42.195111,CA,api_integration,True,29.99,0,failed
TXN_003695,CUST_0876,MERCH_01,82.11,EUR,wallet,116,limit_exceeded,1,13,4,283,2026-08-21T19:05:12.603973,IN,web_browser,False,0.0,0,failed
TXN_003696,CUST_1330,MERCH_06,138.0,INR,debit_card,475,expired_card,1,5,3,475,2026-08-06T05:35:54.992920,CA,api_integration,False,0.0,0,failed
TXN_003697,CUST_1444,MERCH_02,78.82,GBP,net_banking,30,bank_declined,3,8,4,30,2026-08-05T11:09:13.948772,US,mobile_app,False,0.0,2,recovered
TXN_003698,CUST_0122,MERCH_03,43.3,GBP,wallet,639,network_error,2,4,0,946,2026-07-26T00:51:04.154780,US,web_browser,False,0.0,1,failed
TXN_003699,CUST_1061,MERCH_04,50.35,EUR,wallet,355,insufficient_funds,1,6,4,355,2026-08-18T16:15:33.494069,DE,api_integration,False,0.0,0,failed
TXN_003700,CUST_0650,MERCH_10,18.33,USD,credit_card,510,bank_declined,3,15,5,542,2026-08-09T08:07:11.844596,AU,mobile_app,False,0.0,2,failed
TXN_003701,CUST_0578,MERCH_08,64.13,GBP,credit_card,97,bank_declined,1,5,1,207,2026-08-22T08:47:33.027094,AU,web_browser,False,0.0,0,failed
TXN_003702,CUST_0301,MERCH_03,109.94,USD,wallet,252,network_error,1,13,1,252,2026-08-06T07:49:42.342710,AU,mobile_app,False,0.0,0,recovered
TXN_003703,CUST_0493,MERCH_03,199.0,INR,upi,186,insufficient_funds,1,16,1,186,2026-08-16T00:01:40.219395,US,api_integration,True,199.0,0,failed
TXN_003704,CUST_1105,MERCH_09,20.49,INR,ach,115,limit_exceeded,2,18,2,488,2026-08-16T02:03:52.272765,GB,api_integration,False,0.0,1,failed
TXN_003705,CUST_1310,MERCH_01,199.0,USD,ach,302,network_error,1,20,1,524,2026-08-21T21:18:11.516049,US,api_integration,True,199.0,0,failed
TXN_003706,CUST_1438,MERCH_04,235.75,USD,upi,215,insufficient_funds,1,15,5,283,2026-07-29T02:59:13.231784,AU,api_integration,False,0.0,0,failed
TXN_003707,CUST_1068,MERCH_10,29.99,INR,net_banking,229,bank_declined,1,20,0,510,2026-08-09T04:44:36.012570,DE,mobile_app,True,29.99,0,abandoned
TXN_003708,CUST_0432,MERCH_01,199.0,EUR,net_banking,950,limit_exceeded,2,4,4,979,2026-08-08T05:21:40.251173,IN,mobile_app,True,199.0,1,recovered
TXN_003709,CUST_0289,MERCH_07,6.31,GBP,ach,141,insufficient_funds,3,5,0,527,2026-08-16T18:40:55.256199,CA,web_browser,False,0.0,2,recovered
TXN_003710,CUST_0682,MERCH_06,259.89,USD,credit_card,120,expired_card,2,18,1,120,2026-08-14T19:59:02.674834,IN,web_browser,False,0.0,1,recovered
TXN_003711,CUST_0624,MERCH_10,122.06,EUR,wallet,28,bank_declined,1,18,2,28,2026-07-30T13:26:36.857848,DE,api_integration,False,0.0,0,failed
TXN_003712,CUST_0625,MERCH_06,170.67,USD,upi,450,bank_declined,1,8,5,609,2026-07-30T12:52:24.686761,CA,web_browser,False,0.0,0,failed
TXN_003713,CUST_0727,MERCH_03,22.1,EUR,credit_card,264,network_error,1,13,1,583,2026-07-31T09:59:25.400885,GB,web_browser,False,0.0,0,abandoned
TXN_003714,CUST_0629,MERCH_05,182.51,GBP,upi,70,expired_card,1,9,4,70,2026-08-15T07:13:48.011364,CA,web_browser,False,0.0,0,failed
TXN_003715,CUST_0135,MERCH_09,44.08,USD,debit_card,488,insufficient_funds,1,7,0,488,2026-08-17T16:26:47.236659,CA,api_integration,False,0.0,0,failed
TXN_003716,CUST_1347,MERCH_10,67.38,GBP,ach,497,authentication_failed,1,19,1,500,2026-08-02T08:42:55.813839,US,web_browser,False,0.0,0,abandoned
TXN_003717,CUST_0614,MERCH_03,29.99,USD,debit_card,209,insufficient_funds,3,10,0,734,2026-08-16T13:28:47.226672,GB,web_browser,True,29.99,2,recovered
TXN_003718,CUST_0381,MERCH_03,499.0,GBP,credit_card,305,network_error,3,4,0,456,2026-08-14T10:44:20.715979,AU,mobile_app,True,499.0,2,failed
TXN_003719,CUST_0979,MERCH_04,19.99,INR,upi,643,authentication_failed,1,19,4,680,2026-08-11T03:10:58.080013,IN,mobile_app,True,19.99,0,failed
TXN_003720,CUST_0101,MERCH_09,376.66,INR,net_banking,365,insufficient_funds,2,20,3,375,2026-08-01T06:07:11.206711,IN,mobile_app,False,0.0,1,failed
TXN_003721,CUST_0279,MERCH_09,54.51,USD,wallet,63,unknown,1,11,0,745,2026-08-09T14:12:50.954938,US,mobile_app,False,0.0,0,failed
TXN_003722,CUST_1332,MERCH_10,35.01,INR,ach,139,insufficient_funds,2,17,1,293,2026-08-17T03:46:04.689793,DE,api_integration,False,0.0,1,failed
TXN_003723,CUST_1443,MERCH_06,36.25,INR,ach,578,insufficient_funds,1,6,2,578,2026-08-06T22:34:56.669580,US,web_browser,False,0.0,0,failed
TXN_003724,CUST_0203,MERCH_10,435.87,USD,credit_card,201,insufficient_funds,2,4,2,794,2026-07-30T17:23:41.054215,DE,api_integration,False,0.0,1,abandoned
TXN_003725,CUST_0265,MERCH_08,9.99,GBP,debit_card,301,expired_card,1,7,1,301,2026-08-05T03:43:00.328609,GB,web_browser,True,9.99,0,recovered
TXN_003726,CUST_1083,MERCH_09,499.0,GBP,wallet,122,authentication_failed,1,0,3,122,2026-08-19T19:15:23.186093,DE,api_integration,True,499.0,0,abandoned
TXN_003727,CUST_0984,MERCH_10,9.99,EUR,upi,516,insufficient_funds,2,3,4,516,2026-08-01T20:35:52.410473,AU,api_integration,True,9.99,1,failed
TXN_003728,CUST_0837,MERCH_03,49.99,USD,credit_card,79,expired_card,1,18,5,835,2026-08-08T14:25:59.892796,DE,web_browser,True,49.99,0,recovered
TXN_003729,CUST_1109,MERCH_09,71.2,EUR,credit_card,110,expired_card,3,11,0,954,2026-08-13T15:22:33.049935,IN,web_browser,False,0.0,2,failed
TXN_003730,CUST_0996,MERCH_07,9.99,USD,credit_card,100,bank_declined,1,4,1,100,2026-08-13T18:38:45.133506,US,mobile_app,True,9.99,0,recovered
TXN_003731,CUST_0890,MERCH_07,69.34,GBP,ach,798,network_error,4,7,4,798,2026-08-08T08:29:20.793155,US,api_integration,False,0.0,3,failed
TXN_003732,CUST_1219,MERCH_05,109.85,INR,debit_card,181,network_error,1,7,0,949,2026-08-22T11:29:31.071046,CA,mobile_app,False,0.0,0,failed
TXN_003733,CUST_1071,MERCH_03,266.77,USD,credit_card,534,insufficient_funds,1,19,5,534,2026-07-27T03:57:54.473522,IN,web_browser,False,0.0,0,recovered
TXN_003734,CUST_0413,MERCH_04,8.74,INR,wallet,302,insufficient_funds,2,14,5,302,2026-08-14T07:12:53.341276,IN,web_browser,False,0.0,1,failed
TXN_003735,CUST_0676,MERCH_07,465.96,EUR,upi,228,bank_declined,2,8,3,386,2026-08-22T01:05:10.102311,DE,mobile_app,False,0.0,1,failed
TXN_003736,CUST_0522,MERCH_07,43.29,GBP,net_banking,854,unknown,1,9,1,854,2026-07-26T11:47:04.312425,CA,web_browser,False,0.0,0,failed
TXN_003737,CUST_0357,MERCH_03,368.73,EUR,debit_card,312,expired_card,1,2,3,312,2026-07-31T16:09:15.695327,IN,web_browser,False,0.0,0,failed
TXN_003738,CUST_0449,MERCH_01,141.46,GBP,credit_card,296,expired_card,1,4,2,296,2026-08-16T15:48:45.455020,DE,api_integration,False,0.0,0,failed
TXN_003739,CUST_0915,MERCH_01,161.11,USD,upi,498,insufficient_funds,3,16,4,498,2026-08-11T23:13:52.346788,CA,web_browser,False,0.0,2,failed
TXN_003740,CUST_0580,MERCH_10,74.43,EUR,credit_card,655,invalid_payment_method,3,3,5,655,2026-07-31T11:05:42.911544,US,web_browser,False,0.0,2,failed
TXN_003741,CUST_0146,MERCH_05,499.0,INR,upi,538,authentication_failed,1,19,0,721,2026-08-08T21:03:48.513541,DE,api_integration,True,499.0,0,failed
TXN_003742,CUST_0856,MERCH_06,160.3,GBP,wallet,270,invalid_payment_method,1,13,2,329,2026-08-01T20:23:16.175384,DE,api_integration,False,0.0,0,failed
TXN_003743,CUST_1089,MERCH_05,29.99,INR,net_banking,595,bank_declined,4,5,5,595,2026-08-18T10:09:19.716271,GB,web_browser,True,29.99,3,abandoned
TXN_003744,CUST_1154,MERCH_05,588.47,GBP,net_banking,64,limit_exceeded,2,16,2,64,2026-08-09T03:20:46.293206,IN,web_browser,False,0.0,1,abandoned
TXN_003745,CUST_0576,MERCH_01,21.97,EUR,upi,450,authentication_failed,1,17,3,987,2026-07-29T05:31:51.756611,US,mobile_app,False,0.0,0,recovered
TXN_003746,CUST_1333,MERCH_04,359.04,INR,net_banking,73,insufficient_funds,1,9,3,494,2026-08-06T07:22:41.990991,GB,mobile_app,False,0.0,0,recovered
TXN_003747,CUST_0543,MERCH_08,9.99,GBP,debit_card,638,limit_exceeded,4,4,5,816,2026-07-29T18:17:10.902924,GB,mobile_app,True,9.99,3,abandoned
TXN_003748,CUST_1245,MERCH_08,95.33,USD,credit_card,577,expired_card,1,5,0,577,2026-08-04T07:04:36.145057,GB,web_browser,False,0.0,0,failed
TXN_003749,CUST_0934,MERCH_05,99.0,USD,debit_card,578,invalid_payment_method,4,5,5,578,2026-08-22T16:23:31.935932,CA,web_browser,True,99.0,3,abandoned
TXN_003750,CUST_0771,MERCH_09,49.99,EUR,credit_card,727,authentication_failed,2,7,1,727,2026-07-29T01:00:36.650079,US,mobile_app,True,49.99,1,recovered
TXN_003751,CUST_1034,MERCH_02,9.99,USD,wallet,471,bank_declined,1,15,0,634,2026-07-30T19:27:07.654775,CA,web_browser,True,9.99,0,failed
TXN_003752,CUST_0579,MERCH_08,199.0,GBP,credit_card,147,insufficient_funds,1,13,4,814,2026-08-10T02:29:48.693644,US,mobile_app,True,199.0,0,recovered
TXN_003753,CUST_0133,MERCH_07,145.96,INR,debit_card,53,bank_declined,1,14,3,300,2026-08-23T03:51:49.064732,GB,api_integration,False,0.0,0,recovered
TXN_003754,CUST_1483,MERCH_07,209.19,GBP,credit_card,4,insufficient_funds,1,0,3,97,2026-08-17T12:04:13.056740,US,web_browser,False,0.0,0,failed
TXN_003755,CUST_0227,MERCH_01,9.99,USD,upi,120,limit_exceeded,1,4,1,743,2026-07-30T22:51:45.351438,US,api_integration,True,9.99,0,failed
TXN_003756,CUST_0173,MERCH_02,499.0,USD,credit_card,388,limit_exceeded,1,17,0,752,2026-08-03T00:38:30.460739,CA,web_browser,True,499.0,0,recovered
TXN_003757,CUST_0993,MERCH_10,351.89,GBP,debit_card,289,network_error,1,1,0,289,2026-07-31T17:12:34.947390,IN,api_integration,False,0.0,0,failed
TXN_003758,CUST_0406,MERCH_03,22.83,INR,credit_card,338,expired_card,1,4,4,960,2026-08-11T20:02:11.399156,US,web_browser,False,0.0,0,failed
TXN_003759,CUST_0140,MERCH_03,48.79,INR,ach,324,insufficient_funds,1,19,3,324,2026-08-16T13:13:13.371524,US,api_integration,False,0.0,0,failed
TXN_003760,CUST_1458,MERCH_03,274.21,EUR,credit_card,340,insufficient_funds,1,16,0,340,2026-07-30T16:50:42.628906,IN,web_browser,False,0.0,0,failed
TXN_003761,CUST_0390,MERCH_05,223.73,GBP,net_banking,184,expired_card,1,7,2,184,2026-08-15T04:52:31.066556,US,api_integration,False,0.0,0,failed
TXN_003762,CUST_0497,MERCH_03,19.99,GBP,net_banking,212,insufficient_funds,2,2,5,212,2026-08-17T18:14:19.641915,CA,api_integration,True,19.99,1,failed
TXN_003763,CUST_1046,MERCH_05,114.49,USD,upi,501,insufficient_funds,1,16,5,501,2026-08-06T08:47:42.937926,DE,web_browser,False,0.0,0,abandoned
TXN_003764,CUST_0571,MERCH_01,134.63,INR,ach,776,expired_card,1,12,3,776,2026-08-23T20:42:33.181892,DE,web_browser,False,0.0,0,failed
TXN_003765,CUST_1432,MERCH_05,141.78,EUR,upi,264,limit_exceeded,2,20,0,264,2026-08-12T08:42:47.726478,GB,api_integration,False,0.0,1,failed
TXN_003766,CUST_1128,MERCH_05,59.51,GBP,credit_card,735,expired_card,1,14,3,735,2026-07-28T19:26:07.319021,GB,mobile_app,False,0.0,0,recovered
TXN_003767,CUST_0621,MERCH_03,109.57,INR,net_banking,534,authentication_failed,2,20,1,534,2026-08-20T10:22:13.378600,CA,web_browser,False,0.0,1,recovered
TXN_003768,CUST_0756,MERCH_05,119.63,EUR,upi,609,insufficient_funds,2,15,2,787,2026-08-11T23:07:31.595134,AU,web_browser,False,0.0,1,failed
TXN_003769,CUST_1426,MERCH_01,199.0,EUR,upi,103,insufficient_funds,2,0,1,659,2026-08-12T08:13:01.004931,IN,api_integration,True,199.0,1,failed
TXN_003770,CUST_1232,MERCH_03,19.99,INR,debit_card,251,unknown,1,9,2,741,2026-08-09T08:57:44.826839,DE,api_integration,True,19.99,0,failed
TXN_003771,CUST_0950,MERCH_06,171.68,USD,credit_card,6,insufficient_funds,4,20,1,681,2026-07-30T13:51:25.833050,IN,mobile_app,False,0.0,3,failed
TXN_003772,CUST_1401,MERCH_08,80.81,USD,credit_card,468,network_error,1,2,2,689,2026-07-28T09:20:27.213658,US,web_browser,False,0.0,0,failed
TXN_003773,CUST_1182,MERCH_02,76.81,GBP,ach,250,insufficient_funds,1,2,2,250,2026-08-21T10:01:52.994167,CA,web_browser,False,0.0,0,failed
TXN_003774,CUST_0179,MERCH_10,49.99,INR,credit_card,653,insufficient_funds,1,19,3,902,2026-08-11T15:19:54.847899,GB,mobile_app,True,49.99,0,failed
TXN_003775,CUST_0178,MERCH_10,270.32,GBP,debit_card,272,insufficient_funds,1,20,4,876,2026-08-20T15:19:25.416370,IN,mobile_app,False,0.0,0,failed
TXN_003776,CUST_1487,MERCH_07,80.87,INR,net_banking,423,insufficient_funds,1,14,5,423,2026-08-05T19:51:52.930701,IN,mobile_app,False,0.0,0,failed
TXN_003777,CUST_0906,MERCH_08,205.11,GBP,credit_card,253,bank_declined,1,3,0,317,2026-08-14T14:56:15.241522,GB,mobile_app,False,0.0,0,failed
TXN_003778,CUST_0645,MERCH_03,196.59,GBP,credit_card,32,insufficient_funds,1,18,1,32,2026-08-17T02:16:39.940080,GB,mobile_app,False,0.0,0,abandoned
TXN_003779,CUST_1136,MERCH_04,110.86,EUR,upi,308,bank_declined,2,13,3,308,2026-08-03T00:39:25.221558,US,web_browser,False,0.0,1,recovered
TXN_003780,CUST_1190,MERCH_05,101.53,GBP,debit_card,501,insufficient_funds,1,18,2,501,2026-07-27T08:33:44.450104,AU,web_browser,False,0.0,0,recovered
TXN_003781,CUST_0783,MERCH_10,370.41,EUR,credit_card,183,authentication_failed,3,18,4,183,2026-08-14T11:15:11.109611,AU,api_integration,False,0.0,2,failed
TXN_003782,CUST_0672,MERCH_03,9.99,GBP,net_banking,606,insufficient_funds,1,9,5,606,2026-07-30T22:13:33.643706,DE,web_browser,True,9.99,0,failed
TXN_003783,CUST_0672,MERCH_06,99.0,INR,ach,355,bank_declined,1,20,0,739,2026-08-13T09:43:49.106184,CA,api_integration,True,99.0,0,recovered
TXN_003784,CUST_0461,MERCH_04,99.0,EUR,ach,9,insufficient_funds,1,7,5,856,2026-07-28T23:20:25.099418,GB,mobile_app,True,99.0,0,recovered
TXN_003785,CUST_1318,MERCH_06,35.37,USD,debit_card,212,authentication_failed,2,12,5,212,2026-08-02T10:11:53.183425,GB,mobile_app,False,0.0,1,failed
TXN_003786,CUST_0737,MERCH_06,195.62,USD,net_banking,98,expired_card,2,1,0,227,2026-08-11T11:12:07.682324,IN,api_integration,False,0.0,1,failed
TXN_003787,CUST_0522,MERCH_06,37.74,EUR,upi,181,insufficient_funds,1,9,4,648,2026-08-11T22:50:29.000123,IN,api_integration,False,0.0,0,failed
TXN_003788,CUST_1114,MERCH_09,15.87,USD,credit_card,701,invalid_payment_method,3,7,2,974,2026-07-28T22:25:39.334561,GB,web_browser,False,0.0,2,failed
TXN_003789,CUST_1202,MERCH_03,90.17,USD,net_banking,435,bank_declined,2,15,1,626,2026-08-01T10:52:22.742185,US,mobile_app,False,0.0,1,failed
TXN_003790,CUST_0100,MERCH_10,27.83,GBP,net_banking,721,authentication_failed,1,17,5,740,2026-08-04T19:34:32.985453,GB,mobile_app,False,0.0,0,failed
TXN_003791,CUST_0744,MERCH_04,165.64,GBP,net_banking,451,network_error,3,1,5,605,2026-08-14T04:51:02.436890,DE,api_integration,False,0.0,2,recovered
TXN_003792,CUST_0312,MERCH_03,123.62,INR,debit_card,338,invalid_payment_method,3,12,4,338,2026-08-12T04:51:57.704002,US,mobile_app,False,0.0,2,failed
TXN_003793,CUST_0278,MERCH_06,217.07,USD,net_banking,30,bank_declined,1,10,2,988,2026-08-21T01:22:22.661621,AU,api_integration,False,0.0,0,recovered
TXN_003794,CUST_1444,MERCH_01,47.26,INR,debit_card,237,unknown,1,7,1,237,2026-08-15T01:16:51.230795,DE,api_integration,False,0.0,0,failed
TXN_003795,CUST_0282,MERCH_07,81.37,USD,ach,753,insufficient_funds,1,1,3,753,2026-07-27T04:09:44.537686,AU,web_browser,False,0.0,0,recovered
TXN_003796,CUST_1146,MERCH_05,63.14,GBP,ach,5,insufficient_funds,1,6,0,5,2026-07-31T08:51:49.164778,CA,web_browser,False,0.0,0,recovered
TXN_003797,CUST_0695,MERCH_02,334.25,EUR,debit_card,216,limit_exceeded,1,11,0,514,2026-08-02T01:58:26.816517,IN,api_integration,False,0.0,0,failed
TXN_003798,CUST_0987,MERCH_04,29.99,USD,debit_card,518,expired_card,2,11,3,705,2026-08-23T03:20:21.735152,GB,mobile_app,True,29.99,1,failed
TXN_003799,CUST_1034,MERCH_07,88.47,GBP,credit_card,366,invalid_payment_method,1,18,5,690,2026-08-03T11:02:25.490991,US,web_browser,False,0.0,0,abandoned
TXN_003800,CUST_1150,MERCH_10,74.89,USD,ach,395,network_error,4,6,1,395,2026-08-16T16:17:43.620344,AU,web_browser,False,0.0,3,abandoned
TXN_003801,CUST_0231,MERCH_03,52.62,GBP,credit_card,447,bank_declined,1,8,1,583,2026-08-18T12:03:37.426610,US,mobile_app,False,0.0,0,failed
TXN_003802,CUST_0237,MERCH_09,178.94,INR,ach,109,insufficient_funds,1,16,3,109,2026-08-08T06:32:18.359982,AU,api_integration,False,0.0,0,failed
TXN_003803,CUST_1393,MERCH_03,17.71,GBP,wallet,226,insufficient_funds,1,18,4,827,2026-07-27T05:00:06.949055,IN,mobile_app,False,0.0,0,recovered
TXN_003804,CUST_0946,MERCH_06,9.99,USD,wallet,371,network_error,1,2,3,755,2026-08-21T17:40:06.466566,CA,api_integration,True,9.99,0,recovered
TXN_003805,CUST_1000,MERCH_06,25.05,INR,wallet,89,expired_card,1,9,4,802,2026-08-06T08:59:18.008866,US,web_browser,False,0.0,0,recovered
TXN_003806,CUST_0993,MERCH_06,17.58,EUR,wallet,86,invalid_payment_method,2,6,0,212,2026-08-10T23:41:47.535335,IN,mobile_app,False,0.0,1,recovered
TXN_003807,CUST_0590,MERCH_06,199.0,INR,net_banking,437,unknown,2,15,5,973,2026-08-14T11:23:30.549400,CA,api_integration,True,199.0,1,recovered
TXN_003808,CUST_0857,MERCH_02,499.0,GBP,debit_card,448,authentication_failed,3,4,2,448,2026-08-14T16:28:51.298858,DE,mobile_app,True,499.0,2,recovered
TXN_003809,CUST_1033,MERCH_03,20.08,INR,upi,199,insufficient_funds,1,17,5,199,2026-08-02T16:09:31.256746,US,mobile_app,False,0.0,0,failed
TXN_003810,CUST_0783,MERCH_01,19.99,GBP,upi,319,insufficient_funds,4,0,5,485,2026-07-30T10:46:31.952118,CA,web_browser,True,19.99,3,abandoned
TXN_003811,CUST_1422,MERCH_05,185.52,INR,wallet,118,insufficient_funds,1,8,4,146,2026-07-25T23:53:27.554788,DE,api_integration,False,0.0,0,recovered
TXN_003812,CUST_0462,MERCH_02,29.99,EUR,credit_card,502,limit_exceeded,4,16,4,962,2026-07-31T04:09:19.097252,IN,mobile_app,True,29.99,3,abandoned
TXN_003813,CUST_0797,MERCH_02,29.99,GBP,ach,56,bank_declined,2,12,2,56,2026-08-04T00:22:40.860944,AU,mobile_app,True,29.99,1,failed
TXN_003814,CUST_1217,MERCH_08,57.04,INR,upi,89,limit_exceeded,1,2,1,316,2026-08-05T13:53:08.548655,US,mobile_app,False,0.0,0,recovered
TXN_003815,CUST_0968,MERCH_06,268.18,USD,net_banking,432,insufficient_funds,1,19,3,432,2026-08-20T02:28:01.895237,CA,api_integration,False,0.0,0,failed
TXN_003816,CUST_0200,MERCH_04,44.81,EUR,debit_card,466,unknown,1,14,5,499,2026-08-23T19:23:42.900629,DE,web_browser,False,0.0,0,recovered
TXN_003817,CUST_0349,MERCH_02,35.87,EUR,ach,688,bank_declined,3,0,1,688,2026-08-02T17:50:00.459994,DE,mobile_app,False,0.0,2,failed
TXN_003818,CUST_1077,MERCH_02,38.12,GBP,ach,82,bank_declined,2,4,0,217,2026-08-12T23:26:32.435679,GB,mobile_app,False,0.0,1,failed
TXN_003819,CUST_1127,MERCH_05,111.63,GBP,wallet,479,authentication_failed,1,20,4,479,2026-08-14T07:46:26.082641,AU,web_browser,False,0.0,0,abandoned
TXN_003820,CUST_1052,MERCH_10,18.37,USD,net_banking,470,insufficient_funds,4,19,0,470,2026-08-12T07:28:58.311102,DE,api_integration,False,0.0,3,abandoned
TXN_003821,CUST_0462,MERCH_04,194.75,INR,debit_card,552,network_error,1,3,0,552,2026-08-01T09:05:25.234477,CA,api_integration,False,0.0,0,recovered
TXN_003822,CUST_1158,MERCH_07,115.17,GBP,upi,309,expired_card,1,19,4,538,2026-08-19T04:39:55.060670,US,api_integration,False,0.0,0,failed
TXN_003823,CUST_0567,MERCH_01,376.3,USD,debit_card,173,insufficient_funds,1,3,2,774,2026-08-12T14:29:20.977326,IN,web_browser,False,0.0,0,failed
TXN_003824,CUST_0464,MERCH_10,142.51,USD,wallet,646,expired_card,2,1,1,730,2026-08-04T03:13:48.662678,GB,api_integration,False,0.0,1,failed
TXN_003825,CUST_1492,MERCH_10,499.0,GBP,net_banking,309,bank_declined,1,15,0,309,2026-08-12T02:08:22.183935,US,mobile_app,True,499.0,0,failed
TXN_003826,CUST_1262,MERCH_08,106.27,EUR,ach,308,insufficient_funds,1,20,1,344,2026-08-22T18:21:42.160178,IN,mobile_app,False,0.0,0,failed
TXN_003827,CUST_0805,MERCH_04,376.78,EUR,debit_card,843,authentication_failed,1,9,4,843,2026-08-03T10:02:32.030780,US,mobile_app,False,0.0,0,recovered
TXN_003828,CUST_0203,MERCH_01,222.84,GBP,credit_card,49,authentication_failed,2,1,2,49,2026-08-16T10:09:32.532638,IN,web_browser,False,0.0,1,recovered
TXN_003829,CUST_0615,MERCH_03,499.0,EUR,ach,80,expired_card,1,7,1,80,2026-08-15T11:22:16.354652,CA,mobile_app,True,499.0,0,recovered
TXN_003830,CUST_1149,MERCH_10,312.33,EUR,ach,803,expired_card,1,2,3,803,2026-08-05T00:50:50.125823,IN,api_integration,False,0.0,0,recovered
TXN_003831,CUST_1348,MERCH_03,9.99,EUR,credit_card,508,network_error,1,15,1,508,2026-08-22T09:14:47.049229,CA,web_browser,True,9.99,0,recovered
TXN_003832,CUST_0140,MERCH_08,130.7,GBP,credit_card,281,insufficient_funds,1,7,1,281,2026-07-27T19:15:32.684540,DE,web_browser,False,0.0,0,recovered
TXN_003833,CUST_1418,MERCH_06,99.0,GBP,wallet,95,expired_card,1,5,3,95,2026-08-12T02:10:22.098578,CA,mobile_app,True,99.0,0,failed
TXN_003834,CUST_0538,MERCH_08,74.79,INR,ach,693,bank_declined,4,14,0,693,2026-08-19T11:23:44.599178,AU,api_integration,False,0.0,3,failed
TXN_003835,CUST_0276,MERCH_08,196.65,GBP,debit_card,2,expired_card,1,15,5,12,2026-08-07T11:48:21.986044,AU,web_browser,False,0.0,0,recovered
TXN_003836,CUST_0726,MERCH_06,49.99,GBP,wallet,1,authentication_failed,4,9,1,1,2026-08-06T14:55:09.832195,AU,mobile_app,True,49.99,3,failed
TXN_003837,CUST_0960,MERCH_05,347.54,EUR,wallet,612,insufficient_funds,1,18,2,756,2026-08-08T14:22:28.163228,AU,api_integration,False,0.0,0,recovered
TXN_003838,CUST_1096,MERCH_05,190.85,GBP,wallet,596,bank_declined,1,0,1,740,2026-07-30T01:06:48.621566,CA,mobile_app,False,0.0,0,failed
TXN_003839,CUST_1427,MERCH_04,73.6,GBP,upi,377,unknown,3,15,4,377,2026-08-03T15:50:13.467294,IN,mobile_app,False,0.0,2,failed
TXN_003840,CUST_1287,MERCH_03,211.3,GBP,upi,518,expired_card,1,6,0,933,2026-08-19T14:43:46.743176,US,web_browser,False,0.0,0,failed
TXN_003841,CUST_0255,MERCH_03,49.99,EUR,upi,383,expired_card,2,7,5,817,2026-08-16T09:01:22.284434,AU,api_integration,True,49.99,1,failed
TXN_003842,CUST_1419,MERCH_08,9.99,EUR,net_banking,676,insufficient_funds,1,18,1,676,2026-07-31T13:50:53.785742,CA,web_browser,True,9.99,0,failed
TXN_003843,CUST_0104,MERCH_04,29.77,GBP,upi,493,bank_declined,1,16,0,493,2026-08-17T03:52:05.596033,US,api_integration,False,0.0,0,failed
TXN_003844,CUST_1041,MERCH_10,99.0,INR,wallet,490,authentication_failed,1,12,4,490,2026-08-01T08:56:24.285580,IN,mobile_app,True,99.0,0,recovered
TXN_003845,CUST_1135,MERCH_04,37.71,INR,upi,216,expired_card,1,13,4,525,2026-08-09T03:42:03.120983,DE,mobile_app,False,0.0,0,recovered
TXN_003846,CUST_1016,MERCH_04,311.67,USD,net_banking,388,expired_card,1,17,0,933,2026-08-17T07:53:40.681628,AU,api_integration,False,0.0,0,recovered
TXN_003847,CUST_1393,MERCH_10,49.99,USD,net_banking,647,authentication_failed,1,15,1,751,2026-08-06T16:56:10.235525,DE,web_browser,True,49.99,0,failed
TXN_003848,CUST_1322,MERCH_07,199.0,USD,wallet,181,insufficient_funds,3,6,2,181,2026-08-03T01:46:49.755369,CA,web_browser,True,199.0,2,recovered
TXN_003849,CUST_0415,MERCH_03,168.0,GBP,wallet,58,expired_card,1,17,0,920,2026-08-02T14:02:37.031766,CA,web_browser,False,0.0,0,failed
TXN_003850,CUST_1473,MERCH_04,143.1,INR,debit_card,47,insufficient_funds,2,2,4,47,2026-07-28T14:16:08.447928,US,web_browser,False,0.0,1,failed
TXN_003851,CUST_0541,MERCH_08,11.58,GBP,net_banking,121,expired_card,1,8,1,398,2026-08-20T06:28:48.257601,IN,web_browser,False,0.0,0,failed
TXN_003852,CUST_0817,MERCH_02,120.36,EUR,credit_card,550,network_error,1,3,4,550,2026-08-18T11:15:02.683555,CA,mobile_app,False,0.0,0,failed
TXN_003853,CUST_0846,MERCH_08,29.99,EUR,credit_card,357,expired_card,1,6,4,564,2026-08-12T21:52:44.658858,US,web_browser,True,29.99,0,failed
TXN_003854,CUST_0386,MERCH_09,189.09,USD,wallet,712,network_error,1,16,5,730,2026-08-01T01:16:22.558484,DE,api_integration,False,0.0,0,recovered
TXN_003855,CUST_1146,MERCH_07,349.46,EUR,credit_card,715,invalid_payment_method,4,18,1,803,2026-08-04T02:41:53.941894,GB,api_integration,False,0.0,3,abandoned
TXN_003856,CUST_0158,MERCH_05,216.3,EUR,debit_card,500,bank_declined,1,11,5,622,2026-08-16T04:48:38.962068,CA,web_browser,False,0.0,0,failed
TXN_003857,CUST_1366,MERCH_10,20.86,INR,debit_card,588,insufficient_funds,1,15,5,941,2026-08-20T12:57:48.611308,AU,web_browser,False,0.0,0,failed
TXN_003858,CUST_0729,MERCH_07,173.57,GBP,upi,243,bank_declined,1,10,1,243,2026-08-24T11:29:40.203100,AU,mobile_app,False,0.0,0,failed
TXN_003859,CUST_1075,MERCH_07,100.34,USD,upi,250,limit_exceeded,3,13,5,577,2026-07-28T21:39:19.393051,GB,mobile_app,False,0.0,2,recovered
TXN_003860,CUST_1234,MERCH_07,140.33,GBP,upi,894,insufficient_funds,1,13,4,913,2026-07-29T05:48:23.585607,US,mobile_app,False,0.0,0,recovered
TXN_003861,CUST_0151,MERCH_07,298.5,INR,debit_card,375,limit_exceeded,3,2,2,375,2026-08-07T18:18:54.010528,GB,web_browser,False,0.0,2,failed
TXN_003862,CUST_0752,MERCH_06,67.04,USD,debit_card,311,insufficient_funds,4,4,0,311,2026-08-16T10:10:43.095049,DE,api_integration,False,0.0,3,abandoned
TXN_003863,CUST_1276,MERCH_06,18.39,GBP,wallet,204,expired_card,3,18,4,204,2026-08-22T10:31:16.318370,GB,api_integration,False,0.0,2,failed
TXN_003864,CUST_0185,MERCH_08,29.99,INR,net_banking,379,bank_declined,1,13,4,379,2026-07-31T03:34:25.132207,US,api_integration,True,29.99,0,recovered
TXN_003865,CUST_0230,MERCH_03,291.17,GBP,wallet,66,insufficient_funds,1,16,5,116,2026-08-24T01:35:16.618104,DE,mobile_app,False,0.0,0,failed
TXN_003866,CUST_1186,MERCH_03,29.99,GBP,debit_card,825,insufficient_funds,1,17,3,911,2026-08-07T09:40:10.349753,DE,api_integration,True,29.99,0,recovered
TXN_003867,CUST_0580,MERCH_01,36.07,INR,ach,77,insufficient_funds,1,11,1,77,2026-07-29T21:14:02.625333,US,api_integration,False,0.0,0,failed
TXN_003868,CUST_0296,MERCH_03,83.74,USD,wallet,541,insufficient_funds,1,17,2,763,2026-08-06T10:00:20.085770,GB,web_browser,False,0.0,0,failed
TXN_003869,CUST_0131,MERCH_10,99.0,USD,ach,316,invalid_payment_method,1,13,2,316,2026-07-28T16:21:43.252852,GB,web_browser,True,99.0,0,recovered
TXN_003870,CUST_1145,MERCH_08,118.09,EUR,net_banking,157,insufficient_funds,1,12,3,157,2026-08-03T00:17:50.992866,US,api_integration,False,0.0,0,recovered
TXN_003871,CUST_1428,MERCH_05,152.58,INR,upi,100,limit_exceeded,1,11,0,880,2026-08-01T09:55:56.011291,US,web_browser,False,0.0,0,recovered
TXN_003872,CUST_0908,MERCH_06,90.05,EUR,ach,358,insufficient_funds,1,11,0,358,2026-08-13T23:46:08.346220,CA,web_browser,False,0.0,0,failed
TXN_003873,CUST_0775,MERCH_08,337.89,GBP,upi,717,insufficient_funds,1,15,4,717,2026-08-06T18:13:34.860783,IN,web_browser,False,0.0,0,failed
TXN_003874,CUST_0411,MERCH_10,11.38,GBP,credit_card,711,insufficient_funds,2,4,0,711,2026-07-27T23:27:47.086126,DE,mobile_app,False,0.0,1,failed
TXN_003875,CUST_0155,MERCH_03,87.38,INR,debit_card,783,network_error,2,15,0,932,2026-08-17T06:40:41.632936,US,mobile_app,False,0.0,1,failed
TXN_003876,CUST_0252,MERCH_10,19.99,USD,debit_card,137,expired_card,1,13,5,137,2026-08-05T20:13:30.695726,IN,mobile_app,True,19.99,0,failed
TXN_003877,CUST_1353,MERCH_09,9.99,EUR,net_banking,256,unknown,1,11,1,256,2026-08-24T10:05:15.180205,IN,mobile_app,True,9.99,0,recovered
TXN_003878,CUST_0470,MERCH_09,51.03,USD,ach,328,insufficient_funds,4,11,3,328,2026-08-12T09:30:07.853184,AU,web_browser,False,0.0,3,abandoned
TXN_003879,CUST_1234,MERCH_01,9.99,USD,upi,359,bank_declined,3,17,4,674,2026-08-18T08:33:15.832972,CA,web_browser,True,9.99,2,recovered
TXN_003880,CUST_0208,MERCH_02,52.12,EUR,wallet,110,bank_declined,1,10,3,554,2026-08-10T09:18:06.938894,AU,mobile_app,False,0.0,0,failed
TXN_003881,CUST_0677,MERCH_09,312.57,EUR,upi,303,insufficient_funds,1,20,0,979,2026-07-29T03:47:05.021242,US,web_browser,False,0.0,0,failed
TXN_003882,CUST_0290,MERCH_01,499.0,EUR,upi,145,network_error,3,11,3,864,2026-08-08T17:23:17.433507,GB,api_integration,True,499.0,2,failed
TXN_003883,CUST_0781,MERCH_04,178.27,USD,debit_card,370,insufficient_funds,1,15,3,444,2026-08-06T06:23:20.404746,AU,mobile_app,False,0.0,0,recovered
TXN_003884,CUST_0664,MERCH_05,19.99,EUR,wallet,439,limit_exceeded,1,17,0,855,2026-07-26T15:23:46.737231,AU,mobile_app,True,19.99,0,failed
TXN_003885,CUST_1178,MERCH_07,29.99,USD,ach,240,expired_card,1,5,4,530,2026-08-08T16:32:51.941163,GB,mobile_app,True,29.99,0,recovered
TXN_003886,CUST_0511,MERCH_02,72.12,USD,debit_card,202,authentication_failed,1,2,5,202,2026-07-27T10:17:34.322591,CA,api_integration,False,0.0,0,recovered
TXN_003887,CUST_0692,MERCH_08,29.99,USD,net_banking,175,insufficient_funds,2,18,1,457,2026-08-06T04:43:34.173247,CA,mobile_app,True,29.99,1,failed
TXN_003888,CUST_1349,MERCH_07,31.24,EUR,ach,350,insufficient_funds,3,16,4,350,2026-07-27T19:49:33.890673,IN,mobile_app,False,0.0,2,abandoned
TXN_003889,CUST_0541,MERCH_06,176.61,GBP,debit_card,315,expired_card,1,0,4,459,2026-08-11T06:22:02.854031,DE,api_integration,False,0.0,0,failed
TXN_003890,CUST_0959,MERCH_02,105.15,INR,ach,586,expired_card,2,14,3,604,2026-08-21T01:42:57.903349,GB,web_browser,False,0.0,1,failed
TXN_003891,CUST_0405,MERCH_06,9.99,INR,upi,267,authentication_failed,1,19,2,267,2026-07-27T08:13:50.462907,US,web_browser,True,9.99,0,failed
TXN_003892,CUST_0364,MERCH_09,45.55,GBP,upi,437,authentication_failed,2,0,0,986,2026-08-11T06:30:56.660338,DE,mobile_app,False,0.0,1,failed
TXN_003893,CUST_0723,MERCH_05,40.8,GBP,ach,21,insufficient_funds,2,11,1,21,2026-08-21T22:38:57.227709,US,web_browser,False,0.0,1,failed
TXN_003894,CUST_0711,MERCH_02,324.41,INR,upi,918,insufficient_funds,1,15,3,918,2026-08-06T05:48:25.441185,US,api_integration,False,0.0,0,failed
TXN_003895,CUST_1106,MERCH_09,9.99,EUR,credit_card,384,authentication_failed,1,15,0,588,2026-07-27T02:30:26.872793,GB,api_integration,True,9.99,0,failed
TXN_003896,CUST_0834,MERCH_02,135.99,USD,net_banking,545,bank_declined,1,11,2,545,2026-08-18T10:23:01.864373,IN,api_integration,False,0.0,0,failed
TXN_003897,CUST_0907,MERCH_07,17.16,EUR,wallet,248,network_error,3,1,4,264,2026-08-22T18:07:05.726346,IN,web_browser,False,0.0,2,failed
TXN_003898,CUST_0447,MERCH_04,329.91,EUR,upi,467,network_error,1,19,0,467,2026-07-27T16:55:06.774821,GB,mobile_app,False,0.0,0,failed
TXN_003899,CUST_0583,MERCH_01,6.03,USD,wallet,731,bank_declined,1,8,2,731,2026-08-23T09:14:24.003007,CA,mobile_app,False,0.0,0,recovered
TXN_003900,CUST_0532,MERCH_01,19.99,GBP,debit_card,143,expired_card,2,12,1,732,2026-08-19T19:45:07.959928,CA,api_integration,True,19.99,1,failed
TXN_003901,CUST_0763,MERCH_01,271.81,EUR,debit_card,46,insufficient_funds,1,20,3,912,2026-08-10T21:13:20.995463,GB,mobile_app,False,0.0,0,failed
TXN_003902,CUST_0436,MERCH_07,367.66,GBP,debit_card,813,insufficient_funds,2,6,0,989,2026-08-18T12:52:31.991241,GB,web_browser,False,0.0,1,failed
TXN_003903,CUST_0297,MERCH_04,166.2,USD,wallet,149,network_error,1,18,3,304,2026-07-31T02:18:59.103609,DE,api_integration,False,0.0,0,recovered
TXN_003904,CUST_1038,MERCH_03,49.21,EUR,credit_card,265,insufficient_funds,2,10,0,265,2026-07-30T05:48:23.043392,US,api_integration,False,0.0,1,failed
TXN_003905,CUST_1359,MERCH_02,38.49,EUR,debit_card,51,expired_card,1,9,5,51,2026-08-03T20:54:12.926865,CA,mobile_app,False,0.0,0,recovered
TXN_003906,CUST_0186,MERCH_07,99.0,GBP,wallet,172,bank_declined,1,18,5,188,2026-08-14T00:19:38.625398,DE,mobile_app,True,99.0,0,failed
TXN_003907,CUST_1201,MERCH_10,391.15,GBP,upi,160,insufficient_funds,1,17,4,172,2026-08-16T10:50:00.169925,IN,api_integration,False,0.0,0,recovered
TXN_003908,CUST_0654,MERCH_10,96.99,EUR,net_banking,167,expired_card,2,10,0,167,2026-08-04T14:51:35.926952,IN,api_integration,False,0.0,1,recovered
TXN_003909,CUST_0485,MERCH_07,83.6,USD,debit_card,83,insufficient_funds,2,14,0,216,2026-08-20T23:37:03.515205,IN,api_integration,False,0.0,1,failed
TXN_003910,CUST_1156,MERCH_08,236.29,EUR,upi,76,authentication_failed,1,8,1,76,2026-07-31T01:54:54.141744,AU,web_browser,False,0.0,0,failed
TXN_003911,CUST_1029,MERCH_05,110.93,EUR,debit_card,436,bank_declined,1,7,4,436,2026-08-04T00:30:15.888394,GB,web_browser,False,0.0,0,failed
TXN_003912,CUST_0540,MERCH_01,296.86,EUR,net_banking,178,invalid_payment_method,1,7,2,178,2026-08-18T22:36:43.198336,CA,mobile_app,False,0.0,0,failed
TXN_003913,CUST_0985,MERCH_09,133.0,GBP,credit_card,262,authentication_failed,1,4,5,262,2026-08-01T10:19:01.338959,US,api_integration,False,0.0,0,failed
TXN_003914,CUST_0195,MERCH_02,499.0,EUR,credit_card,184,insufficient_funds,1,0,1,184,2026-08-07T08:25:02.911983,IN,mobile_app,True,499.0,0,failed
TXN_003915,CUST_0955,MERCH_10,43.13,GBP,debit_card,266,insufficient_funds,1,17,2,934,2026-07-27T18:02:24.646500,AU,mobile_app,False,0.0,0,abandoned
TXN_003916,CUST_0944,MERCH_03,29.99,GBP,net_banking,109,insufficient_funds,1,6,3,109,2026-08-21T01:45:56.951438,DE,web_browser,True,29.99,0,failed
TXN_003917,CUST_1111,MERCH_09,253.95,GBP,wallet,128,bank_declined,1,2,5,128,2026-08-18T13:42:47.740066,GB,mobile_app,False,0.0,0,recovered
TXN_003918,CUST_0500,MERCH_03,178.82,INR,credit_card,425,insufficient_funds,2,11,2,425,2026-08-03T07:07:55.531621,US,web_browser,False,0.0,1,failed
TXN_003919,CUST_1010,MERCH_02,96.04,GBP,net_banking,301,insufficient_funds,1,17,0,363,2026-07-26T19:19:56.873668,AU,mobile_app,False,0.0,0,failed
TXN_003920,CUST_1390,MERCH_07,19.99,GBP,wallet,23,limit_exceeded,4,10,3,292,2026-08-24T09:01:18.989604,DE,mobile_app,True,19.99,3,failed
TXN_003921,CUST_1328,MERCH_06,49.99,USD,wallet,583,bank_declined,4,13,3,961,2026-08-04T18:41:00.204409,AU,mobile_app,True,49.99,3,failed
TXN_003922,CUST_1385,MERCH_10,128.82,USD,credit_card,121,network_error,1,14,2,399,2026-08-22T07:24:01.357557,IN,web_browser,False,0.0,0,abandoned
TXN_003923,CUST_0286,MERCH_06,23.0,INR,upi,406,network_error,3,10,4,779,2026-07-28T04:13:21.578241,IN,mobile_app,False,0.0,2,recovered
TXN_003924,CUST_0439,MERCH_08,19.99,EUR,wallet,412,authentication_failed,4,18,4,412,2026-07-31T12:53:08.065467,AU,web_browser,True,19.99,3,abandoned
TXN_003925,CUST_0535,MERCH_02,49.99,USD,upi,688,insufficient_funds,2,2,0,730,2026-07-30T08:47:39.875999,AU,api_integration,True,49.99,1,failed
TXN_003926,CUST_0618,MERCH_08,499.0,EUR,upi,373,authentication_failed,2,12,5,373,2026-08-22T11:12:56.076797,CA,web_browser,True,499.0,1,recovered
TXN_003927,CUST_0235,MERCH_01,199.0,EUR,wallet,339,insufficient_funds,1,4,3,339,2026-08-05T22:12:55.042695,CA,api_integration,True,199.0,0,failed
TXN_003928,CUST_1024,MERCH_10,29.99,EUR,debit_card,262,network_error,1,9,1,262,2026-08-07T19:02:25.562479,AU,mobile_app,True,29.99,0,failed
TXN_003929,CUST_0445,MERCH_06,310.83,USD,wallet,143,invalid_payment_method,1,13,0,435,2026-08-02T02:49:10.134426,US,api_integration,False,0.0,0,recovered
TXN_003930,CUST_0658,MERCH_01,133.08,EUR,credit_card,119,network_error,1,19,4,119,2026-08-02T11:03:15.169287,GB,mobile_app,False,0.0,0,abandoned
TXN_003931,CUST_1243,MERCH_06,199.0,GBP,debit_card,273,insufficient_funds,1,7,5,273,2026-07-26T16:59:23.134008,CA,web_browser,True,199.0,0,recovered
TXN_003932,CUST_0247,MERCH_03,499.0,INR,upi,328,expired_card,1,14,1,328,2026-08-07T13:37:38.106710,GB,mobile_app,True,499.0,0,failed
TXN_003933,CUST_1328,MERCH_07,499.0,INR,upi,550,insufficient_funds,1,8,0,550,2026-08-05T22:36:00.735645,AU,mobile_app,True,499.0,0,failed
TXN_003934,CUST_1269,MERCH_07,163.05,USD,wallet,813,bank_declined,3,5,3,813,2026-07-30T03:09:01.583785,US,api_integration,False,0.0,2,failed
TXN_003935,CUST_1426,MERCH_09,19.99,USD,wallet,126,insufficient_funds,1,12,3,126,2026-08-01T19:18:27.627657,CA,mobile_app,True,19.99,0,failed
TXN_003936,CUST_0430,MERCH_01,220.23,EUR,wallet,446,expired_card,1,0,4,446,2026-08-21T18:24:36.964512,US,mobile_app,False,0.0,0,recovered
TXN_003937,CUST_1060,MERCH_06,40.97,GBP,credit_card,687,insufficient_funds,1,1,1,687,2026-08-09T20:21:49.904935,DE,web_browser,False,0.0,0,failed
TXN_003938,CUST_0205,MERCH_05,45.31,INR,credit_card,185,bank_declined,2,11,4,472,2026-08-22T05:16:48.462495,AU,mobile_app,False,0.0,1,failed
TXN_003939,CUST_0762,MERCH_04,19.99,GBP,upi,345,insufficient_funds,1,6,1,345,2026-08-12T08:13:09.038625,US,mobile_app,True,19.99,0,abandoned
TXN_003940,CUST_0583,MERCH_02,29.99,EUR,debit_card,233,insufficient_funds,1,13,4,233,2026-08-01T03:03:30.585511,IN,web_browser,True,29.99,0,failed
TXN_003941,CUST_1443,MERCH_07,9.99,EUR,ach,608,expired_card,2,6,0,608,2026-08-18T14:56:37.035094,DE,mobile_app,True,9.99,1,failed
TXN_003942,CUST_0605,MERCH_02,263.02,INR,upi,389,authentication_failed,1,6,5,389,2026-08-15T15:06:51.346764,US,api_integration,False,0.0,0,failed
TXN_003943,CUST_0717,MERCH_06,19.99,EUR,ach,143,authentication_failed,3,20,1,218,2026-07-30T21:27:17.200079,IN,api_integration,True,19.99,2,recovered
TXN_003944,CUST_1319,MERCH_08,130.94,INR,upi,364,bank_declined,1,19,3,364,2026-08-17T14:47:07.111315,IN,mobile_app,False,0.0,0,failed
TXN_003945,CUST_1470,MERCH_10,5.02,USD,upi,444,bank_declined,1,9,0,978,2026-07-27T22:14:58.745993,GB,mobile_app,False,0.0,0,failed
TXN_003946,CUST_0418,MERCH_05,591.5,USD,debit_card,343,authentication_failed,1,0,3,912,2026-08-20T13:27:12.289681,AU,web_browser,False,0.0,0,failed
TXN_003947,CUST_1269,MERCH_02,21.17,GBP,upi,390,insufficient_funds,1,11,1,390,2026-07-31T04:21:27.732922,IN,web_browser,False,0.0,0,failed
TXN_003948,CUST_0412,MERCH_02,499.0,GBP,wallet,321,expired_card,1,8,5,321,2026-08-12T06:26:40.133587,CA,web_browser,True,499.0,0,failed
TXN_003949,CUST_1449,MERCH_05,102.9,USD,ach,527,network_error,1,5,3,611,2026-07-29T01:06:43.637371,IN,mobile_app,False,0.0,0,failed
TXN_003950,CUST_0551,MERCH_03,148.2,GBP,ach,97,authentication_failed,2,17,1,832,2026-08-05T14:02:56.067510,CA,mobile_app,False,0.0,1,failed
TXN_003951,CUST_1334,MERCH_10,15.97,EUR,net_banking,97,network_error,1,9,4,97,2026-08-02T18:33:00.921071,US,web_browser,False,0.0,0,failed
TXN_003952,CUST_0185,MERCH_04,54.94,GBP,wallet,30,invalid_payment_method,1,4,3,30,2026-07-30T14:17:13.709429,GB,api_integration,False,0.0,0,recovered
TXN_003953,CUST_0927,MERCH_02,231.22,INR,debit_card,72,bank_declined,2,18,3,392,2026-08-19T17:18:28.584678,AU,web_browser,False,0.0,1,failed
TXN_003954,CUST_1025,MERCH_09,12.06,INR,upi,434,authentication_failed,1,10,0,434,2026-08-03T17:04:28.661370,AU,api_integration,False,0.0,0,failed
TXN_003955,CUST_1088,MERCH_02,19.99,EUR,ach,26,insufficient_funds,2,15,1,26,2026-08-17T18:46:42.675559,DE,web_browser,True,19.99,1,failed
TXN_003956,CUST_0299,MERCH_03,152.58,INR,debit_card,151,unknown,1,1,3,157,2026-08-17T12:53:56.784237,IN,api_integration,False,0.0,0,recovered
TXN_003957,CUST_1207,MERCH_10,71.8,GBP,debit_card,642,insufficient_funds,4,3,1,642,2026-08-01T22:08:12.949044,DE,api_integration,False,0.0,3,abandoned
TXN_003958,CUST_1037,MERCH_10,49.99,EUR,debit_card,449,authentication_failed,1,14,3,449,2026-08-13T01:38:59.904626,IN,api_integration,True,49.99,0,failed
TXN_003959,CUST_0884,MERCH_07,21.48,INR,credit_card,347,insufficient_funds,1,8,4,386,2026-07-28T20:44:23.480903,CA,api_integration,False,0.0,0,failed
TXN_003960,CUST_0232,MERCH_05,174.17,GBP,debit_card,580,network_error,1,20,2,829,2026-08-09T15:24:36.793058,US,mobile_app,False,0.0,0,failed
TXN_003961,CUST_1308,MERCH_09,9.99,EUR,credit_card,244,insufficient_funds,3,0,4,279,2026-08-21T05:21:44.573751,DE,api_integration,True,9.99,2,failed
TXN_003962,CUST_1225,MERCH_02,199.0,USD,net_banking,256,invalid_payment_method,3,14,4,421,2026-08-14T16:26:51.950764,GB,api_integration,True,199.0,2,failed
TXN_003963,CUST_0795,MERCH_01,54.88,USD,debit_card,100,network_error,2,5,3,100,2026-08-08T01:27:49.812377,AU,api_integration,False,0.0,1,failed
TXN_003964,CUST_0675,MERCH_05,499.0,INR,upi,387,network_error,1,2,5,387,2026-08-12T13:25:57.612022,US,api_integration,True,499.0,0,recovered
TXN_003965,CUST_1177,MERCH_06,199.0,EUR,net_banking,247,bank_declined,1,7,1,247,2026-07-26T10:45:32.955875,AU,api_integration,True,199.0,0,failed
TXN_003966,CUST_0702,MERCH_02,19.99,EUR,debit_card,425,expired_card,2,5,1,425,2026-08-21T03:32:17.473918,GB,api_integration,True,19.99,1,recovered
TXN_003967,CUST_0530,MERCH_09,18.11,EUR,ach,76,expired_card,4,10,3,530,2026-08-12T11:20:52.667975,CA,web_browser,False,0.0,3,failed
TXN_003968,CUST_1124,MERCH_05,21.87,USD,upi,812,insufficient_funds,1,19,0,812,2026-08-19T11:31:27.503688,DE,api_integration,False,0.0,0,failed
TXN_003969,CUST_0798,MERCH_02,99.0,INR,ach,847,expired_card,1,2,0,847,2026-08-23T10:38:01.666336,GB,mobile_app,True,99.0,0,failed
TXN_003970,CUST_0791,MERCH_10,111.81,INR,upi,278,authentication_failed,4,0,0,804,2026-07-30T08:12:57.156475,CA,mobile_app,False,0.0,3,failed
TXN_003971,CUST_0267,MERCH_07,259.7,EUR,net_banking,98,expired_card,1,4,3,98,2026-08-08T22:53:50.103304,DE,api_integration,False,0.0,0,failed
TXN_003972,CUST_1041,MERCH_02,16.97,USD,credit_card,315,authentication_failed,2,17,1,315,2026-08-23T10:35:26.531861,AU,api_integration,False,0.0,1,failed
TXN_003973,CUST_0623,MERCH_08,9.99,USD,ach,190,unknown,1,17,0,190,2026-08-21T09:36:45.072356,GB,api_integration,True,9.99,0,failed
TXN_003974,CUST_0453,MERCH_05,330.68,GBP,wallet,22,insufficient_funds,1,9,5,240,2026-08-13T08:38:26.549919,AU,api_integration,False,0.0,0,failed
TXN_003975,CUST_0707,MERCH_03,129.04,INR,debit_card,22,insufficient_funds,3,18,0,779,2026-08-12T05:16:54.801325,GB,web_browser,False,0.0,2,failed
TXN_003976,CUST_0114,MERCH_01,21.47,GBP,credit_card,45,expired_card,1,2,1,645,2026-08-13T03:29:45.524056,CA,mobile_app,False,0.0,0,failed
TXN_003977,CUST_0892,MERCH_02,178.41,USD,wallet,319,expired_card,2,8,3,319,2026-08-20T17:57:20.097885,DE,web_browser,False,0.0,1,recovered
TXN_003978,CUST_0359,MERCH_09,224.39,EUR,upi,109,limit_exceeded,1,2,4,109,2026-08-20T14:55:51.058927,GB,mobile_app,False,0.0,0,failed
TXN_003979,CUST_0768,MERCH_06,28.0,INR,ach,85,invalid_payment_method,2,15,3,176,2026-08-12T12:23:12.216190,CA,mobile_app,False,0.0,1,recovered
TXN_003980,CUST_0152,MERCH_10,49.99,INR,debit_card,694,insufficient_funds,1,8,4,694,2026-08-02T17:55:40.370759,US,api_integration,True,49.99,0,failed
TXN_003981,CUST_0158,MERCH_02,13.63,EUR,wallet,385,network_error,1,13,4,944,2026-08-21T19:35:41.659942,DE,mobile_app,False,0.0,0,failed
TXN_003982,CUST_0808,MERCH_09,199.55,EUR,ach,824,invalid_payment_method,1,20,0,827,2026-07-29T21:11:05.446299,CA,mobile_app,False,0.0,0,failed
TXN_003983,CUST_0425,MERCH_07,78.72,EUR,net_banking,439,insufficient_funds,1,8,0,697,2026-08-11T02:06:03.160988,US,mobile_app,False,0.0,0,failed
TXN_003984,CUST_0343,MERCH_03,49.99,INR,upi,19,insufficient_funds,2,16,5,673,2026-08-01T18:35:16.078376,DE,web_browser,True,49.99,1,recovered
TXN_003985,CUST_1104,MERCH_10,499.0,USD,upi,371,invalid_payment_method,3,13,1,371,2026-08-11T00:01:47.690028,US,api_integration,True,499.0,2,failed
TXN_003986,CUST_0586,MERCH_04,313.07,GBP,ach,265,authentication_failed,1,20,4,662,2026-08-12T06:43:24.588617,AU,api_integration,False,0.0,0,recovered
TXN_003987,CUST_1401,MERCH_09,474.5,GBP,wallet,287,bank_declined,1,8,1,287,2026-07-29T14:08:27.209171,GB,mobile_app,False,0.0,0,failed
TXN_003988,CUST_0367,MERCH_02,180.65,USD,upi,597,insufficient_funds,1,7,1,923,2026-08-24T12:34:46.199543,US,mobile_app,False,0.0,0,recovered
TXN_003989,CUST_0606,MERCH_08,68.4,GBP,upi,17,insufficient_funds,1,18,5,853,2026-07-29T13:07:10.623615,AU,mobile_app,False,0.0,0,failed
TXN_003990,CUST_0403,MERCH_06,124.2,USD,upi,333,insufficient_funds,1,19,0,626,2026-07-28T07:17:08.051783,CA,mobile_app,False,0.0,0,failed
TXN_003991,CUST_0908,MERCH_10,499.0,INR,net_banking,529,authentication_failed,1,18,0,529,2026-07-29T09:20:15.054884,IN,web_browser,True,499.0,0,failed
TXN_003992,CUST_1301,MERCH_07,49.99,GBP,upi,688,bank_declined,1,12,3,688,2026-07-28T07:12:58.224263,IN,api_integration,True,49.99,0,failed
TXN_003993,CUST_0941,MERCH_10,58.32,GBP,wallet,394,bank_declined,1,5,5,394,2026-08-03T14:17:41.064651,DE,api_integration,False,0.0,0,recovered
TXN_003994,CUST_0280,MERCH_05,199.0,GBP,upi,456,insufficient_funds,2,10,1,815,2026-08-13T23:09:51.436150,GB,mobile_app,True,199.0,1,failed
TXN_003995,CUST_0759,MERCH_07,29.99,EUR,credit_card,557,insufficient_funds,4,17,0,557,2026-08-11T13:21:53.485977,US,mobile_app,True,29.99,3,abandoned
TXN_003996,CUST_1275,MERCH_02,38.64,INR,upi,733,expired_card,1,14,2,859,2026-08-24T03:41:19.646449,DE,api_integration,False,0.0,0,recovered
TXN_003997,CUST_1201,MERCH_05,99.0,EUR,net_banking,680,unknown,3,5,4,680,2026-08-15T11:50:45.607933,IN,web_browser,True,99.0,2,abandoned
TXN_003998,CUST_1072,MERCH_09,179.39,INR,debit_card,771,insufficient_funds,1,11,3,950,2026-08-19T22:27:56.818642,US,api_integration,False,0.0,0,failed
TXN_003999,CUST_1453,MERCH_10,19.99,INR,credit_card,407,insufficient_funds,1,9,2,407,2026-08-17T08:14:18.718864,AU,mobile_app,True,19.99,0,recovered
TXN_004000,CUST_1316,MERCH_06,481.64,GBP,wallet,472,expired_card,2,13,0,499,2026-08-23T02:17:08.605791,US,api_integration,False,0.0,1,recovered
TXN_004001,CUST_1370,MERCH_02,311.46,EUR,net_banking,668,authentication_failed,2,20,5,668,2026-07-31T20:32:23.061238,CA,web_browser,False,0.0,1,failed
TXN_004002,CUST_0239,MERCH_08,99.0,INR,upi,41,authentication_failed,1,3,0,771,2026-08-12T16:40:29.749046,CA,api_integration,True,99.0,0,recovered
TXN_004003,CUST_0914,MERCH_03,9.99,EUR,upi,35,unknown,1,20,4,35,2026-08-02T01:43:53.001967,US,mobile_app,True,9.99,0,failed
TXN_004004,CUST_0212,MERCH_05,53.07,INR,net_banking,43,insufficient_funds,3,12,5,244,2026-08-11T08:22:55.017672,GB,web_browser,False,0.0,2,failed
TXN_004005,CUST_0416,MERCH_03,19.99,USD,upi,184,insufficient_funds,2,10,4,582,2026-08-07T21:08:35.078537,IN,web_browser,True,19.99,1,failed
TXN_004006,CUST_0159,MERCH_02,43.59,INR,debit_card,30,expired_card,4,12,5,759,2026-08-19T06:29:57.828850,AU,web_browser,False,0.0,3,abandoned
TXN_004007,CUST_1163,MERCH_10,499.0,GBP,wallet,477,network_error,3,7,5,477,2026-08-12T04:48:50.188164,GB,web_browser,True,499.0,2,abandoned
TXN_004008,CUST_0894,MERCH_09,39.32,USD,net_banking,290,insufficient_funds,1,3,2,518,2026-08-07T23:13:45.885294,CA,web_browser,False,0.0,0,recovered
TXN_004009,CUST_1075,MERCH_05,241.38,INR,upi,381,authentication_failed,2,14,4,381,2026-08-01T13:02:39.086696,IN,web_browser,False,0.0,1,failed
TXN_004010,CUST_1262,MERCH_04,78.14,INR,debit_card,573,bank_declined,4,20,4,685,2026-08-12T20:36:09.243714,AU,api_integration,False,0.0,3,failed
TXN_004011,CUST_1104,MERCH_04,22.12,GBP,ach,247,authentication_failed,1,15,4,403,2026-08-16T14:25:34.135742,CA,web_browser,False,0.0,0,recovered
TXN_004012,CUST_0715,MERCH_08,230.46,INR,net_banking,69,authentication_failed,1,2,0,198,2026-08-01T12:48:29.764698,CA,api_integration,False,0.0,0,failed
TXN_004013,CUST_0956,MERCH_01,170.11,INR,credit_card,392,authentication_failed,2,16,5,392,2026-08-02T21:39:26.880069,GB,api_integration,False,0.0,1,recovered
TXN_004014,CUST_0162,MERCH_06,119.85,USD,wallet,72,insufficient_funds,1,5,1,843,2026-08-12T14:31:03.741848,AU,web_browser,False,0.0,0,failed
TXN_004015,CUST_0751,MERCH_02,44.73,GBP,wallet,693,insufficient_funds,1,9,0,693,2026-08-05T22:56:36.500036,US,api_integration,False,0.0,0,failed
TXN_004016,CUST_0980,MERCH_09,61.73,GBP,credit_card,448,insufficient_funds,1,20,2,448,2026-08-01T03:43:20.035973,AU,web_browser,False,0.0,0,failed
TXN_004017,CUST_1260,MERCH_04,85.37,INR,upi,709,insufficient_funds,1,10,2,709,2026-08-22T11:26:58.331193,CA,web_browser,False,0.0,0,failed
TXN_004018,CUST_0785,MERCH_03,165.98,EUR,credit_card,498,bank_declined,1,11,5,498,2026-07-27T19:45:24.272980,CA,api_integration,False,0.0,0,recovered
TXN_004019,CUST_0588,MERCH_03,499.0,INR,credit_card,85,insufficient_funds,1,14,5,128,2026-08-23T07:21:30.046769,AU,web_browser,True,499.0,0,failed
TXN_004020,CUST_1330,MERCH_09,9.99,GBP,ach,454,bank_declined,2,17,2,454,2026-08-14T19:51:39.560688,CA,mobile_app,True,9.99,1,recovered
TXN_004021,CUST_0694,MERCH_04,99.0,INR,net_banking,131,insufficient_funds,4,19,0,193,2026-08-08T07:41:34.464133,CA,api_integration,True,99.0,3,failed
TXN_004022,CUST_0637,MERCH_10,47.95,INR,debit_card,279,authentication_failed,1,20,0,537,2026-08-02T04:46:10.294434,DE,web_browser,False,0.0,0,failed
TXN_004023,CUST_0746,MERCH_09,217.17,EUR,net_banking,664,expired_card,1,15,0,923,2026-08-20T12:05:17.479206,DE,api_integration,False,0.0,0,failed
TXN_004024,CUST_0666,MERCH_06,122.07,GBP,wallet,63,authentication_failed,1,0,4,63,2026-08-07T14:30:24.924330,IN,mobile_app,False,0.0,0,recovered
TXN_004025,CUST_0953,MERCH_03,56.59,EUR,upi,545,bank_declined,3,10,4,918,2026-08-09T19:45:27.275770,GB,web_browser,False,0.0,2,failed
TXN_004026,CUST_0596,MERCH_02,199.0,INR,ach,704,authentication_failed,1,8,1,704,2026-08-11T01:23:39.610943,DE,mobile_app,True,199.0,0,abandoned
TXN_004027,CUST_1306,MERCH_09,199.0,INR,ach,187,insufficient_funds,2,4,0,187,2026-08-21T22:07:54.588418,AU,api_integration,True,199.0,1,failed
TXN_004028,CUST_0824,MERCH_02,49.99,INR,net_banking,298,authentication_failed,1,1,2,298,2026-08-14T20:32:52.902093,US,mobile_app,True,49.99,0,failed
TXN_004029,CUST_1200,MERCH_08,101.97,INR,upi,181,insufficient_funds,1,1,0,211,2026-08-24T00:21:13.241779,CA,api_integration,False,0.0,0,recovered
TXN_004030,CUST_0687,MERCH_04,49.99,USD,debit_card,318,expired_card,1,8,4,318,2026-08-22T11:36:27.141533,IN,mobile_app,True,49.99,0,recovered
TXN_004031,CUST_0575,MERCH_09,252.57,EUR,wallet,446,network_error,4,7,3,733,2026-08-17T17:30:30.557060,GB,api_integration,False,0.0,3,abandoned
TXN_004032,CUST_0456,MERCH_02,87.44,USD,debit_card,628,bank_declined,1,10,4,983,2026-08-16T16:05:06.615005,AU,api_integration,False,0.0,0,failed
TXN_004033,CUST_0263,MERCH_03,462.52,USD,net_banking,533,expired_card,1,16,4,629,2026-08-04T03:14:56.261653,DE,mobile_app,False,0.0,0,recovered
TXN_004034,CUST_0647,MERCH_02,499.0,INR,upi,423,bank_declined,1,14,0,679,2026-08-09T20:49:25.531117,GB,api_integration,True,499.0,0,failed
TXN_004035,CUST_0803,MERCH_05,267.07,GBP,wallet,449,expired_card,1,20,4,987,2026-08-21T12:10:32.898336,CA,mobile_app,False,0.0,0,failed
TXN_004036,CUST_0339,MERCH_01,29.99,EUR,net_banking,616,insufficient_funds,2,9,2,616,2026-08-07T15:47:13.270201,DE,web_browser,True,29.99,1,recovered
TXN_004037,CUST_0860,MERCH_09,199.0,GBP,debit_card,15,insufficient_funds,3,0,4,15,2026-08-14T11:09:15.321513,CA,mobile_app,True,199.0,2,failed
TXN_004038,CUST_1495,MERCH_03,248.59,USD,debit_card,73,insufficient_funds,1,5,3,650,2026-08-19T06:50:38.540915,IN,api_integration,False,0.0,0,failed
TXN_004039,CUST_0998,MERCH_03,468.14,EUR,wallet,446,authentication_failed,1,15,1,446,2026-08-01T12:31:59.091198,CA,mobile_app,False,0.0,0,recovered
TXN_004040,CUST_0875,MERCH_10,134.7,INR,upi,577,authentication_failed,1,20,0,577,2026-08-16T19:12:28.560033,CA,mobile_app,False,0.0,0,recovered
TXN_004041,CUST_0486,MERCH_10,237.82,USD,credit_card,904,insufficient_funds,4,2,0,904,2026-08-24T15:37:32.792994,US,api_integration,False,0.0,3,abandoned
TXN_004042,CUST_0386,MERCH_03,9.99,GBP,credit_card,44,expired_card,1,4,5,171,2026-08-03T06:14:26.976544,DE,api_integration,True,9.99,0,failed
TXN_004043,CUST_1182,MERCH_01,87.92,INR,upi,856,insufficient_funds,1,14,0,856,2026-08-10T17:01:15.065088,CA,web_browser,False,0.0,0,failed
TXN_004044,CUST_1257,MERCH_10,20.74,GBP,wallet,46,insufficient_funds,2,15,1,582,2026-08-23T01:31:47.145515,DE,api_integration,False,0.0,1,failed
TXN_004045,CUST_1129,MERCH_06,194.33,EUR,credit_card,942,network_error,1,5,3,971,2026-08-17T15:42:20.615819,IN,api_integration,False,0.0,0,failed
TXN_004046,CUST_0725,MERCH_06,49.99,EUR,debit_card,475,network_error,2,6,1,760,2026-07-27T19:41:56.824440,GB,mobile_app,True,49.99,1,abandoned
TXN_004047,CUST_1453,MERCH_07,257.01,GBP,net_banking,322,network_error,3,20,5,322,2026-08-12T08:14:27.914728,AU,api_integration,False,0.0,2,failed
TXN_004048,CUST_0620,MERCH_07,296.65,USD,ach,313,insufficient_funds,1,5,5,518,2026-07-28T16:42:10.965365,US,mobile_app,False,0.0,0,failed
TXN_004049,CUST_1008,MERCH_05,49.99,INR,debit_card,18,authentication_failed,2,15,5,100,2026-07-31T11:07:40.311720,IN,web_browser,True,49.99,1,failed
TXN_004050,CUST_1457,MERCH_09,42.85,EUR,credit_card,145,expired_card,3,5,5,748,2026-08-17T18:05:25.661529,US,web_browser,False,0.0,2,failed
TXN_004051,CUST_0665,MERCH_02,107.13,USD,upi,448,expired_card,1,17,3,835,2026-08-23T07:09:46.882581,DE,mobile_app,False,0.0,0,recovered
TXN_004052,CUST_0351,MERCH_09,31.63,EUR,wallet,245,bank_declined,1,15,4,771,2026-08-18T15:06:36.734849,AU,api_integration,False,0.0,0,recovered
TXN_004053,CUST_0274,MERCH_05,19.99,EUR,ach,399,expired_card,4,18,5,692,2026-08-22T05:26:22.284962,GB,api_integration,True,19.99,3,failed
TXN_004054,CUST_0818,MERCH_09,199.0,INR,credit_card,511,insufficient_funds,1,15,2,511,2026-07-27T09:47:40.857941,DE,mobile_app,True,199.0,0,failed
TXN_004055,CUST_1229,MERCH_03,49.99,USD,ach,263,insufficient_funds,1,17,2,282,2026-08-15T05:21:04.205335,IN,api_integration,True,49.99,0,abandoned
TXN_004056,CUST_1209,MERCH_02,99.0,GBP,ach,563,expired_card,1,9,0,563,2026-08-19T23:42:11.022448,GB,web_browser,True,99.0,0,recovered
TXN_004057,CUST_1028,MERCH_01,49.99,GBP,upi,235,network_error,3,14,1,235,2026-08-22T19:25:08.779294,IN,web_browser,True,49.99,2,recovered
TXN_004058,CUST_0190,MERCH_06,239.05,INR,net_banking,189,network_error,1,15,0,189,2026-08-23T16:05:17.380911,IN,api_integration,False,0.0,0,failed
TXN_004059,CUST_1427,MERCH_08,61.43,USD,wallet,629,network_error,2,19,4,721,2026-08-24T03:37:41.622164,CA,api_integration,False,0.0,1,failed
TXN_004060,CUST_0895,MERCH_01,529.19,USD,ach,755,expired_card,3,3,0,840,2026-08-07T11:57:44.149581,US,web_browser,False,0.0,2,failed
TXN_004061,CUST_0741,MERCH_09,59.41,INR,credit_card,505,expired_card,1,7,0,600,2026-08-04T01:59:27.917364,GB,api_integration,False,0.0,0,abandoned
TXN_004062,CUST_0375,MERCH_09,139.38,GBP,debit_card,414,unknown,1,3,4,703,2026-08-05T09:52:09.405063,GB,web_browser,False,0.0,0,failed
TXN_004063,CUST_1450,MERCH_05,485.57,INR,upi,30,invalid_payment_method,2,5,1,30,2026-07-29T02:09:32.276831,GB,api_integration,False,0.0,1,recovered
TXN_004064,CUST_0592,MERCH_01,19.99,GBP,ach,61,network_error,2,11,4,61,2026-08-11T00:19:36.495142,IN,web_browser,True,19.99,1,failed
TXN_004065,CUST_0693,MERCH_10,199.0,INR,credit_card,357,network_error,2,1,4,531,2026-08-08T02:07:47.940059,DE,mobile_app,True,199.0,1,failed
TXN_004066,CUST_1002,MERCH_03,285.29,INR,debit_card,215,network_error,1,14,4,803,2026-07-30T18:08:42.803813,DE,mobile_app,False,0.0,0,failed
TXN_004067,CUST_1240,MERCH_02,167.77,USD,net_banking,97,insufficient_funds,1,15,3,682,2026-08-23T12:12:17.201672,IN,web_browser,False,0.0,0,failed
TXN_004068,CUST_0235,MERCH_08,62.71,USD,credit_card,486,bank_declined,1,8,0,486,2026-08-05T15:35:35.567739,US,mobile_app,False,0.0,0,failed
TXN_004069,CUST_0131,MERCH_02,19.99,USD,credit_card,121,insufficient_funds,1,20,1,739,2026-08-24T06:13:19.176953,US,api_integration,True,19.99,0,failed
TXN_004070,CUST_0606,MERCH_10,9.99,GBP,debit_card,744,expired_card,3,20,4,886,2026-08-10T19:58:01.198157,GB,web_browser,True,9.99,2,failed
TXN_004071,CUST_0611,MERCH_08,86.84,USD,upi,531,insufficient_funds,3,12,0,531,2026-08-15T12:08:31.449807,AU,api_integration,False,0.0,2,recovered
TXN_004072,CUST_1216,MERCH_04,49.99,USD,upi,317,invalid_payment_method,3,19,3,317,2026-08-05T22:17:25.730638,DE,web_browser,True,49.99,2,abandoned
TXN_004073,CUST_0343,MERCH_10,199.0,GBP,upi,230,bank_declined,1,0,4,808,2026-08-20T20:57:58.228515,CA,mobile_app,True,199.0,0,failed
TXN_004074,CUST_1260,MERCH_08,156.2,USD,net_banking,73,network_error,1,12,4,909,2026-08-04T07:26:03.684301,AU,api_integration,False,0.0,0,failed
TXN_004075,CUST_1260,MERCH_03,194.4,GBP,upi,28,expired_card,2,14,5,28,2026-08-12T02:01:02.046553,CA,web_browser,False,0.0,1,recovered
TXN_004076,CUST_1203,MERCH_07,279.77,USD,credit_card,931,expired_card,1,10,4,931,2026-08-18T09:28:31.320209,CA,web_browser,False,0.0,0,failed
TXN_004077,CUST_0169,MERCH_07,26.43,EUR,ach,241,bank_declined,3,7,3,241,2026-08-16T10:36:24.324363,US,api_integration,False,0.0,2,failed
TXN_004078,CUST_0459,MERCH_07,128.96,EUR,upi,54,expired_card,1,10,3,54,2026-07-28T16:11:36.838219,CA,mobile_app,False,0.0,0,recovered
TXN_004079,CUST_0836,MERCH_03,49.99,GBP,ach,69,unknown,1,6,1,69,2026-08-09T09:29:41.421876,DE,api_integration,True,49.99,0,recovered
TXN_004080,CUST_0442,MERCH_09,332.41,GBP,net_banking,673,unknown,1,5,4,673,2026-07-29T16:43:08.763412,DE,mobile_app,False,0.0,0,recovered
TXN_004081,CUST_0212,MERCH_09,120.66,USD,net_banking,613,expired_card,1,1,3,613,2026-08-03T23:11:08.995107,IN,mobile_app,False,0.0,0,failed
TXN_004082,CUST_1456,MERCH_02,207.57,GBP,credit_card,81,insufficient_funds,1,9,2,640,2026-07-29T00:41:03.918753,AU,api_integration,False,0.0,0,failed
TXN_004083,CUST_0684,MERCH_09,80.88,INR,upi,301,insufficient_funds,1,14,1,301,2026-08-07T05:48:53.207464,IN,web_browser,False,0.0,0,failed
TXN_004084,CUST_0865,MERCH_01,48.27,EUR,credit_card,713,expired_card,2,4,5,713,2026-08-11T03:49:33.912931,DE,api_integration,False,0.0,1,failed
TXN_004085,CUST_0877,MERCH_03,168.92,USD,credit_card,104,insufficient_funds,1,7,1,868,2026-08-12T02:21:52.458661,AU,api_integration,False,0.0,0,recovered
TXN_004086,CUST_0256,MERCH_09,23.97,USD,net_banking,625,insufficient_funds,1,8,2,733,2026-08-03T07:44:17.657155,US,api_integration,False,0.0,0,failed
TXN_004087,CUST_1345,MERCH_09,572.9,INR,upi,108,insufficient_funds,1,2,1,108,2026-08-15T10:01:59.515111,CA,mobile_app,False,0.0,0,failed
TXN_004088,CUST_1398,MERCH_02,45.76,EUR,upi,263,insufficient_funds,1,15,5,263,2026-07-27T11:57:29.027160,GB,mobile_app,False,0.0,0,failed
TXN_004089,CUST_0475,MERCH_04,29.99,GBP,net_banking,774,expired_card,1,2,3,813,2026-08-14T08:17:19.192560,IN,mobile_app,True,29.99,0,recovered
TXN_004090,CUST_0502,MERCH_07,19.99,INR,upi,341,authentication_failed,1,9,4,410,2026-08-15T23:26:18.375195,IN,web_browser,True,19.99,0,failed
TXN_004091,CUST_1434,MERCH_01,99.0,GBP,ach,266,insufficient_funds,1,11,1,408,2026-08-05T06:37:55.554633,AU,web_browser,True,99.0,0,recovered
TXN_004092,CUST_1094,MERCH_09,20.65,GBP,upi,317,network_error,1,8,0,317,2026-07-30T03:02:37.000093,DE,mobile_app,False,0.0,0,failed
TXN_004093,CUST_0747,MERCH_04,379.02,USD,net_banking,360,authentication_failed,2,8,1,987,2026-08-09T04:36:47.471152,IN,api_integration,False,0.0,1,failed
TXN_004094,CUST_0414,MERCH_10,49.66,USD,upi,799,bank_declined,1,11,0,799,2026-08-22T05:43:36.504500,DE,api_integration,False,0.0,0,abandoned
TXN_004095,CUST_1293,MERCH_02,49.99,USD,wallet,529,bank_declined,1,8,1,990,2026-08-24T00:51:49.061163,IN,api_integration,True,49.99,0,failed
TXN_004096,CUST_0135,MERCH_06,99.0,GBP,debit_card,245,insufficient_funds,2,12,1,245,2026-08-05T01:12:37.332602,GB,api_integration,True,99.0,1,abandoned
TXN_004097,CUST_0550,MERCH_03,88.92,USD,debit_card,712,expired_card,3,3,0,712,2026-08-16T00:30:16.146604,DE,api_integration,False,0.0,2,failed
TXN_004098,CUST_0533,MERCH_01,49.99,INR,upi,116,insufficient_funds,1,7,4,116,2026-08-05T03:29:35.156686,GB,mobile_app,True,49.99,0,abandoned
TXN_004099,CUST_0948,MERCH_08,19.03,USD,net_banking,587,expired_card,1,3,5,733,2026-07-31T12:33:43.194170,IN,api_integration,False,0.0,0,failed
TXN_004100,CUST_0405,MERCH_04,199.0,EUR,net_banking,215,insufficient_funds,1,3,1,750,2026-08-13T14:43:23.118089,IN,api_integration,True,199.0,0,failed
TXN_004101,CUST_1212,MERCH_08,27.15,USD,wallet,649,insufficient_funds,1,11,5,849,2026-07-27T22:18:03.567978,GB,mobile_app,False,0.0,0,failed
TXN_004102,CUST_0645,MERCH_08,107.9,INR,upi,170,bank_declined,2,13,4,170,2026-08-22T11:41:05.237598,GB,web_browser,False,0.0,1,failed
TXN_004103,CUST_1221,MERCH_03,49.99,GBP,debit_card,5,insufficient_funds,1,4,4,500,2026-08-05T12:54:18.601014,IN,api_integration,True,49.99,0,failed
TXN_004104,CUST_0432,MERCH_04,19.99,USD,debit_card,464,insufficient_funds,1,13,1,464,2026-08-09T10:34:56.000908,GB,web_browser,True,19.99,0,failed
TXN_004105,CUST_0313,MERCH_05,1076.33,EUR,ach,287,invalid_payment_method,1,15,4,287,2026-08-17T01:38:20.506410,US,web_browser,False,0.0,0,failed
TXN_004106,CUST_0968,MERCH_05,29.99,EUR,debit_card,470,insufficient_funds,1,0,2,470,2026-08-13T05:05:55.798856,GB,mobile_app,True,29.99,0,recovered
TXN_004107,CUST_0461,MERCH_10,199.0,EUR,upi,551,insufficient_funds,2,9,2,679,2026-08-13T14:05:53.383725,US,api_integration,True,199.0,1,failed
TXN_004108,CUST_1435,MERCH_10,103.91,GBP,credit_card,140,invalid_payment_method,1,8,3,140,2026-08-15T03:30:28.346649,CA,web_browser,False,0.0,0,failed
TXN_004109,CUST_0464,MERCH_06,5.08,USD,upi,27,bank_declined,1,5,1,27,2026-08-11T12:11:03.671415,DE,web_browser,False,0.0,0,recovered
TXN_004110,CUST_1222,MERCH_08,29.99,INR,credit_card,120,authentication_failed,1,18,1,440,2026-07-29T16:05:53.818600,GB,web_browser,True,29.99,0,abandoned
TXN_004111,CUST_1225,MERCH_03,12.9,INR,debit_card,22,unknown,2,1,4,180,2026-07-30T04:54:58.665960,US,api_integration,False,0.0,1,recovered
TXN_004112,CUST_0364,MERCH_06,199.0,EUR,net_banking,608,insufficient_funds,1,20,5,821,2026-08-05T18:12:05.047684,DE,mobile_app,True,199.0,0,failed
TXN_004113,CUST_0533,MERCH_01,30.59,USD,credit_card,602,network_error,4,18,1,602,2026-08-19T18:53:22.107982,US,api_integration,False,0.0,3,failed
TXN_004114,CUST_0443,MERCH_03,141.58,INR,upi,475,invalid_payment_method,1,4,2,858,2026-07-30T23:14:06.873311,DE,api_integration,False,0.0,0,recovered
TXN_004115,CUST_1466,MERCH_05,19.99,GBP,net_banking,183,expired_card,1,1,1,183,2026-08-24T16:17:41.209764,AU,mobile_app,True,19.99,0,failed
TXN_004116,CUST_0125,MERCH_04,226.89,USD,wallet,51,insufficient_funds,1,3,2,51,2026-08-16T00:04:00.197310,DE,api_integration,False,0.0,0,failed
TXN_004117,CUST_1299,MERCH_06,31.45,GBP,net_banking,120,bank_declined,1,17,2,120,2026-08-20T14:29:48.355428,US,mobile_app,False,0.0,0,recovered
TXN_004118,CUST_1272,MERCH_10,195.21,USD,debit_card,288,invalid_payment_method,1,9,4,288,2026-08-21T12:19:00.460575,CA,web_browser,False,0.0,0,recovered
TXN_004119,CUST_1125,MERCH_08,49.99,EUR,wallet,690,insufficient_funds,2,11,4,690,2026-08-21T15:24:58.395846,DE,web_browser,True,49.99,1,failed
TXN_004120,CUST_1136,MERCH_05,180.47,GBP,ach,139,insufficient_funds,3,7,5,139,2026-08-08T14:02:27.254961,CA,mobile_app,False,0.0,2,recovered
TXN_004121,CUST_0786,MERCH_05,300.33,EUR,net_banking,781,network_error,1,18,5,781,2026-07-29T04:32:49.614880,US,api_integration,False,0.0,0,recovered
TXN_004122,CUST_0718,MERCH_08,310.5,USD,debit_card,91,expired_card,2,1,3,91,2026-08-03T16:07:55.048756,GB,mobile_app,False,0.0,1,recovered
TXN_004123,CUST_0548,MERCH_07,29.99,USD,upi,482,authentication_failed,1,3,5,956,2026-07-27T02:04:05.890807,GB,api_integration,True,29.99,0,failed
TXN_004124,CUST_1212,MERCH_07,47.67,EUR,upi,227,invalid_payment_method,1,20,2,683,2026-08-21T12:21:47.954739,IN,mobile_app,False,0.0,0,failed
TXN_004125,CUST_0330,MERCH_09,150.4,EUR,ach,727,insufficient_funds,1,8,4,727,2026-08-03T12:23:15.557636,DE,web_browser,False,0.0,0,failed
TXN_004126,CUST_0340,MERCH_08,19.99,GBP,upi,313,expired_card,1,12,3,313,2026-08-18T06:33:05.165908,US,api_integration,True,19.99,0,failed
TXN_004127,CUST_0101,MERCH_02,123.72,EUR,debit_card,420,limit_exceeded,1,3,0,919,2026-08-16T14:27:09.821569,IN,web_browser,False,0.0,0,failed
TXN_004128,CUST_0811,MERCH_05,264.77,EUR,upi,641,insufficient_funds,1,16,4,641,2026-08-10T04:48:53.189853,US,web_browser,False,0.0,0,recovered
TXN_004129,CUST_1324,MERCH_02,55.32,EUR,wallet,810,insufficient_funds,1,18,4,925,2026-08-18T09:46:52.243693,AU,web_browser,False,0.0,0,recovered
TXN_004130,CUST_1193,MERCH_10,9.99,USD,net_banking,51,unknown,1,9,4,280,2026-08-22T17:28:44.691638,DE,web_browser,True,9.99,0,recovered
TXN_004131,CUST_0920,MERCH_10,19.71,GBP,wallet,957,authentication_failed,4,6,1,957,2026-08-22T05:45:11.035727,IN,web_browser,False,0.0,3,failed
TXN_004132,CUST_0888,MERCH_05,499.0,USD,ach,50,limit_exceeded,1,7,5,50,2026-07-31T06:07:45.344302,CA,web_browser,True,499.0,0,failed
TXN_004133,CUST_0142,MERCH_09,9.99,EUR,wallet,108,expired_card,1,3,0,590,2026-08-21T20:58:35.670909,IN,mobile_app,True,9.99,0,failed
TXN_004134,CUST_1206,MERCH_07,41.34,USD,wallet,363,expired_card,1,18,2,363,2026-08-06T23:54:25.589120,GB,api_integration,False,0.0,0,failed
TXN_004135,CUST_0990,MERCH_07,194.25,GBP,wallet,262,insufficient_funds,1,18,1,262,2026-08-01T00:34:32.260294,DE,api_integration,False,0.0,0,failed
TXN_004136,CUST_0354,MERCH_01,153.22,GBP,credit_card,643,network_error,2,17,3,722,2026-08-22T09:14:01.385047,AU,mobile_app,False,0.0,1,failed
TXN_004137,CUST_0146,MERCH_08,229.76,USD,credit_card,256,insufficient_funds,2,13,1,256,2026-07-28T06:48:16.939996,AU,api_integration,False,0.0,1,failed
TXN_004138,CUST_1373,MERCH_02,199.0,EUR,upi,372,expired_card,3,13,0,904,2026-08-11T07:38:54.247798,IN,web_browser,True,199.0,2,failed
TXN_004139,CUST_0896,MERCH_08,234.31,GBP,net_banking,261,network_error,2,0,0,261,2026-07-26T10:49:10.948407,GB,web_browser,False,0.0,1,failed
TXN_004140,CUST_0289,MERCH_03,49.48,GBP,credit_card,452,limit_exceeded,1,17,2,817,2026-08-14T05:28:12.052529,GB,api_integration,False,0.0,0,abandoned
TXN_004141,CUST_1360,MERCH_01,499.0,EUR,upi,710,bank_declined,1,8,0,710,2026-08-15T16:59:12.592013,DE,web_browser,True,499.0,0,failed
TXN_004142,CUST_0448,MERCH_06,499.0,INR,wallet,565,insufficient_funds,2,11,1,565,2026-08-01T12:51:37.721579,AU,mobile_app,True,499.0,1,failed
TXN_004143,CUST_1036,MERCH_07,208.82,EUR,net_banking,305,expired_card,1,4,2,660,2026-08-17T14:16:34.972996,DE,api_integration,False,0.0,0,abandoned
TXN_004144,CUST_1111,MERCH_01,385.87,GBP,wallet,105,insufficient_funds,1,17,0,105,2026-07-31T22:39:53.633070,IN,web_browser,False,0.0,0,recovered
TXN_004145,CUST_0558,MERCH_06,199.0,GBP,credit_card,50,network_error,3,13,5,524,2026-07-26T01:29:54.168562,CA,web_browser,True,199.0,2,failed
TXN_004146,CUST_0450,MERCH_04,160.83,GBP,upi,87,expired_card,4,13,0,87,2026-08-19T14:39:37.760150,GB,api_integration,False,0.0,3,abandoned
TXN_004147,CUST_0237,MERCH_04,499.0,USD,credit_card,344,invalid_payment_method,2,3,1,344,2026-07-31T01:31:09.687649,AU,api_integration,True,499.0,1,abandoned
TXN_004148,CUST_0362,MERCH_04,199.0,INR,credit_card,643,network_error,1,4,5,643,2026-07-29T22:45:53.113216,GB,api_integration,True,199.0,0,failed
TXN_004149,CUST_0917,MERCH_08,60.41,USD,credit_card,790,network_error,4,3,4,947,2026-08-18T05:03:19.486879,GB,web_browser,False,0.0,3,abandoned
TXN_004150,CUST_0704,MERCH_09,29.99,EUR,wallet,569,network_error,1,5,5,569,2026-08-21T14:49:25.274528,IN,mobile_app,True,29.99,0,failed
TXN_004151,CUST_0875,MERCH_05,29.5,GBP,net_banking,260,insufficient_funds,4,18,3,260,2026-08-02T06:21:43.713076,IN,api_integration,False,0.0,3,abandoned
TXN_004152,CUST_1352,MERCH_04,12.24,USD,wallet,445,unknown,4,5,0,445,2026-08-10T19:45:54.201379,IN,mobile_app,False,0.0,3,failed
TXN_004153,CUST_0784,MERCH_06,50.75,INR,ach,825,network_error,2,2,1,971,2026-08-21T16:44:06.545317,IN,web_browser,False,0.0,1,failed
TXN_004154,CUST_0131,MERCH_02,133.37,GBP,ach,715,insufficient_funds,1,9,2,715,2026-08-10T14:39:17.457387,CA,api_integration,False,0.0,0,failed
TXN_004155,CUST_0871,MERCH_03,38.78,EUR,ach,126,expired_card,2,3,0,498,2026-08-15T15:52:17.141750,CA,api_integration,False,0.0,1,failed
TXN_004156,CUST_0649,MERCH_02,588.19,USD,credit_card,830,expired_card,1,12,2,884,2026-08-18T13:36:54.558630,IN,mobile_app,False,0.0,0,abandoned
TXN_004157,CUST_0699,MERCH_03,19.99,INR,ach,395,invalid_payment_method,1,14,0,413,2026-08-04T22:52:05.352534,AU,web_browser,True,19.99,0,abandoned
TXN_004158,CUST_0273,MERCH_10,150.22,GBP,credit_card,68,authentication_failed,1,5,0,68,2026-08-06T09:45:18.746201,DE,api_integration,False,0.0,0,abandoned
TXN_004159,CUST_1284,MERCH_04,13.57,USD,ach,129,network_error,1,13,5,263,2026-08-03T20:42:44.332409,US,web_browser,False,0.0,0,abandoned
TXN_004160,CUST_0602,MERCH_02,9.99,EUR,debit_card,698,insufficient_funds,2,3,0,979,2026-08-23T08:53:59.309589,AU,mobile_app,True,9.99,1,failed
TXN_004161,CUST_0737,MERCH_10,269.08,EUR,debit_card,355,limit_exceeded,1,17,3,728,2026-07-30T13:26:03.437988,CA,api_integration,False,0.0,0,failed
TXN_004162,CUST_1396,MERCH_03,49.99,EUR,debit_card,588,network_error,3,16,1,846,2026-08-24T13:37:00.379198,IN,web_browser,True,49.99,2,recovered
TXN_004163,CUST_0648,MERCH_09,122.92,GBP,upi,613,invalid_payment_method,2,15,3,613,2026-08-10T22:25:43.886047,GB,mobile_app,False,0.0,1,failed
TXN_004164,CUST_1271,MERCH_06,470.07,EUR,upi,242,authentication_failed,2,3,2,434,2026-08-05T03:06:20.892773,AU,mobile_app,False,0.0,1,failed
TXN_004165,CUST_0630,MERCH_08,135.83,USD,wallet,35,bank_declined,2,2,0,416,2026-07-31T14:58:06.018574,IN,mobile_app,False,0.0,1,failed
TXN_004166,CUST_0434,MERCH_04,192.59,EUR,wallet,297,bank_declined,1,20,4,818,2026-08-04T18:50:55.444566,GB,api_integration,False,0.0,0,recovered
TXN_004167,CUST_0827,MERCH_07,239.86,INR,wallet,83,bank_declined,1,9,2,83,2026-08-13T18:34:56.775468,AU,api_integration,False,0.0,0,failed
TXN_004168,CUST_0290,MERCH_05,49.99,INR,net_banking,208,bank_declined,2,15,0,225,2026-08-17T18:48:50.096535,CA,web_browser,True,49.99,1,failed
TXN_004169,CUST_1458,MERCH_07,499.0,INR,upi,271,insufficient_funds,1,19,2,331,2026-08-05T16:34:30.711970,AU,api_integration,True,499.0,0,abandoned
TXN_004170,CUST_0328,MERCH_04,33.45,GBP,wallet,452,invalid_payment_method,3,13,3,452,2026-07-27T12:02:31.442900,US,mobile_app,False,0.0,2,failed
TXN_004171,CUST_1352,MERCH_10,41.09,USD,wallet,53,expired_card,1,12,1,53,2026-07-27T09:12:14.998978,US,api_integration,False,0.0,0,abandoned
TXN_004172,CUST_1411,MERCH_10,99.0,EUR,credit_card,578,invalid_payment_method,1,16,5,578,2026-08-18T11:45:36.504723,CA,mobile_app,True,99.0,0,recovered
TXN_004173,CUST_1374,MERCH_09,118.96,USD,upi,38,invalid_payment_method,1,10,0,372,2026-08-21T23:52:33.490070,CA,mobile_app,False,0.0,0,failed
TXN_004174,CUST_1043,MERCH_09,80.45,INR,ach,74,unknown,3,13,1,74,2026-08-13T00:48:13.374284,CA,api_integration,False,0.0,2,recovered
TXN_004175,CUST_0462,MERCH_05,499.0,USD,ach,276,authentication_failed,1,3,2,276,2026-07-26T05:24:40.068786,GB,api_integration,True,499.0,0,recovered
TXN_004176,CUST_1333,MERCH_08,39.15,EUR,upi,395,insufficient_funds,1,9,2,395,2026-08-15T04:04:57.877171,US,mobile_app,False,0.0,0,failed
TXN_004177,CUST_0356,MERCH_03,9.99,USD,upi,515,limit_exceeded,1,16,5,984,2026-08-22T10:41:22.901935,DE,mobile_app,True,9.99,0,failed
TXN_004178,CUST_0214,MERCH_09,115.22,INR,ach,156,bank_declined,2,0,4,719,2026-08-03T10:44:29.544577,GB,mobile_app,False,0.0,1,failed
TXN_004179,CUST_1123,MERCH_07,375.82,INR,net_banking,414,authentication_failed,1,1,5,414,2026-08-20T01:05:45.944223,AU,web_browser,False,0.0,0,recovered
TXN_004180,CUST_1018,MERCH_05,199.0,EUR,wallet,680,invalid_payment_method,1,0,4,968,2026-08-04T02:10:55.258594,AU,web_browser,True,199.0,0,failed
TXN_004181,CUST_0479,MERCH_06,270.03,USD,credit_card,119,expired_card,1,0,5,119,2026-07-28T07:36:59.841570,IN,web_browser,False,0.0,0,failed
TXN_004182,CUST_0554,MERCH_05,828.54,EUR,net_banking,440,expired_card,1,8,3,440,2026-08-10T13:07:42.559683,GB,web_browser,False,0.0,0,failed
TXN_004183,CUST_0146,MERCH_04,18.54,GBP,debit_card,76,authentication_failed,2,5,0,76,2026-08-14T21:34:38.268798,US,web_browser,False,0.0,1,abandoned
TXN_004184,CUST_0867,MERCH_06,19.99,GBP,wallet,333,insufficient_funds,3,20,4,860,2026-08-24T18:55:01.174031,GB,web_browser,True,19.99,2,failed
TXN_004185,CUST_0128,MERCH_06,259.25,INR,wallet,153,bank_declined,4,1,3,163,2026-08-01T08:44:16.023005,IN,api_integration,False,0.0,3,abandoned
TXN_004186,CUST_1189,MERCH_09,191.24,EUR,ach,542,expired_card,1,12,4,593,2026-08-05T20:12:20.994325,IN,api_integration,False,0.0,0,failed
TXN_004187,CUST_0805,MERCH_05,203.79,USD,net_banking,217,insufficient_funds,4,5,5,217,2026-07-27T08:37:22.110128,IN,api_integration,False,0.0,3,failed
TXN_004188,CUST_1011,MERCH_01,157.41,EUR,credit_card,143,expired_card,1,8,5,143,2026-08-05T01:13:38.858685,IN,api_integration,False,0.0,0,recovered
TXN_004189,CUST_1370,MERCH_05,49.99,USD,upi,454,authentication_failed,1,7,4,932,2026-07-30T11:19:06.210575,DE,web_browser,True,49.99,0,failed
TXN_004190,CUST_1299,MERCH_02,226.96,EUR,ach,175,insufficient_funds,2,11,2,175,2026-08-11T09:36:44.734350,US,web_browser,False,0.0,1,failed
TXN_004191,CUST_0314,MERCH_05,520.52,USD,upi,475,insufficient_funds,2,16,4,475,2026-07-30T09:39:44.957232,AU,web_browser,False,0.0,1,recovered
TXN_004192,CUST_1349,MERCH_10,19.99,EUR,ach,468,authentication_failed,2,20,1,468,2026-08-22T22:05:24.456478,US,web_browser,True,19.99,1,failed
TXN_004193,CUST_1078,MERCH_07,45.31,EUR,credit_card,596,insufficient_funds,1,19,5,953,2026-08-06T22:09:51.445091,GB,api_integration,False,0.0,0,recovered
TXN_004194,CUST_1280,MERCH_03,58.93,GBP,upi,842,expired_card,1,12,3,842,2026-08-14T17:30:51.488395,CA,api_integration,False,0.0,0,failed
TXN_004195,CUST_0868,MERCH_08,68.13,USD,credit_card,304,expired_card,1,14,0,387,2026-07-26T07:36:51.595484,CA,api_integration,False,0.0,0,failed
TXN_004196,CUST_0855,MERCH_10,704.62,EUR,net_banking,121,insufficient_funds,1,2,3,121,2026-08-08T09:14:46.620246,AU,mobile_app,False,0.0,0,failed
TXN_004197,CUST_0658,MERCH_04,29.99,INR,ach,28,insufficient_funds,2,3,0,28,2026-08-08T02:44:31.960222,US,web_browser,True,29.99,1,recovered
TXN_004198,CUST_1270,MERCH_02,16.95,USD,upi,84,insufficient_funds,1,4,0,826,2026-08-10T18:59:56.723597,AU,web_browser,False,0.0,0,recovered
TXN_004199,CUST_1264,MERCH_07,99.0,EUR,upi,194,network_error,1,8,1,194,2026-08-22T18:43:35.782436,AU,api_integration,True,99.0,0,failed
TXN_004200,CUST_0415,MERCH_05,212.66,EUR,net_banking,45,authentication_failed,1,0,5,511,2026-08-05T12:02:59.407512,GB,api_integration,False,0.0,0,failed
TXN_004201,CUST_0495,MERCH_07,55.97,USD,ach,318,insufficient_funds,1,5,5,318,2026-08-13T05:29:12.957574,GB,api_integration,False,0.0,0,abandoned
TXN_004202,CUST_0698,MERCH_07,91.0,INR,ach,716,authentication_failed,1,0,3,794,2026-08-20T20:47:40.604860,US,api_integration,False,0.0,0,failed
TXN_004203,CUST_1171,MERCH_08,99.0,GBP,upi,848,limit_exceeded,1,7,1,848,2026-08-14T07:14:04.475091,US,api_integration,True,99.0,0,recovered
TXN_004204,CUST_0453,MERCH_10,8.09,INR,wallet,330,insufficient_funds,2,16,5,330,2026-08-23T10:26:16.689999,GB,web_browser,False,0.0,1,failed
TXN_004205,CUST_0103,MERCH_03,114.33,EUR,credit_card,388,expired_card,4,4,5,388,2026-08-06T06:37:48.676823,AU,api_integration,False,0.0,3,abandoned
TXN_004206,CUST_0700,MERCH_08,13.52,USD,net_banking,241,insufficient_funds,3,10,0,355,2026-08-19T19:27:24.577977,US,api_integration,False,0.0,2,recovered
TXN_004207,CUST_0364,MERCH_04,114.34,GBP,ach,652,insufficient_funds,1,0,0,699,2026-08-24T13:19:36.884576,DE,mobile_app,False,0.0,0,failed
TXN_004208,CUST_1381,MERCH_05,61.55,USD,net_banking,151,insufficient_funds,1,0,4,151,2026-08-20T23:30:00.761272,DE,mobile_app,False,0.0,0,failed
TXN_004209,CUST_0519,MERCH_06,261.62,EUR,debit_card,154,network_error,1,5,5,918,2026-08-18T01:09:09.322674,GB,mobile_app,False,0.0,0,failed
TXN_004210,CUST_0902,MERCH_01,41.17,INR,ach,84,authentication_failed,2,20,5,84,2026-08-06T23:14:46.324409,IN,mobile_app,False,0.0,1,failed
TXN_004211,CUST_0492,MERCH_03,99.0,GBP,credit_card,773,invalid_payment_method,4,9,3,773,2026-08-06T18:18:51.410864,US,api_integration,True,99.0,3,failed
TXN_004212,CUST_0292,MERCH_09,37.87,INR,credit_card,233,invalid_payment_method,1,3,1,659,2026-08-15T06:33:30.195824,GB,web_browser,False,0.0,0,recovered
TXN_004213,CUST_1455,MERCH_06,49.63,GBP,upi,53,insufficient_funds,3,15,0,732,2026-07-28T13:43:35.181408,GB,mobile_app,False,0.0,2,abandoned
TXN_004214,CUST_0458,MERCH_06,177.28,INR,net_banking,260,expired_card,1,1,1,504,2026-08-05T09:10:30.470002,GB,mobile_app,False,0.0,0,recovered
TXN_004215,CUST_0397,MERCH_01,49.99,GBP,ach,3,bank_declined,1,20,4,253,2026-08-17T12:26:15.310908,AU,web_browser,True,49.99,0,failed
TXN_004216,CUST_1089,MERCH_06,70.95,INR,debit_card,745,authentication_failed,3,15,0,745,2026-07-30T14:25:35.129843,GB,mobile_app,False,0.0,2,failed
TXN_004217,CUST_1127,MERCH_04,222.78,EUR,ach,253,authentication_failed,2,1,1,253,2026-08-07T01:13:31.743416,US,web_browser,False,0.0,1,abandoned
TXN_004218,CUST_0994,MERCH_10,56.26,USD,debit_card,627,network_error,1,12,0,975,2026-07-29T05:32:54.976374,AU,api_integration,False,0.0,0,abandoned
TXN_004219,CUST_0189,MERCH_08,154.94,INR,net_banking,589,insufficient_funds,2,17,0,901,2026-08-20T00:22:55.834364,GB,web_browser,False,0.0,1,failed
TXN_004220,CUST_0337,MERCH_08,47.24,USD,credit_card,81,unknown,3,4,0,81,2026-07-27T12:56:38.918129,CA,web_browser,False,0.0,2,recovered
TXN_004221,CUST_1406,MERCH_06,182.4,EUR,upi,254,expired_card,1,9,3,254,2026-08-11T05:09:46.571846,GB,api_integration,False,0.0,0,recovered
TXN_004222,CUST_1338,MERCH_10,129.4,USD,debit_card,409,insufficient_funds,1,15,0,718,2026-07-28T22:19:18.186974,US,mobile_app,False,0.0,0,failed
TXN_004223,CUST_0686,MERCH_10,19.99,USD,upi,220,bank_declined,1,0,0,574,2026-08-08T19:28:01.998591,AU,web_browser,True,19.99,0,failed
TXN_004224,CUST_0137,MERCH_04,152.28,INR,credit_card,877,insufficient_funds,3,7,4,966,2026-08-13T17:43:14.907061,IN,web_browser,False,0.0,2,failed
TXN_004225,CUST_0550,MERCH_02,199.0,USD,wallet,565,authentication_failed,1,0,2,565,2026-07-28T13:24:52.869097,DE,web_browser,True,199.0,0,recovered
TXN_004226,CUST_0847,MERCH_10,98.11,INR,wallet,137,insufficient_funds,3,5,5,598,2026-08-23T15:25:10.754933,IN,api_integration,False,0.0,2,failed
TXN_004227,CUST_1457,MERCH_10,80.65,GBP,wallet,40,limit_exceeded,1,3,5,40,2026-08-11T22:44:56.297363,CA,mobile_app,False,0.0,0,failed
TXN_004228,CUST_0182,MERCH_04,14.85,GBP,ach,264,expired_card,1,2,4,773,2026-08-10T18:47:57.273722,DE,api_integration,False,0.0,0,failed
TXN_004229,CUST_0933,MERCH_05,266.76,GBP,debit_card,84,authentication_failed,1,3,4,360,2026-08-04T17:56:56.875283,GB,web_browser,False,0.0,0,failed
TXN_004230,CUST_1040,MERCH_04,199.0,INR,credit_card,48,insufficient_funds,1,16,5,48,2026-08-15T18:29:45.314333,IN,mobile_app,True,199.0,0,failed
TXN_004231,CUST_1412,MERCH_08,49.99,INR,debit_card,118,bank_declined,1,11,1,118,2026-08-10T04:47:24.304134,US,mobile_app,True,49.99,0,abandoned
TXN_004232,CUST_0645,MERCH_04,15.53,GBP,debit_card,163,expired_card,1,7,4,163,2026-07-31T23:26:28.814716,CA,web_browser,False,0.0,0,recovered
TXN_004233,CUST_1054,MERCH_02,132.24,EUR,ach,194,bank_declined,2,13,0,361,2026-08-12T23:47:56.235667,CA,web_browser,False,0.0,1,failed
TXN_004234,CUST_0224,MERCH_10,240.82,GBP,ach,448,insufficient_funds,2,20,4,978,2026-08-10T02:55:32.180525,GB,web_browser,False,0.0,1,failed
TXN_004235,CUST_0424,MERCH_10,99.0,USD,wallet,198,insufficient_funds,1,15,3,770,2026-08-17T13:41:01.426456,US,mobile_app,True,99.0,0,failed
TXN_004236,CUST_0126,MERCH_01,49.99,INR,ach,243,network_error,3,15,4,243,2026-08-09T06:17:05.005916,CA,mobile_app,True,49.99,2,abandoned
TXN_004237,CUST_1076,MERCH_05,99.0,INR,debit_card,188,authentication_failed,1,1,1,934,2026-08-09T08:35:38.026825,DE,api_integration,True,99.0,0,failed
TXN_004238,CUST_0407,MERCH_03,545.68,EUR,net_banking,272,insufficient_funds,2,9,2,272,2026-08-16T07:19:58.644837,IN,web_browser,False,0.0,1,recovered
TXN_004239,CUST_1162,MERCH_08,142.33,GBP,upi,694,insufficient_funds,2,9,3,837,2026-07-31T08:20:05.731111,US,web_browser,False,0.0,1,failed
TXN_004240,CUST_0902,MERCH_09,94.5,GBP,wallet,6,network_error,2,8,1,889,2026-08-18T06:02:58.639765,DE,mobile_app,False,0.0,1,failed
TXN_004241,CUST_0491,MERCH_08,18.39,GBP,wallet,620,authentication_failed,3,10,5,620,2026-07-28T10:57:39.125687,CA,api_integration,False,0.0,2,abandoned
TXN_004242,CUST_0159,MERCH_10,19.99,USD,upi,85,authentication_failed,3,2,1,970,2026-08-18T07:05:12.158229,CA,web_browser,True,19.99,2,recovered
TXN_004243,CUST_0253,MERCH_01,49.99,EUR,upi,105,insufficient_funds,1,10,5,105,2026-08-20T21:31:15.150593,IN,web_browser,True,49.99,0,failed
TXN_004244,CUST_1477,MERCH_03,35.43,INR,credit_card,742,limit_exceeded,1,8,0,742,2026-07-29T05:50:28.658014,US,web_browser,False,0.0,0,failed
TXN_004245,CUST_0602,MERCH_03,99.0,GBP,ach,513,unknown,1,17,1,513,2026-08-10T08:52:45.305333,CA,web_browser,True,99.0,0,failed
TXN_004246,CUST_1453,MERCH_08,39.64,GBP,upi,174,insufficient_funds,2,3,3,174,2026-08-06T12:47:02.161169,US,mobile_app,False,0.0,1,failed
TXN_004247,CUST_1097,MERCH_07,119.87,GBP,wallet,311,network_error,2,16,0,311,2026-08-02T17:26:34.977680,DE,mobile_app,False,0.0,1,recovered
TXN_004248,CUST_1239,MERCH_05,15.61,EUR,credit_card,279,insufficient_funds,2,16,5,279,2026-08-01T03:14:13.701949,DE,web_browser,False,0.0,1,failed
TXN_004249,CUST_0180,MERCH_06,121.34,USD,credit_card,826,bank_declined,1,11,5,826,2026-08-17T05:56:44.661621,CA,web_browser,False,0.0,0,failed
TXN_004250,CUST_0457,MERCH_09,189.56,EUR,credit_card,143,unknown,3,19,3,169,2026-08-10T15:16:09.234427,IN,mobile_app,False,0.0,2,recovered
TXN_004251,CUST_0788,MERCH_10,199.0,EUR,upi,487,network_error,1,5,1,982,2026-08-16T06:00:00.111667,AU,mobile_app,True,199.0,0,failed
TXN_004252,CUST_0606,MERCH_01,133.91,GBP,net_banking,439,authentication_failed,1,10,2,801,2026-08-17T16:21:26.284946,AU,web_browser,False,0.0,0,failed
TXN_004253,CUST_1165,MERCH_04,6.65,GBP,wallet,207,expired_card,1,2,3,207,2026-08-12T16:24:23.534356,GB,mobile_app,False,0.0,0,failed
TXN_004254,CUST_1346,MERCH_10,49.99,USD,debit_card,633,insufficient_funds,2,4,1,633,2026-08-16T14:04:43.298813,CA,mobile_app,True,49.99,1,failed
TXN_004255,CUST_0685,MERCH_06,48.32,EUR,ach,82,bank_declined,3,5,4,82,2026-08-14T19:51:23.637155,DE,web_browser,False,0.0,2,failed
TXN_004256,CUST_1247,MERCH_05,199.0,INR,debit_card,230,insufficient_funds,2,5,1,551,2026-08-23T19:03:14.624623,DE,mobile_app,True,199.0,1,recovered
TXN_004257,CUST_0830,MERCH_02,199.0,USD,upi,416,expired_card,1,9,4,650,2026-07-28T01:08:33.081639,DE,web_browser,True,199.0,0,recovered
TXN_004258,CUST_0902,MERCH_01,5.9,USD,net_banking,346,invalid_payment_method,2,8,1,346,2026-08-06T15:03:54.431986,IN,web_browser,False,0.0,1,failed
TXN_004259,CUST_0234,MERCH_01,172.83,GBP,credit_card,661,insufficient_funds,1,12,1,947,2026-08-11T09:47:57.425971,IN,web_browser,False,0.0,0,recovered
TXN_004260,CUST_0787,MERCH_01,120.0,GBP,wallet,344,authentication_failed,2,15,2,344,2026-08-10T15:09:45.061897,DE,mobile_app,False,0.0,1,failed
TXN_004261,CUST_0972,MERCH_07,156.15,GBP,upi,108,authentication_failed,1,10,0,108,2026-08-09T14:13:50.871653,AU,web_browser,False,0.0,0,recovered
TXN_004262,CUST_1072,MERCH_04,9.99,GBP,credit_card,331,expired_card,1,14,4,784,2026-07-28T22:54:30.931960,CA,mobile_app,True,9.99,0,failed
TXN_004263,CUST_1166,MERCH_06,67.17,INR,debit_card,554,bank_declined,1,6,2,554,2026-08-02T05:33:33.704013,CA,api_integration,False,0.0,0,failed
TXN_004264,CUST_0847,MERCH_05,9.99,EUR,net_banking,154,bank_declined,1,10,3,373,2026-08-22T06:42:01.574825,IN,web_browser,True,9.99,0,failed
TXN_004265,CUST_0921,MERCH_10,120.75,EUR,net_banking,462,authentication_failed,1,11,1,462,2026-08-08T01:35:58.636184,IN,mobile_app,False,0.0,0,failed
TXN_004266,CUST_0965,MERCH_05,396.01,EUR,upi,317,insufficient_funds,2,12,5,317,2026-08-17T15:36:44.815775,AU,api_integration,False,0.0,1,recovered
TXN_004267,CUST_0531,MERCH_09,38.78,EUR,wallet,92,network_error,1,7,5,92,2026-08-14T02:00:55.681893,GB,api_integration,False,0.0,0,recovered
TXN_004268,CUST_0437,MERCH_09,33.65,USD,credit_card,330,insufficient_funds,1,12,3,446,2026-08-11T08:38:45.031040,DE,mobile_app,False,0.0,0,failed
TXN_004269,CUST_0143,MERCH_03,409.97,GBP,wallet,172,insufficient_funds,2,0,1,918,2026-07-30T08:14:17.561054,US,api_integration,False,0.0,1,failed
TXN_004270,CUST_1147,MERCH_07,60.32,GBP,upi,401,authentication_failed,4,18,0,401,2026-08-03T23:19:03.155972,US,mobile_app,False,0.0,3,abandoned
TXN_004271,CUST_1347,MERCH_05,29.99,EUR,debit_card,137,insufficient_funds,3,2,1,137,2026-07-27T02:48:37.343723,CA,web_browser,True,29.99,2,failed
TXN_004272,CUST_1299,MERCH_03,16.38,INR,debit_card,404,authentication_failed,1,12,5,404,2026-08-20T17:22:15.048711,DE,mobile_app,False,0.0,0,failed
TXN_004273,CUST_0324,MERCH_01,326.46,INR,upi,773,insufficient_funds,3,14,3,773,2026-08-24T05:17:19.386030,DE,web_browser,False,0.0,2,failed
TXN_004274,CUST_0643,MERCH_10,49.99,INR,debit_card,561,bank_declined,3,0,3,561,2026-07-27T22:57:24.504036,US,web_browser,True,49.99,2,failed
TXN_004275,CUST_1497,MERCH_04,141.9,INR,net_banking,74,expired_card,1,3,3,294,2026-07-26T19:33:37.194148,GB,mobile_app,False,0.0,0,recovered
TXN_004276,CUST_0710,MERCH_02,54.32,INR,wallet,394,bank_declined,2,13,5,394,2026-07-28T06:02:03.297202,AU,web_browser,False,0.0,1,failed
TXN_004277,CUST_1480,MERCH_04,26.0,GBP,debit_card,539,authentication_failed,1,1,1,832,2026-07-30T12:24:34.697135,GB,web_browser,False,0.0,0,recovered
TXN_004278,CUST_0828,MERCH_01,19.99,EUR,debit_card,581,insufficient_funds,2,19,5,822,2026-08-04T12:18:03.463885,GB,mobile_app,True,19.99,1,failed
TXN_004279,CUST_0789,MERCH_10,45.5,EUR,upi,279,insufficient_funds,1,18,3,374,2026-08-14T17:04:29.897970,GB,api_integration,False,0.0,0,failed
TXN_004280,CUST_1456,MERCH_10,20.84,GBP,credit_card,39,insufficient_funds,1,2,0,141,2026-08-08T10:56:43.347495,AU,web_browser,False,0.0,0,failed
TXN_004281,CUST_0249,MERCH_04,156.25,USD,credit_card,69,insufficient_funds,4,9,1,69,2026-07-31T16:20:17.740557,GB,web_browser,False,0.0,3,failed
TXN_004282,CUST_1208,MERCH_08,100.66,EUR,ach,292,insufficient_funds,1,1,0,539,2026-08-19T13:17:38.146970,CA,api_integration,False,0.0,0,failed
TXN_004283,CUST_1159,MERCH_07,19.99,USD,credit_card,330,insufficient_funds,2,1,5,659,2026-08-21T23:22:07.266744,GB,web_browser,True,19.99,1,failed
TXN_004284,CUST_1119,MERCH_04,202.58,GBP,upi,588,authentication_failed,2,20,3,773,2026-08-24T12:51:39.136879,AU,api_integration,False,0.0,1,failed
TXN_004285,CUST_1423,MERCH_08,199.0,EUR,credit_card,193,insufficient_funds,1,16,5,193,2026-08-04T19:22:41.205184,CA,web_browser,True,199.0,0,abandoned
TXN_004286,CUST_1401,MERCH_03,29.99,GBP,debit_card,314,expired_card,1,0,0,314,2026-07-27T08:11:37.387913,CA,mobile_app,True,29.99,0,failed
TXN_004287,CUST_0448,MERCH_06,40.98,INR,debit_card,240,insufficient_funds,1,9,1,572,2026-08-01T22:29:55.548130,GB,mobile_app,False,0.0,0,recovered
TXN_004288,CUST_0971,MERCH_04,118.09,GBP,net_banking,3,expired_card,1,4,1,878,2026-08-12T11:43:36.092697,GB,mobile_app,False,0.0,0,recovered
TXN_004289,CUST_0609,MERCH_09,499.0,USD,debit_card,303,authentication_failed,3,10,5,303,2026-08-03T23:04:03.699954,DE,web_browser,True,499.0,2,failed
TXN_004290,CUST_0315,MERCH_01,199.0,USD,wallet,222,invalid_payment_method,1,8,2,222,2026-08-07T07:08:00.299494,DE,mobile_app,True,199.0,0,recovered
TXN_004291,CUST_0620,MERCH_01,135.09,EUR,ach,542,expired_card,3,0,0,747,2026-08-12T16:31:30.118549,DE,web_browser,False,0.0,2,recovered
TXN_004292,CUST_0865,MERCH_06,171.6,EUR,ach,476,insufficient_funds,1,11,1,870,2026-08-10T18:53:39.941241,CA,web_browser,False,0.0,0,failed
TXN_004293,CUST_0738,MERCH_03,33.93,GBP,upi,216,expired_card,1,0,0,618,2026-08-03T13:48:39.742196,DE,web_browser,False,0.0,0,failed
TXN_004294,CUST_0381,MERCH_03,9.99,EUR,wallet,913,expired_card,1,1,4,984,2026-08-01T01:18:36.176490,DE,web_browser,True,9.99,0,failed
TXN_004295,CUST_0255,MERCH_05,199.0,INR,upi,326,insufficient_funds,3,7,5,326,2026-08-18T04:49:01.618900,US,web_browser,True,199.0,2,failed
TXN_004296,CUST_1307,MERCH_04,77.49,EUR,debit_card,235,invalid_payment_method,4,12,1,773,2026-08-14T16:12:41.367077,IN,api_integration,False,0.0,3,abandoned
TXN_004297,CUST_1056,MERCH_04,57.98,EUR,wallet,223,expired_card,1,14,5,443,2026-07-27T04:29:26.551818,GB,api_integration,False,0.0,0,recovered
TXN_004298,CUST_0392,MERCH_08,716.2,GBP,debit_card,877,insufficient_funds,3,20,3,877,2026-08-22T18:39:32.231879,AU,mobile_app,False,0.0,2,failed
TXN_004299,CUST_1411,MERCH_04,106.48,EUR,ach,106,authentication_failed,3,10,4,954,2026-08-04T12:32:53.192284,IN,api_integration,False,0.0,2,recovered
TXN_004300,CUST_1173,MERCH_04,118.94,EUR,upi,321,expired_card,1,19,0,472,2026-08-21T20:07:03.551613,GB,mobile_app,False,0.0,0,failed
TXN_004301,CUST_0188,MERCH_08,251.45,USD,credit_card,412,authentication_failed,2,3,4,534,2026-08-13T09:06:55.854090,GB,api_integration,False,0.0,1,recovered
TXN_004302,CUST_1180,MERCH_10,9.99,INR,net_banking,130,expired_card,1,16,3,854,2026-07-31T02:32:38.934253,DE,mobile_app,True,9.99,0,abandoned
TXN_004303,CUST_1414,MERCH_02,218.03,USD,net_banking,62,insufficient_funds,1,8,1,62,2026-07-26T11:54:21.496136,DE,web_browser,False,0.0,0,recovered
TXN_004304,CUST_0954,MERCH_10,29.99,USD,wallet,416,insufficient_funds,3,10,1,875,2026-08-02T18:46:01.545085,GB,api_integration,True,29.99,2,recovered
TXN_004305,CUST_1016,MERCH_02,203.79,INR,debit_card,509,bank_declined,1,7,1,509,2026-08-03T21:38:23.772010,GB,web_browser,False,0.0,0,abandoned
TXN_004306,CUST_0848,MERCH_10,9.99,USD,upi,208,invalid_payment_method,3,7,0,827,2026-08-07T21:41:29.348808,CA,api_integration,True,9.99,2,failed
TXN_004307,CUST_0614,MERCH_04,49.99,USD,credit_card,59,insufficient_funds,2,2,5,59,2026-08-12T23:03:27.637543,DE,api_integration,True,49.99,1,recovered
TXN_004308,CUST_0891,MERCH_08,199.0,EUR,upi,548,insufficient_funds,3,17,3,548,2026-08-04T08:06:09.059227,GB,api_integration,True,199.0,2,failed
TXN_004309,CUST_0488,MERCH_02,21.91,GBP,debit_card,300,unknown,1,4,2,300,2026-08-07T11:50:44.648019,GB,mobile_app,False,0.0,0,abandoned
TXN_004310,CUST_0583,MERCH_06,286.14,GBP,credit_card,7,insufficient_funds,1,10,2,710,2026-08-17T04:31:35.620935,AU,api_integration,False,0.0,0,recovered
TXN_004311,CUST_1496,MERCH_07,25.87,INR,wallet,562,authentication_failed,1,6,3,562,2026-07-29T11:38:48.484962,GB,api_integration,False,0.0,0,failed
TXN_004312,CUST_1431,MERCH_01,271.37,EUR,upi,257,network_error,2,14,4,871,2026-07-26T01:23:39.272825,DE,web_browser,False,0.0,1,failed
TXN_004313,CUST_0210,MERCH_03,19.99,GBP,net_banking,6,expired_card,1,15,3,703,2026-08-23T04:20:43.199751,IN,web_browser,True,19.99,0,failed
TXN_004314,CUST_0462,MERCH_08,36.97,USD,net_banking,278,bank_declined,1,9,2,924,2026-08-03T10:48:21.124624,CA,web_browser,False,0.0,0,abandoned
TXN_004315,CUST_0708,MERCH_03,199.0,GBP,credit_card,16,network_error,1,17,1,16,2026-08-18T19:34:56.940888,US,api_integration,True,199.0,0,failed
TXN_004316,CUST_1472,MERCH_09,32.42,EUR,wallet,190,expired_card,1,11,2,190,2026-08-14T16:26:39.801111,CA,mobile_app,False,0.0,0,abandoned
TXN_004317,CUST_0737,MERCH_09,115.16,INR,upi,767,invalid_payment_method,3,20,5,767,2026-07-28T21:08:45.789007,US,mobile_app,False,0.0,2,failed
TXN_004318,CUST_0472,MERCH_08,50.48,GBP,credit_card,198,expired_card,1,18,0,198,2026-08-21T11:48:37.402588,GB,api_integration,False,0.0,0,failed
TXN_004319,CUST_1111,MERCH_08,66.19,USD,ach,642,insufficient_funds,2,2,5,910,2026-07-28T14:09:29.256494,GB,mobile_app,False,0.0,1,abandoned
TXN_004320,CUST_1398,MERCH_03,199.0,EUR,upi,193,unknown,2,4,0,193,2026-08-05T14:19:52.210318,IN,web_browser,True,199.0,1,failed
TXN_004321,CUST_0167,MERCH_01,9.99,INR,net_banking,204,insufficient_funds,1,13,1,557,2026-08-16T10:02:49.789832,GB,api_integration,True,9.99,0,failed
TXN_004322,CUST_0868,MERCH_10,148.7,EUR,upi,712,authentication_failed,1,15,4,712,2026-07-30T15:02:55.250976,GB,api_integration,False,0.0,0,recovered
TXN_004323,CUST_0756,MERCH_04,31.44,INR,credit_card,504,expired_card,1,15,1,504,2026-07-29T04:02:11.288805,DE,api_integration,False,0.0,0,failed
TXN_004324,CUST_1213,MERCH_09,80.11,USD,wallet,236,expired_card,2,13,3,236,2026-08-09T10:47:44.159163,US,mobile_app,False,0.0,1,failed
TXN_004325,CUST_0794,MERCH_05,22.89,EUR,ach,476,authentication_failed,1,9,4,813,2026-08-04T11:51:31.719807,DE,mobile_app,False,0.0,0,recovered
TXN_004326,CUST_0244,MERCH_05,499.0,GBP,net_banking,407,expired_card,1,20,2,506,2026-07-27T23:15:43.413813,AU,api_integration,True,499.0,0,abandoned
TXN_004327,CUST_1428,MERCH_05,337.81,INR,wallet,104,expired_card,1,7,2,104,2026-08-13T20:13:33.875332,IN,mobile_app,False,0.0,0,failed
TXN_004328,CUST_0718,MERCH_10,87.22,USD,wallet,158,insufficient_funds,1,10,5,545,2026-08-18T09:40:45.222172,GB,web_browser,False,0.0,0,abandoned
TXN_004329,CUST_0921,MERCH_01,130.75,INR,debit_card,444,expired_card,1,11,5,782,2026-07-28T08:31:47.461508,GB,web_browser,False,0.0,0,failed
TXN_004330,CUST_0299,MERCH_05,104.76,INR,wallet,750,authentication_failed,2,12,4,750,2026-08-20T07:42:04.405866,US,web_browser,False,0.0,1,failed
TXN_004331,CUST_1416,MERCH_10,49.99,USD,ach,668,invalid_payment_method,1,10,5,668,2026-07-27T18:49:59.764929,US,api_integration,True,49.99,0,failed
TXN_004332,CUST_0900,MERCH_09,94.04,USD,net_banking,448,insufficient_funds,2,8,3,537,2026-08-18T19:56:15.340864,US,api_integration,False,0.0,1,abandoned
TXN_004333,CUST_0277,MERCH_02,149.01,USD,wallet,147,insufficient_funds,1,3,5,562,2026-07-27T13:17:46.512048,AU,web_browser,False,0.0,0,recovered
TXN_004334,CUST_0216,MERCH_02,43.87,USD,wallet,839,authentication_failed,1,14,2,976,2026-08-22T11:52:58.075371,DE,api_integration,False,0.0,0,recovered
TXN_004335,CUST_0712,MERCH_10,155.31,INR,net_banking,493,bank_declined,1,3,0,938,2026-08-15T11:14:22.562934,GB,mobile_app,False,0.0,0,failed
TXN_004336,CUST_0707,MERCH_06,19.99,INR,ach,337,network_error,2,16,5,337,2026-08-07T20:14:10.334192,CA,mobile_app,True,19.99,1,recovered
TXN_004337,CUST_1246,MERCH_02,199.0,USD,credit_card,230,insufficient_funds,3,14,5,283,2026-07-26T09:18:53.151808,GB,api_integration,True,199.0,2,failed
TXN_004338,CUST_1292,MERCH_03,82.13,GBP,debit_card,556,network_error,1,3,1,556,2026-08-07T17:28:37.381722,CA,mobile_app,False,0.0,0,recovered
TXN_004339,CUST_0305,MERCH_06,99.0,INR,ach,448,insufficient_funds,2,17,3,448,2026-08-04T12:50:49.158552,DE,web_browser,True,99.0,1,failed
TXN_004340,CUST_1019,MERCH_10,19.99,EUR,wallet,154,insufficient_funds,2,1,3,278,2026-08-18T03:31:09.101128,DE,web_browser,True,19.99,1,failed
TXN_004341,CUST_1191,MERCH_09,81.23,EUR,credit_card,736,authentication_failed,1,2,4,736,2026-07-27T06:47:30.052261,IN,mobile_app,False,0.0,0,abandoned
TXN_004342,CUST_0404,MERCH_04,131.42,INR,debit_card,210,insufficient_funds,1,19,5,210,2026-08-20T10:13:52.274794,GB,mobile_app,False,0.0,0,recovered
TXN_004343,CUST_0901,MERCH_05,502.46,EUR,net_banking,252,insufficient_funds,4,2,0,252,2026-08-23T01:53:49.750589,US,web_browser,False,0.0,3,abandoned
TXN_004344,CUST_0431,MERCH_10,54.31,EUR,net_banking,505,bank_declined,1,9,4,505,2026-08-07T18:04:19.202109,US,web_browser,False,0.0,0,recovered
TXN_004345,CUST_0868,MERCH_10,54.18,EUR,wallet,361,insufficient_funds,2,16,5,361,2026-07-31T15:09:27.229467,CA,web_browser,False,0.0,1,failed
TXN_004346,CUST_1000,MERCH_09,65.73,INR,ach,462,bank_declined,1,9,4,462,2026-08-18T12:52:41.470528,CA,mobile_app,False,0.0,0,failed
TXN_004347,CUST_1353,MERCH_10,40.08,USD,ach,555,expired_card,3,0,1,804,2026-08-12T21:38:07.859421,GB,api_integration,False,0.0,2,recovered
TXN_004348,CUST_0997,MERCH_05,499.0,GBP,credit_card,205,unknown,1,6,3,548,2026-08-04T13:54:01.577852,CA,mobile_app,True,499.0,0,failed
TXN_004349,CUST_1226,MERCH_07,120.88,GBP,upi,413,authentication_failed,2,14,2,979,2026-08-23T15:11:31.452461,GB,web_browser,False,0.0,1,recovered
TXN_004350,CUST_0873,MERCH_06,79.1,INR,ach,200,bank_declined,2,6,3,200,2026-08-21T09:53:08.906128,IN,mobile_app,False,0.0,1,recovered
TXN_004351,CUST_0531,MERCH_01,521.62,INR,credit_card,504,insufficient_funds,2,1,1,504,2026-08-08T08:16:30.441193,GB,api_integration,False,0.0,1,abandoned
TXN_004352,CUST_1200,MERCH_08,422.44,GBP,ach,48,bank_declined,2,15,5,48,2026-08-18T18:52:29.948198,DE,api_integration,False,0.0,1,failed
TXN_004353,CUST_0545,MERCH_08,100.56,INR,wallet,83,bank_declined,1,19,0,83,2026-08-04T09:52:59.522248,IN,mobile_app,False,0.0,0,failed
TXN_004354,CUST_0239,MERCH_04,49.99,EUR,credit_card,486,insufficient_funds,3,9,2,905,2026-08-04T22:52:24.607264,AU,web_browser,True,49.99,2,recovered
TXN_004355,CUST_0707,MERCH_10,17.23,GBP,ach,160,invalid_payment_method,1,7,4,160,2026-08-12T11:15:46.688298,GB,api_integration,False,0.0,0,recovered
TXN_004356,CUST_0590,MERCH_09,499.0,INR,wallet,245,expired_card,1,7,0,245,2026-08-04T06:13:24.712216,IN,mobile_app,True,499.0,0,failed
TXN_004357,CUST_0988,MERCH_08,223.43,USD,wallet,307,unknown,3,12,0,307,2026-08-04T14:50:19.413641,GB,web_browser,False,0.0,2,failed
TXN_004358,CUST_0961,MERCH_02,195.96,EUR,ach,77,authentication_failed,1,16,0,661,2026-08-06T12:40:45.141137,IN,api_integration,False,0.0,0,recovered
TXN_004359,CUST_0477,MERCH_03,9.99,INR,ach,517,bank_declined,2,15,5,517,2026-08-03T09:36:13.505485,AU,mobile_app,True,9.99,1,recovered
TXN_004360,CUST_0185,MERCH_02,199.0,INR,ach,77,authentication_failed,1,16,5,77,2026-08-20T09:00:16.675278,AU,web_browser,True,199.0,0,failed
TXN_004361,CUST_0714,MERCH_08,45.58,EUR,upi,127,insufficient_funds,1,19,2,274,2026-08-18T17:01:37.612573,IN,web_browser,False,0.0,0,abandoned
TXN_004362,CUST_0608,MERCH_08,27.39,GBP,credit_card,508,authentication_failed,1,9,0,827,2026-08-10T13:08:42.068505,IN,mobile_app,False,0.0,0,failed
TXN_004363,CUST_1295,MERCH_03,171.46,USD,upi,68,insufficient_funds,1,1,4,68,2026-07-29T19:58:45.347736,AU,mobile_app,False,0.0,0,failed
TXN_004364,CUST_1313,MERCH_08,187.61,EUR,debit_card,93,insufficient_funds,1,7,2,922,2026-08-20T05:41:05.265569,GB,mobile_app,False,0.0,0,recovered
TXN_004365,CUST_0759,MERCH_10,79.16,GBP,net_banking,434,insufficient_funds,1,12,1,434,2026-08-22T19:48:24.200848,CA,api_integration,False,0.0,0,failed
TXN_004366,CUST_1205,MERCH_10,18.72,USD,upi,449,expired_card,2,13,5,547,2026-08-12T07:15:46.612536,IN,api_integration,False,0.0,1,failed
TXN_004367,CUST_1108,MERCH_06,123.47,INR,upi,913,insufficient_funds,1,2,5,990,2026-08-23T22:34:18.021876,DE,api_integration,False,0.0,0,failed
TXN_004368,CUST_0466,MERCH_04,49.99,EUR,debit_card,424,insufficient_funds,1,3,3,424,2026-07-28T22:23:30.977999,DE,api_integration,True,49.99,0,recovered
TXN_004369,CUST_0153,MERCH_01,145.81,EUR,ach,281,expired_card,1,0,2,281,2026-08-23T12:28:42.544906,AU,api_integration,False,0.0,0,failed
TXN_004370,CUST_0784,MERCH_02,211.84,GBP,wallet,51,insufficient_funds,2,8,1,827,2026-07-30T14:59:36.640135,DE,web_browser,False,0.0,1,failed
TXN_004371,CUST_0778,MERCH_03,43.11,USD,debit_card,119,insufficient_funds,1,16,2,303,2026-08-15T03:58:17.129167,AU,mobile_app,False,0.0,0,recovered
TXN_004372,CUST_0222,MERCH_04,211.87,USD,net_banking,220,insufficient_funds,1,4,1,846,2026-08-14T21:27:51.561495,IN,web_browser,False,0.0,0,failed
TXN_004373,CUST_0735,MERCH_02,255.19,INR,wallet,521,network_error,3,15,0,916,2026-08-08T21:21:53.162840,CA,mobile_app,False,0.0,2,recovered
TXN_004374,CUST_0640,MERCH_02,20.79,INR,upi,731,insufficient_funds,1,8,1,829,2026-08-03T08:38:08.285871,GB,api_integration,False,0.0,0,abandoned
TXN_004375,CUST_0745,MERCH_08,55.6,USD,debit_card,201,expired_card,4,9,5,239,2026-08-16T15:30:52.372248,US,api_integration,False,0.0,3,failed
TXN_004376,CUST_1462,MERCH_06,230.38,INR,wallet,359,authentication_failed,1,11,5,526,2026-07-29T14:58:39.800028,IN,web_browser,False,0.0,0,failed
TXN_004377,CUST_1196,MERCH_01,212.43,INR,net_banking,65,network_error,1,8,4,65,2026-08-17T06:27:27.191693,IN,mobile_app,False,0.0,0,recovered
TXN_004378,CUST_0537,MERCH_02,499.0,GBP,wallet,544,unknown,1,19,1,714,2026-08-14T05:28:32.650671,GB,api_integration,True,499.0,0,recovered
TXN_004379,CUST_0221,MERCH_03,9.99,INR,net_banking,195,authentication_failed,2,0,2,195,2026-07-27T04:58:17.481085,DE,web_browser,True,9.99,1,recovered
TXN_004380,CUST_0233,MERCH_04,499.0,USD,upi,78,bank_declined,1,12,2,78,2026-07-27T16:06:18.758873,CA,mobile_app,True,499.0,0,failed
TXN_004381,CUST_1389,MERCH_03,9.99,USD,net_banking,465,bank_declined,3,1,5,465,2026-08-16T13:50:50.656448,CA,mobile_app,True,9.99,2,abandoned
TXN_004382,CUST_1435,MERCH_07,14.27,INR,upi,751,bank_declined,1,17,5,824,2026-07-27T23:12:35.449264,DE,api_integration,False,0.0,0,failed
TXN_004383,CUST_1256,MERCH_07,19.99,EUR,debit_card,667,insufficient_funds,1,11,1,667,2026-08-10T21:19:38.942025,US,web_browser,True,19.99,0,recovered
TXN_004384,CUST_0770,MERCH_03,75.65,EUR,wallet,24,network_error,3,5,2,24,2026-08-23T19:48:08.175734,IN,web_browser,False,0.0,2,recovered
TXN_004385,CUST_0784,MERCH_09,99.0,USD,ach,47,insufficient_funds,1,1,5,47,2026-08-02T10:11:57.179485,DE,api_integration,True,99.0,0,failed
TXN_004386,CUST_1105,MERCH_06,105.49,USD,ach,235,bank_declined,1,8,1,938,2026-07-27T16:50:20.316932,IN,web_browser,False,0.0,0,recovered
TXN_004387,CUST_0736,MERCH_03,199.0,EUR,upi,523,insufficient_funds,1,4,4,727,2026-08-17T20:05:39.303834,CA,web_browser,True,199.0,0,failed
TXN_004388,CUST_1431,MERCH_10,49.99,INR,credit_card,806,authentication_failed,2,13,4,806,2026-08-06T06:50:14.654369,GB,web_browser,True,49.99,1,recovered
TXN_004389,CUST_0264,MERCH_06,162.47,INR,upi,734,insufficient_funds,1,8,2,889,2026-08-24T11:29:41.069048,DE,web_browser,False,0.0,0,recovered
TXN_004390,CUST_1237,MERCH_02,356.81,GBP,debit_card,399,authentication_failed,1,16,1,708,2026-08-18T04:45:38.213253,US,web_browser,False,0.0,0,failed
TXN_004391,CUST_1391,MERCH_01,99.0,USD,credit_card,109,insufficient_funds,2,0,0,559,2026-08-18T03:36:53.891340,US,api_integration,True,99.0,1,recovered
TXN_004392,CUST_0713,MERCH_01,68.32,EUR,wallet,448,unknown,1,14,4,812,2026-07-28T15:03:33.859142,GB,api_integration,False,0.0,0,recovered
TXN_004393,CUST_0689,MERCH_04,29.99,INR,debit_card,491,insufficient_funds,4,8,5,926,2026-08-24T04:20:05.641371,DE,mobile_app,True,29.99,3,abandoned
TXN_004394,CUST_1181,MERCH_09,20.38,USD,net_banking,88,expired_card,1,7,3,669,2026-08-09T08:27:15.360510,IN,mobile_app,False,0.0,0,failed
TXN_004395,CUST_1092,MERCH_02,76.91,GBP,debit_card,313,insufficient_funds,1,9,1,547,2026-08-12T09:22:38.345017,US,mobile_app,False,0.0,0,failed
TXN_004396,CUST_0441,MERCH_04,42.83,GBP,ach,63,insufficient_funds,1,4,3,63,2026-07-29T08:56:36.717675,GB,mobile_app,False,0.0,0,failed
TXN_004397,CUST_0427,MERCH_07,67.98,INR,credit_card,376,insufficient_funds,3,5,2,376,2026-08-03T04:19:58.447228,US,api_integration,False,0.0,2,failed
TXN_004398,CUST_0303,MERCH_09,161.49,INR,net_banking,699,bank_declined,2,0,2,765,2026-08-05T00:47:32.887875,IN,web_browser,False,0.0,1,failed
TXN_004399,CUST_1402,MERCH_05,12.08,USD,ach,94,authentication_failed,3,8,3,94,2026-08-01T12:05:57.338318,IN,mobile_app,False,0.0,2,abandoned
TXN_004400,CUST_0706,MERCH_01,29.34,INR,net_banking,98,insufficient_funds,1,9,3,98,2026-08-19T03:19:58.478782,US,mobile_app,False,0.0,0,failed
TXN_004401,CUST_0758,MERCH_06,215.93,EUR,net_banking,298,bank_declined,1,12,1,298,2026-08-21T09:00:25.347846,CA,api_integration,False,0.0,0,abandoned
TXN_004402,CUST_0326,MERCH_09,199.0,INR,wallet,139,expired_card,2,8,4,139,2026-07-26T04:31:47.862173,CA,web_browser,True,199.0,1,recovered
TXN_004403,CUST_0838,MERCH_03,155.87,GBP,upi,109,bank_declined,1,20,2,109,2026-07-28T04:56:08.725353,GB,api_integration,False,0.0,0,recovered
TXN_004404,CUST_1026,MERCH_05,84.52,INR,debit_card,619,network_error,1,18,5,772,2026-08-10T04:17:38.941526,CA,api_integration,False,0.0,0,failed
TXN_004405,CUST_0572,MERCH_07,286.45,USD,ach,115,insufficient_funds,1,7,3,115,2026-08-23T05:18:36.734365,US,api_integration,False,0.0,0,failed
TXN_004406,CUST_0773,MERCH_09,499.0,INR,net_banking,911,insufficient_funds,1,5,4,946,2026-08-22T19:48:18.579859,GB,api_integration,True,499.0,0,failed
TXN_004407,CUST_0754,MERCH_08,102.24,GBP,credit_card,403,bank_declined,1,19,1,406,2026-08-20T12:01:15.653591,DE,mobile_app,False,0.0,0,failed
TXN_004408,CUST_0710,MERCH_01,499.0,INR,upi,4,authentication_failed,1,14,2,800,2026-08-04T05:35:53.191835,DE,api_integration,True,499.0,0,recovered
TXN_004409,CUST_0901,MERCH_05,250.31,INR,credit_card,225,authentication_failed,2,6,2,225,2026-07-29T18:43:40.191420,AU,web_browser,False,0.0,1,recovered
TXN_004410,CUST_0696,MERCH_03,248.49,GBP,credit_card,84,insufficient_funds,4,13,3,866,2026-07-27T22:07:38.887356,US,mobile_app,False,0.0,3,failed
TXN_004411,CUST_0982,MERCH_02,19.52,GBP,upi,146,expired_card,1,7,1,812,2026-08-11T02:04:17.258511,DE,web_browser,False,0.0,0,recovered
TXN_004412,CUST_0237,MERCH_05,104.99,GBP,wallet,231,bank_declined,3,0,2,350,2026-08-11T12:59:32.784570,CA,api_integration,False,0.0,2,abandoned
TXN_004413,CUST_0307,MERCH_07,49.99,USD,credit_card,420,expired_card,2,8,1,590,2026-08-12T18:52:39.960077,CA,api_integration,True,49.99,1,failed
TXN_004414,CUST_1186,MERCH_03,199.0,EUR,net_banking,79,insufficient_funds,1,17,4,897,2026-08-18T16:14:00.786867,IN,api_integration,True,199.0,0,failed
TXN_004415,CUST_0479,MERCH_02,99.0,GBP,net_banking,394,invalid_payment_method,1,17,0,760,2026-07-29T23:49:53.299449,IN,web_browser,True,99.0,0,recovered
TXN_004416,CUST_1476,MERCH_02,29.99,EUR,credit_card,218,network_error,1,20,4,474,2026-08-12T10:57:00.112100,US,api_integration,True,29.99,0,recovered
TXN_004417,CUST_0702,MERCH_08,174.24,USD,net_banking,240,expired_card,3,18,1,600,2026-07-25T23:35:58.263721,CA,mobile_app,False,0.0,2,failed
TXN_004418,CUST_1348,MERCH_01,93.29,GBP,ach,404,limit_exceeded,4,4,4,404,2026-08-17T20:14:27.455344,AU,web_browser,False,0.0,3,abandoned
TXN_004419,CUST_1027,MERCH_07,99.0,GBP,upi,132,expired_card,1,7,2,132,2026-08-01T02:28:40.533820,GB,mobile_app,True,99.0,0,failed
TXN_004420,CUST_0625,MERCH_01,127.77,EUR,debit_card,237,insufficient_funds,1,6,4,237,2026-08-22T19:44:20.836798,DE,api_integration,False,0.0,0,failed
TXN_004421,CUST_0368,MERCH_01,99.99,GBP,credit_card,657,insufficient_funds,3,15,3,873,2026-08-03T00:36:25.913587,DE,mobile_app,False,0.0,2,recovered
TXN_004422,CUST_0865,MERCH_07,15.66,INR,debit_card,566,expired_card,1,1,1,566,2026-08-07T23:38:06.001951,IN,api_integration,False,0.0,0,recovered
TXN_004423,CUST_0716,MERCH_05,90.14,GBP,debit_card,95,unknown,2,13,2,95,2026-08-11T19:50:52.507124,CA,web_browser,False,0.0,1,failed
TXN_004424,CUST_1119,MERCH_01,361.16,EUR,credit_card,202,authentication_failed,1,16,1,202,2026-07-26T17:54:14.737190,DE,api_integration,False,0.0,0,failed
TXN_004425,CUST_0342,MERCH_03,336.23,INR,net_banking,572,insufficient_funds,1,12,2,590,2026-07-29T08:43:30.790683,IN,web_browser,False,0.0,0,failed
TXN_004426,CUST_1263,MERCH_09,457.98,INR,net_banking,740,bank_declined,3,14,0,740,2026-08-20T04:22:27.654334,GB,web_browser,False,0.0,2,failed
TXN_004427,CUST_0770,MERCH_03,455.73,GBP,net_banking,483,expired_card,1,19,2,924,2026-07-27T16:57:04.315995,DE,mobile_app,False,0.0,0,recovered
TXN_004428,CUST_1103,MERCH_04,23.24,USD,credit_card,459,invalid_payment_method,1,0,0,940,2026-08-13T07:41:54.356375,IN,mobile_app,False,0.0,0,failed
TXN_004429,CUST_0128,MERCH_01,382.98,EUR,debit_card,134,bank_declined,1,13,2,792,2026-08-17T08:47:07.441265,IN,mobile_app,False,0.0,0,failed
TXN_004430,CUST_1333,MERCH_05,19.99,USD,debit_card,412,unknown,1,10,5,721,2026-08-20T09:02:25.583389,GB,web_browser,True,19.99,0,recovered
TXN_004431,CUST_1424,MERCH_01,48.67,EUR,credit_card,413,insufficient_funds,1,6,4,806,2026-08-14T22:23:51.773865,CA,web_browser,False,0.0,0,failed
TXN_004432,CUST_0754,MERCH_07,147.57,GBP,debit_card,332,insufficient_funds,1,9,4,963,2026-07-29T13:33:03.609604,DE,api_integration,False,0.0,0,failed
TXN_004433,CUST_1087,MERCH_06,545.31,USD,upi,102,insufficient_funds,1,6,5,921,2026-08-24T12:16:44.364807,IN,mobile_app,False,0.0,0,failed
TXN_004434,CUST_1144,MERCH_09,429.93,USD,wallet,41,authentication_failed,2,9,3,41,2026-08-24T04:07:50.102454,DE,mobile_app,False,0.0,1,recovered
TXN_004435,CUST_0556,MERCH_08,9.99,GBP,wallet,99,insufficient_funds,2,18,0,507,2026-08-12T03:32:22.920026,DE,mobile_app,True,9.99,1,failed
TXN_004436,CUST_0888,MERCH_09,99.39,GBP,wallet,103,insufficient_funds,1,0,1,614,2026-07-31T22:26:35.749447,US,web_browser,False,0.0,0,recovered
TXN_004437,CUST_0491,MERCH_09,108.84,INR,wallet,639,insufficient_funds,1,16,5,853,2026-08-17T06:17:18.908945,CA,api_integration,False,0.0,0,recovered
TXN_004438,CUST_0210,MERCH_04,209.36,USD,upi,238,expired_card,1,15,1,238,2026-08-17T05:30:36.890794,AU,mobile_app,False,0.0,0,recovered
TXN_004439,CUST_0437,MERCH_07,178.66,INR,debit_card,127,invalid_payment_method,2,9,5,309,2026-08-01T20:18:20.483209,US,mobile_app,False,0.0,1,recovered
TXN_004440,CUST_1498,MERCH_09,72.95,INR,credit_card,266,expired_card,1,6,1,266,2026-08-17T22:36:50.074607,US,web_browser,False,0.0,0,failed
TXN_004441,CUST_0996,MERCH_05,99.87,EUR,net_banking,174,network_error,1,15,1,174,2026-08-17T07:17:32.028526,US,web_browser,False,0.0,0,recovered
TXN_004442,CUST_0488,MERCH_02,29.99,GBP,credit_card,470,insufficient_funds,1,3,5,596,2026-07-26T09:07:13.378681,CA,web_browser,True,29.99,0,failed
TXN_004443,CUST_0199,MERCH_04,156.86,GBP,debit_card,341,insufficient_funds,3,1,0,788,2026-08-16T16:28:23.909184,CA,mobile_app,False,0.0,2,failed
TXN_004444,CUST_0655,MERCH_01,129.85,USD,ach,120,limit_exceeded,4,10,2,120,2026-08-13T07:07:56.514063,US,web_browser,False,0.0,3,failed
TXN_004445,CUST_0212,MERCH_09,215.17,INR,net_banking,46,insufficient_funds,1,19,4,207,2026-08-01T20:57:33.406780,US,web_browser,False,0.0,0,failed
TXN_004446,CUST_1467,MERCH_06,11.36,GBP,debit_card,17,authentication_failed,1,16,3,996,2026-08-18T23:56:03.204523,DE,web_browser,False,0.0,0,recovered
TXN_004447,CUST_0484,MERCH_05,24.77,EUR,wallet,453,authentication_failed,2,3,4,453,2026-08-02T20:52:32.591436,CA,web_browser,False,0.0,1,failed
TXN_004448,CUST_1378,MERCH_04,49.99,EUR,wallet,159,limit_exceeded,1,1,5,968,2026-07-26T17:28:34.748356,CA,web_browser,True,49.99,0,failed
TXN_004449,CUST_0840,MERCH_07,20.07,INR,credit_card,621,authentication_failed,3,1,3,621,2026-08-01T06:51:08.479882,US,mobile_app,False,0.0,2,abandoned
TXN_004450,CUST_1322,MERCH_06,9.99,GBP,credit_card,392,expired_card,1,3,2,392,2026-08-04T06:26:36.368733,IN,web_browser,True,9.99,0,recovered
TXN_004451,CUST_0248,MERCH_02,99.0,EUR,ach,533,insufficient_funds,1,17,5,863,2026-07-30T06:46:09.264634,IN,web_browser,True,99.0,0,failed
TXN_004452,CUST_1023,MERCH_10,62.75,EUR,wallet,45,network_error,1,9,2,45,2026-08-08T14:13:00.006669,DE,api_integration,False,0.0,0,failed
TXN_004453,CUST_0189,MERCH_07,12.74,EUR,upi,528,insufficient_funds,1,17,3,528,2026-08-07T11:23:38.295749,US,web_browser,False,0.0,0,recovered
TXN_004454,CUST_0179,MERCH_03,135.05,USD,wallet,375,invalid_payment_method,1,18,5,375,2026-08-05T12:02:47.776674,DE,api_integration,False,0.0,0,failed
TXN_004455,CUST_1364,MERCH_01,9.99,USD,upi,199,network_error,1,15,3,511,2026-08-09T17:24:27.968997,IN,mobile_app,True,9.99,0,abandoned
TXN_004456,CUST_0433,MERCH_10,19.99,EUR,debit_card,63,insufficient_funds,1,12,3,460,2026-08-07T11:11:39.879742,DE,web_browser,True,19.99,0,failed
TXN_004457,CUST_0307,MERCH_03,94.37,EUR,ach,226,authentication_failed,3,7,1,383,2026-08-14T02:08:06.303258,AU,mobile_app,False,0.0,2,failed
TXN_004458,CUST_0722,MERCH_02,33.46,EUR,upi,132,insufficient_funds,2,4,0,132,2026-07-30T14:40:24.096943,AU,web_browser,False,0.0,1,failed
TXN_004459,CUST_0734,MERCH_09,7.33,USD,credit_card,19,bank_declined,2,13,5,75,2026-07-30T20:33:19.251485,CA,mobile_app,False,0.0,1,failed
TXN_004460,CUST_0605,MERCH_08,175.14,EUR,ach,16,network_error,1,15,1,16,2026-07-27T14:43:32.069552,CA,mobile_app,False,0.0,0,recovered
TXN_004461,CUST_1015,MERCH_04,33.3,USD,credit_card,183,insufficient_funds,2,7,5,183,2026-08-16T07:11:48.160947,IN,mobile_app,False,0.0,1,failed
TXN_004462,CUST_1011,MERCH_09,469.14,EUR,upi,672,invalid_payment_method,2,20,1,922,2026-08-22T17:33:56.704725,US,mobile_app,False,0.0,1,failed
TXN_004463,CUST_0420,MERCH_10,29.99,GBP,upi,446,insufficient_funds,3,5,4,446,2026-08-11T15:43:16.783877,CA,api_integration,True,29.99,2,failed
TXN_004464,CUST_1127,MERCH_04,46.58,EUR,debit_card,290,bank_declined,1,4,0,583,2026-08-09T14:12:36.815273,US,api_integration,False,0.0,0,failed
TXN_004465,CUST_1285,MERCH_10,199.0,USD,ach,312,authentication_failed,1,1,0,775,2026-08-10T17:24:51.550672,AU,mobile_app,True,199.0,0,abandoned
TXN_004466,CUST_1075,MERCH_04,25.79,EUR,debit_card,237,network_error,1,14,4,800,2026-08-01T07:55:02.970702,GB,mobile_app,False,0.0,0,abandoned
TXN_004467,CUST_1140,MERCH_09,33.99,EUR,ach,204,insufficient_funds,1,8,5,204,2026-07-30T06:25:40.900431,AU,web_browser,False,0.0,0,failed
TXN_004468,CUST_1488,MERCH_08,19.99,USD,debit_card,886,insufficient_funds,1,5,2,886,2026-08-06T16:20:45.610028,IN,mobile_app,True,19.99,0,recovered
TXN_004469,CUST_0726,MERCH_01,16.2,INR,net_banking,296,expired_card,1,19,5,296,2026-07-31T10:10:02.537132,GB,web_browser,False,0.0,0,failed
TXN_004470,CUST_0155,MERCH_06,186.76,USD,debit_card,86,authentication_failed,3,16,1,392,2026-08-02T17:06:48.557206,GB,mobile_app,False,0.0,2,recovered
TXN_004471,CUST_1387,MERCH_09,214.14,GBP,upi,49,insufficient_funds,1,10,4,954,2026-08-19T17:39:55.825074,CA,web_browser,False,0.0,0,recovered
TXN_004472,CUST_0197,MERCH_05,57.87,GBP,credit_card,150,insufficient_funds,2,8,0,296,2026-08-13T13:22:50.021429,CA,mobile_app,False,0.0,1,failed
TXN_004473,CUST_0625,MERCH_07,47.41,USD,upi,165,limit_exceeded,1,0,3,165,2026-08-13T04:54:57.735132,AU,mobile_app,False,0.0,0,failed
TXN_004474,CUST_0246,MERCH_04,187.17,INR,net_banking,291,bank_declined,1,6,3,291,2026-08-06T17:12:04.337828,CA,api_integration,False,0.0,0,recovered
TXN_004475,CUST_1086,MERCH_03,226.66,GBP,ach,495,insufficient_funds,1,8,1,495,2026-08-19T12:40:16.780682,CA,mobile_app,False,0.0,0,recovered
TXN_004476,CUST_0373,MERCH_09,49.99,GBP,wallet,732,unknown,1,5,2,855,2026-08-08T04:52:39.580868,DE,api_integration,True,49.99,0,recovered
TXN_004477,CUST_0686,MERCH_09,99.0,USD,ach,565,insufficient_funds,1,1,3,724,2026-08-14T09:41:45.512701,US,web_browser,True,99.0,0,recovered
TXN_004478,CUST_0175,MERCH_09,100.86,USD,credit_card,534,unknown,3,4,2,811,2026-08-16T19:54:30.319415,CA,mobile_app,False,0.0,2,failed
TXN_004479,CUST_0665,MERCH_08,49.99,GBP,upi,199,insufficient_funds,3,12,4,199,2026-08-01T08:01:37.416658,US,mobile_app,True,49.99,2,recovered
TXN_004480,CUST_0152,MERCH_06,22.62,GBP,credit_card,496,network_error,1,16,0,747,2026-08-15T19:57:52.212543,US,web_browser,False,0.0,0,recovered
TXN_004481,CUST_1290,MERCH_07,9.99,EUR,debit_card,198,limit_exceeded,1,4,5,246,2026-08-23T21:40:16.643043,AU,api_integration,True,9.99,0,failed
TXN_004482,CUST_0247,MERCH_04,121.5,USD,debit_card,141,insufficient_funds,1,12,5,141,2026-08-18T00:53:43.540825,DE,mobile_app,False,0.0,0,failed
TXN_004483,CUST_0737,MERCH_06,246.25,USD,upi,363,network_error,2,7,5,565,2026-08-20T16:10:59.934978,US,mobile_app,False,0.0,1,abandoned
TXN_004484,CUST_0668,MERCH_06,199.0,USD,wallet,409,network_error,1,0,5,409,2026-08-13T14:40:54.682129,GB,api_integration,True,199.0,0,failed
TXN_004485,CUST_0420,MERCH_05,99.0,EUR,net_banking,88,authentication_failed,4,20,4,88,2026-08-19T22:05:37.517946,US,mobile_app,True,99.0,3,failed
TXN_004486,CUST_0326,MERCH_02,122.43,USD,upi,552,expired_card,1,1,1,838,2026-08-19T08:30:32.617682,DE,api_integration,False,0.0,0,abandoned
TXN_004487,CUST_1341,MERCH_07,334.18,EUR,upi,97,network_error,2,18,5,874,2026-08-21T12:01:19.677891,AU,api_integration,False,0.0,1,failed
TXN_004488,CUST_0485,MERCH_07,199.0,EUR,upi,226,network_error,1,10,1,572,2026-08-01T23:02:44.512616,DE,mobile_app,True,199.0,0,failed
TXN_004489,CUST_0679,MERCH_08,54.69,EUR,upi,146,insufficient_funds,3,9,5,146,2026-08-02T09:36:12.610146,CA,web_browser,False,0.0,2,failed
TXN_004490,CUST_0232,MERCH_02,411.51,USD,upi,419,expired_card,3,20,0,916,2026-08-13T07:50:57.846000,CA,api_integration,False,0.0,2,failed
TXN_004491,CUST_1110,MERCH_07,9.18,USD,upi,558,network_error,1,2,3,955,2026-08-13T09:18:35.196142,AU,api_integration,False,0.0,0,abandoned
TXN_004492,CUST_1064,MERCH_04,49.99,INR,net_banking,30,insufficient_funds,1,17,5,30,2026-08-03T10:28:00.725843,IN,mobile_app,True,49.99,0,failed
TXN_004493,CUST_0329,MERCH_10,88.62,GBP,upi,405,network_error,1,18,2,405,2026-08-20T05:42:24.315159,GB,api_integration,False,0.0,0,recovered
TXN_004494,CUST_0901,MERCH_06,135.85,INR,ach,201,bank_declined,1,17,2,201,2026-07-31T00:16:08.787953,DE,mobile_app,False,0.0,0,failed
TXN_004495,CUST_1467,MERCH_07,52.95,GBP,debit_card,590,network_error,1,11,3,913,2026-08-02T17:17:23.980681,DE,mobile_app,False,0.0,0,failed
TXN_004496,CUST_0801,MERCH_07,95.22,USD,debit_card,135,invalid_payment_method,1,15,5,135,2026-08-22T07:07:07.534746,AU,mobile_app,False,0.0,0,abandoned
TXN_004497,CUST_0430,MERCH_08,41.43,GBP,net_banking,647,limit_exceeded,1,12,5,647,2026-08-09T20:00:24.806505,DE,web_browser,False,0.0,0,recovered
TXN_004498,CUST_1492,MERCH_07,136.32,INR,upi,547,expired_card,2,15,0,547,2026-08-10T08:14:51.153092,US,api_integration,False,0.0,1,recovered
TXN_004499,CUST_0985,MERCH_02,133.09,INR,upi,353,authentication_failed,1,14,5,859,2026-08-15T07:57:19.616858,GB,mobile_app,False,0.0,0,recovered
TXN_004500,CUST_0944,MERCH_01,9.99,GBP,net_banking,807,insufficient_funds,3,3,3,833,2026-08-12T08:30:23.098689,IN,web_browser,True,9.99,2,failed
TXN_004501,CUST_1132,MERCH_04,19.99,GBP,wallet,213,network_error,4,5,3,945,2026-08-22T20:36:13.365613,IN,web_browser,True,19.99,3,failed
TXN_004502,CUST_0496,MERCH_07,109.01,GBP,net_banking,46,insufficient_funds,1,4,0,46,2026-08-11T08:26:22.972942,US,web_browser,False,0.0,0,recovered
TXN_004503,CUST_0964,MERCH_10,199.0,EUR,ach,75,insufficient_funds,1,14,0,75,2026-08-18T11:18:34.605927,GB,web_browser,True,199.0,0,abandoned
TXN_004504,CUST_0260,MERCH_07,78.32,INR,wallet,2,expired_card,1,3,2,44,2026-08-13T00:20:15.027821,GB,mobile_app,False,0.0,0,recovered
TXN_004505,CUST_0202,MERCH_01,64.58,INR,debit_card,410,expired_card,1,20,4,906,2026-08-06T06:11:26.782549,IN,api_integration,False,0.0,0,recovered
TXN_004506,CUST_0207,MERCH_01,397.29,USD,credit_card,463,insufficient_funds,1,19,3,663,2026-08-16T15:34:42.725118,DE,api_integration,False,0.0,0,failed
TXN_004507,CUST_0105,MERCH_04,440.96,GBP,credit_card,563,insufficient_funds,1,12,5,953,2026-08-22T18:46:16.092399,GB,api_integration,False,0.0,0,abandoned
TXN_004508,CUST_0978,MERCH_07,781.08,GBP,debit_card,735,authentication_failed,3,0,5,823,2026-07-31T19:59:12.750266,US,mobile_app,False,0.0,2,failed
TXN_004509,CUST_0988,MERCH_08,19.99,EUR,wallet,352,insufficient_funds,1,8,3,714,2026-08-12T21:30:55.915542,DE,api_integration,True,19.99,0,abandoned
TXN_004510,CUST_0104,MERCH_02,171.36,INR,credit_card,433,expired_card,1,3,1,433,2026-08-01T23:18:09.109248,DE,web_browser,False,0.0,0,failed
TXN_004511,CUST_0228,MERCH_01,9.99,INR,wallet,373,insufficient_funds,1,0,5,715,2026-08-13T09:14:40.377127,DE,web_browser,True,9.99,0,failed
TXN_004512,CUST_1093,MERCH_09,29.99,INR,upi,273,authentication_failed,1,2,5,273,2026-08-02T05:12:48.150739,AU,web_browser,True,29.99,0,recovered
TXN_004513,CUST_0718,MERCH_01,99.78,EUR,net_banking,319,bank_declined,1,9,1,319,2026-07-26T16:26:22.589629,CA,web_browser,False,0.0,0,failed
TXN_004514,CUST_0282,MERCH_10,35.84,GBP,net_banking,185,insufficient_funds,1,7,4,959,2026-07-28T07:21:19.357170,US,mobile_app,False,0.0,0,failed
TXN_004515,CUST_0497,MERCH_03,49.99,USD,ach,5,insufficient_funds,1,16,5,5,2026-08-04T17:56:19.409414,GB,api_integration,True,49.99,0,failed
TXN_004516,CUST_0255,MERCH_02,43.11,GBP,ach,64,authentication_failed,1,6,5,64,2026-08-09T11:55:17.854790,CA,mobile_app,False,0.0,0,failed
TXN_004517,CUST_1330,MERCH_02,431.99,INR,net_banking,90,insufficient_funds,1,4,0,90,2026-08-01T15:50:45.458941,IN,mobile_app,False,0.0,0,failed
TXN_004518,CUST_0260,MERCH_09,319.65,EUR,ach,191,expired_card,1,13,3,945,2026-08-09T11:53:30.566916,US,api_integration,False,0.0,0,failed
TXN_004519,CUST_0608,MERCH_09,25.01,INR,debit_card,825,insufficient_funds,1,18,2,825,2026-08-03T11:20:07.091997,GB,api_integration,False,0.0,0,recovered
TXN_004520,CUST_0464,MERCH_05,240.21,INR,ach,927,insufficient_funds,3,12,3,949,2026-08-07T14:31:19.736791,IN,mobile_app,False,0.0,2,recovered
TXN_004521,CUST_0207,MERCH_10,268.12,EUR,upi,68,bank_declined,1,8,4,396,2026-08-07T23:45:42.353381,AU,api_integration,False,0.0,0,recovered
TXN_004522,CUST_0343,MERCH_05,19.99,EUR,credit_card,175,network_error,1,3,5,495,2026-08-22T23:51:15.657942,DE,mobile_app,True,19.99,0,failed
TXN_004523,CUST_0213,MERCH_09,10.85,EUR,net_banking,3,expired_card,1,14,4,3,2026-08-14T14:37:35.866665,IN,mobile_app,False,0.0,0,failed
TXN_004524,CUST_0643,MERCH_03,199.0,INR,upi,229,unknown,1,14,0,765,2026-08-13T14:13:01.885079,CA,mobile_app,True,199.0,0,failed
TXN_004525,CUST_1108,MERCH_03,281.84,USD,credit_card,2,bank_declined,1,5,4,2,2026-08-07T12:45:56.288366,AU,web_browser,False,0.0,0,failed
TXN_004526,CUST_0393,MERCH_02,675.81,GBP,debit_card,442,expired_card,1,5,5,442,2026-08-13T05:26:24.594925,CA,mobile_app,False,0.0,0,failed
TXN_004527,CUST_0409,MERCH_03,56.9,INR,credit_card,100,insufficient_funds,1,5,3,166,2026-08-08T07:50:07.502177,DE,mobile_app,False,0.0,0,failed
TXN_004528,CUST_0722,MERCH_04,24.53,USD,ach,69,authentication_failed,2,17,2,864,2026-08-17T09:01:08.866796,US,api_integration,False,0.0,1,recovered
TXN_004529,CUST_1157,MERCH_10,19.99,INR,wallet,236,insufficient_funds,1,7,0,236,2026-08-09T05:30:59.275662,CA,web_browser,True,19.99,0,failed
TXN_004530,CUST_0249,MERCH_04,11.25,USD,credit_card,481,insufficient_funds,1,7,4,481,2026-08-02T13:37:30.881374,AU,web_browser,False,0.0,0,recovered
TXN_004531,CUST_1480,MERCH_08,88.5,INR,upi,36,insufficient_funds,1,14,3,755,2026-08-01T07:51:17.767621,IN,api_integration,False,0.0,0,failed
TXN_004532,CUST_1365,MERCH_02,99.0,EUR,wallet,126,insufficient_funds,3,9,0,232,2026-08-05T08:30:25.598827,AU,api_integration,True,99.0,2,failed
TXN_004533,CUST_0786,MERCH_02,71.63,EUR,upi,211,insufficient_funds,1,5,5,229,2026-08-13T14:57:54.785245,US,mobile_app,False,0.0,0,failed
TXN_004534,CUST_1176,MERCH_09,29.77,INR,credit_card,2,network_error,1,14,0,2,2026-08-08T18:02:05.570203,GB,api_integration,False,0.0,0,failed
TXN_004535,CUST_1392,MERCH_10,55.83,GBP,net_banking,460,network_error,2,0,4,764,2026-08-14T15:39:17.444136,CA,web_browser,False,0.0,1,recovered
TXN_004536,CUST_0583,MERCH_09,23.89,USD,credit_card,231,expired_card,1,13,4,231,2026-08-09T02:13:49.159691,AU,mobile_app,False,0.0,0,failed
TXN_004537,CUST_0974,MERCH_03,99.0,GBP,wallet,292,authentication_failed,1,15,2,800,2026-08-18T18:24:31.479439,AU,mobile_app,True,99.0,0,recovered
TXN_004538,CUST_0806,MERCH_02,55.84,GBP,upi,49,insufficient_funds,1,19,0,506,2026-08-14T13:52:00.234624,DE,mobile_app,False,0.0,0,abandoned
TXN_004539,CUST_0588,MERCH_01,182.98,EUR,debit_card,118,expired_card,2,19,0,118,2026-07-27T01:43:41.422877,GB,mobile_app,False,0.0,1,recovered
TXN_004540,CUST_0650,MERCH_07,24.06,INR,ach,936,insufficient_funds,2,12,5,936,2026-07-25T20:41:57.852857,DE,mobile_app,False,0.0,1,failed
TXN_004541,CUST_1183,MERCH_08,37.1,EUR,credit_card,166,authentication_failed,2,18,4,209,2026-08-14T22:20:27.772461,IN,mobile_app,False,0.0,1,abandoned
TXN_004542,CUST_0563,MERCH_02,410.43,EUR,upi,137,bank_declined,1,11,2,202,2026-08-07T19:20:14.966263,US,web_browser,False,0.0,0,failed
TXN_004543,CUST_1363,MERCH_08,114.0,GBP,credit_card,494,insufficient_funds,1,15,3,494,2026-08-17T21:55:27.244053,DE,api_integration,False,0.0,0,failed
TXN_004544,CUST_1223,MERCH_05,49.99,INR,wallet,436,network_error,1,12,5,640,2026-08-14T03:45:11.377499,IN,api_integration,True,49.99,0,failed
TXN_004545,CUST_0634,MERCH_01,29.99,USD,net_banking,307,expired_card,1,19,3,307,2026-07-30T12:25:13.710877,CA,api_integration,True,29.99,0,failed
TXN_004546,CUST_1316,MERCH_10,58.46,USD,credit_card,194,insufficient_funds,1,5,4,194,2026-08-06T00:57:31.142355,US,api_integration,False,0.0,0,failed
TXN_004547,CUST_1469,MERCH_09,33.83,USD,upi,194,bank_declined,2,18,4,745,2026-08-23T17:43:25.976289,CA,api_integration,False,0.0,1,abandoned
TXN_004548,CUST_1424,MERCH_06,330.97,GBP,credit_card,440,insufficient_funds,1,6,4,440,2026-08-22T12:37:14.754714,DE,mobile_app,False,0.0,0,recovered
TXN_004549,CUST_0599,MERCH_07,52.35,USD,wallet,341,insufficient_funds,1,13,4,341,2026-08-13T23:25:33.442238,GB,mobile_app,False,0.0,0,recovered
TXN_004550,CUST_0706,MERCH_08,46.42,GBP,debit_card,542,insufficient_funds,1,3,4,804,2026-08-16T00:21:37.943347,IN,mobile_app,False,0.0,0,failed
TXN_004551,CUST_1178,MERCH_06,83.23,INR,debit_card,418,invalid_payment_method,2,7,1,433,2026-08-24T15:58:05.372746,GB,mobile_app,False,0.0,1,recovered
TXN_004552,CUST_0289,MERCH_08,132.9,USD,ach,572,insufficient_funds,1,3,0,874,2026-08-22T17:31:56.930119,GB,mobile_app,False,0.0,0,failed
TXN_004553,CUST_0141,MERCH_03,18.47,USD,ach,90,insufficient_funds,1,20,4,90,2026-08-07T13:37:19.846367,GB,web_browser,False,0.0,0,recovered
TXN_004554,CUST_0387,MERCH_04,9.99,EUR,ach,759,authentication_failed,2,14,4,759,2026-07-27T08:10:27.583748,GB,mobile_app,True,9.99,1,failed
TXN_004555,CUST_0634,MERCH_07,63.92,INR,debit_card,413,insufficient_funds,1,10,2,413,2026-08-10T12:12:27.946758,US,mobile_app,False,0.0,0,recovered
TXN_004556,CUST_0556,MERCH_01,96.41,USD,credit_card,242,expired_card,4,12,1,242,2026-08-13T20:01:43.106046,IN,api_integration,False,0.0,3,failed
TXN_004557,CUST_1177,MERCH_02,55.98,USD,wallet,140,bank_declined,1,3,0,140,2026-08-04T21:38:01.817810,CA,api_integration,False,0.0,0,failed
TXN_004558,CUST_1444,MERCH_05,29.99,INR,ach,243,expired_card,1,13,3,667,2026-08-05T20:44:50.673915,AU,web_browser,True,29.99,0,failed
TXN_004559,CUST_0499,MERCH_08,73.68,INR,debit_card,329,insufficient_funds,1,11,1,881,2026-08-02T14:25:13.443172,AU,api_integration,False,0.0,0,failed
TXN_004560,CUST_0715,MERCH_08,78.41,USD,ach,802,insufficient_funds,3,15,2,802,2026-08-07T13:09:15.009904,IN,web_browser,False,0.0,2,failed
TXN_004561,CUST_0320,MERCH_10,29.99,EUR,credit_card,99,authentication_failed,1,11,0,305,2026-08-06T03:35:15.038904,US,web_browser,True,29.99,0,recovered
TXN_004562,CUST_1143,MERCH_10,66.23,GBP,ach,378,insufficient_funds,1,8,3,577,2026-07-30T01:21:30.138126,AU,api_integration,False,0.0,0,failed
TXN_004563,CUST_1056,MERCH_08,73.96,EUR,debit_card,252,limit_exceeded,1,2,1,252,2026-08-02T04:06:51.282827,IN,api_integration,False,0.0,0,abandoned
TXN_004564,CUST_0153,MERCH_05,199.0,USD,debit_card,169,insufficient_funds,1,0,3,441,2026-08-19T16:37:52.081256,AU,mobile_app,True,199.0,0,recovered
TXN_004565,CUST_1040,MERCH_03,9.99,USD,ach,179,authentication_failed,1,7,2,179,2026-08-15T21:35:50.161981,DE,api_integration,True,9.99,0,abandoned
TXN_004566,CUST_1439,MERCH_06,96.2,USD,ach,114,authentication_failed,2,6,2,114,2026-08-20T08:11:23.401978,AU,web_browser,False,0.0,1,abandoned
TXN_004567,CUST_0562,MERCH_06,20.73,EUR,debit_card,456,insufficient_funds,1,2,4,456,2026-07-28T12:27:25.881012,AU,api_integration,False,0.0,0,failed
TXN_004568,CUST_0844,MERCH_03,119.38,USD,upi,651,network_error,1,10,2,651,2026-08-15T08:46:40.882127,IN,web_browser,False,0.0,0,failed
TXN_004569,CUST_0210,MERCH_05,99.0,USD,net_banking,3,expired_card,1,9,1,3,2026-08-12T16:22:32.738502,GB,api_integration,True,99.0,0,failed
TXN_004570,CUST_0343,MERCH_05,205.98,EUR,ach,694,expired_card,1,1,4,888,2026-08-01T09:06:25.097683,CA,api_integration,False,0.0,0,failed
TXN_004571,CUST_1498,MERCH_01,29.99,EUR,upi,2,invalid_payment_method,3,0,4,559,2026-08-14T14:53:59.762380,GB,web_browser,True,29.99,2,failed
TXN_004572,CUST_0113,MERCH_06,166.97,GBP,net_banking,245,insufficient_funds,1,19,3,353,2026-07-28T04:50:47.321917,AU,api_integration,False,0.0,0,recovered
TXN_004573,CUST_0226,MERCH_10,70.57,EUR,upi,321,network_error,1,17,1,932,2026-08-09T00:56:05.554566,US,mobile_app,False,0.0,0,failed
TXN_004574,CUST_1037,MERCH_06,50.54,INR,ach,283,expired_card,1,1,0,934,2026-08-14T15:02:27.353572,IN,web_browser,False,0.0,0,abandoned
TXN_004575,CUST_1279,MERCH_04,122.77,USD,ach,30,insufficient_funds,1,4,0,127,2026-08-07T16:43:40.425039,AU,api_integration,False,0.0,0,failed
TXN_004576,CUST_0689,MERCH_07,49.99,INR,upi,219,expired_card,1,9,5,594,2026-07-29T19:24:39.181396,DE,mobile_app,True,49.99,0,failed
TXN_004577,CUST_0950,MERCH_07,29.99,EUR,ach,195,bank_declined,2,15,3,987,2026-08-16T23:38:11.120540,GB,mobile_app,True,29.99,1,failed
TXN_004578,CUST_0952,MERCH_03,19.99,USD,credit_card,76,insufficient_funds,1,20,1,76,2026-08-23T09:45:37.576042,AU,mobile_app,True,19.99,0,failed
TXN_004579,CUST_0544,MERCH_09,100.6,USD,wallet,35,invalid_payment_method,3,17,0,910,2026-08-01T08:10:08.234010,AU,web_browser,False,0.0,2,recovered
TXN_004580,CUST_1230,MERCH_08,199.0,USD,net_banking,522,invalid_payment_method,1,12,3,522,2026-07-31T03:07:50.337567,GB,mobile_app,True,199.0,0,abandoned
TXN_004581,CUST_1323,MERCH_09,19.99,USD,upi,185,limit_exceeded,1,2,5,185,2026-08-02T10:21:04.696796,US,web_browser,True,19.99,0,failed
TXN_004582,CUST_0724,MERCH_04,44.25,EUR,debit_card,534,expired_card,1,19,4,616,2026-08-09T08:33:37.000725,DE,web_browser,False,0.0,0,recovered
TXN_004583,CUST_0539,MERCH_08,29.99,EUR,wallet,839,bank_declined,1,0,0,839,2026-07-27T17:29:53.252506,CA,mobile_app,True,29.99,0,failed
TXN_004584,CUST_0136,MERCH_01,19.99,GBP,credit_card,12,network_error,3,1,1,12,2026-08-13T10:11:56.495284,US,web_browser,True,19.99,2,recovered
TXN_004585,CUST_0569,MERCH_09,63.58,GBP,ach,98,expired_card,1,11,0,354,2026-08-03T16:38:17.430259,CA,mobile_app,False,0.0,0,failed
TXN_004586,CUST_0716,MERCH_03,240.06,USD,credit_card,422,insufficient_funds,1,9,1,422,2026-07-30T23:57:52.932528,US,api_integration,False,0.0,0,recovered
TXN_004587,CUST_0182,MERCH_01,332.43,EUR,wallet,106,authentication_failed,1,12,2,633,2026-08-07T03:27:03.264226,DE,web_browser,False,0.0,0,failed
TXN_004588,CUST_0928,MERCH_05,29.99,USD,upi,93,insufficient_funds,1,10,5,220,2026-07-27T18:28:53.720108,IN,web_browser,True,29.99,0,recovered
TXN_004589,CUST_0458,MERCH_06,68.25,USD,wallet,203,insufficient_funds,1,6,3,203,2026-08-08T09:56:20.939498,US,mobile_app,False,0.0,0,recovered
TXN_004590,CUST_0163,MERCH_01,29.99,INR,upi,461,insufficient_funds,1,2,1,461,2026-07-26T23:17:56.518670,AU,api_integration,True,29.99,0,failed
TXN_004591,CUST_0858,MERCH_08,100.9,INR,net_banking,516,insufficient_funds,1,3,1,750,2026-08-22T00:12:20.972521,GB,api_integration,False,0.0,0,failed
TXN_004592,CUST_0404,MERCH_02,150.92,GBP,net_banking,571,insufficient_funds,1,9,3,571,2026-08-22T05:24:09.799684,US,web_browser,False,0.0,0,abandoned
TXN_004593,CUST_0243,MERCH_07,548.68,GBP,debit_card,768,bank_declined,1,16,5,768,2026-08-05T19:54:55.603158,AU,api_integration,False,0.0,0,recovered
TXN_004594,CUST_0359,MERCH_08,60.34,USD,wallet,4,insufficient_funds,1,20,2,4,2026-08-18T11:35:14.413464,DE,web_browser,False,0.0,0,recovered
TXN_004595,CUST_0195,MERCH_04,31.42,GBP,ach,369,insufficient_funds,2,5,4,560,2026-08-16T01:09:34.234519,AU,mobile_app,False,0.0,1,failed
TXN_004596,CUST_0668,MERCH_05,437.39,EUR,wallet,302,expired_card,1,6,5,302,2026-08-11T19:23:31.137204,US,mobile_app,False,0.0,0,failed
TXN_004597,CUST_0301,MERCH_02,9.99,USD,upi,170,invalid_payment_method,2,11,1,858,2026-08-06T01:32:04.960939,DE,web_browser,True,9.99,1,abandoned
TXN_004598,CUST_1207,MERCH_09,19.99,INR,debit_card,394,insufficient_funds,1,17,4,422,2026-07-26T10:42:30.266050,IN,web_browser,True,19.99,0,recovered
TXN_004599,CUST_0307,MERCH_02,199.0,GBP,credit_card,331,authentication_failed,1,5,1,331,2026-08-16T05:28:39.071218,IN,mobile_app,True,199.0,0,recovered
TXN_004600,CUST_1061,MERCH_07,166.41,INR,credit_card,220,insufficient_funds,1,2,5,220,2026-07-30T07:55:34.085003,DE,mobile_app,False,0.0,0,failed
TXN_004601,CUST_0699,MERCH_02,34.86,EUR,ach,283,insufficient_funds,2,11,3,973,2026-07-26T01:33:35.805907,US,web_browser,False,0.0,1,recovered
TXN_004602,CUST_0574,MERCH_04,9.99,EUR,ach,402,expired_card,1,8,4,467,2026-07-27T01:31:59.071825,DE,mobile_app,True,9.99,0,failed
TXN_004603,CUST_0961,MERCH_07,66.37,INR,net_banking,149,bank_declined,1,2,3,149,2026-08-22T12:23:24.492445,US,mobile_app,False,0.0,0,failed
TXN_004604,CUST_1083,MERCH_02,422.81,EUR,upi,692,limit_exceeded,1,5,1,836,2026-07-31T23:08:38.714814,IN,mobile_app,False,0.0,0,abandoned
TXN_004605,CUST_1255,MERCH_07,250.87,EUR,credit_card,847,insufficient_funds,1,9,2,900,2026-08-01T08:39:01.248783,US,api_integration,False,0.0,0,recovered
TXN_004606,CUST_0765,MERCH_04,204.6,GBP,ach,164,network_error,1,19,2,788,2026-08-10T19:52:36.629566,US,api_integration,False,0.0,0,abandoned
TXN_004607,CUST_1356,MERCH_10,499.0,USD,debit_card,555,authentication_failed,1,14,4,555,2026-08-07T12:43:02.124153,US,mobile_app,True,499.0,0,failed
TXN_004608,CUST_1238,MERCH_08,499.0,USD,net_banking,532,bank_declined,1,16,3,532,2026-08-16T23:39:06.859792,CA,mobile_app,True,499.0,0,failed
TXN_004609,CUST_0967,MERCH_06,100.83,GBP,wallet,441,bank_declined,2,16,3,441,2026-08-14T22:01:36.030894,IN,mobile_app,False,0.0,1,failed
TXN_004610,CUST_0512,MERCH_09,28.67,EUR,ach,307,authentication_failed,1,14,4,307,2026-08-14T16:45:53.281222,US,api_integration,False,0.0,0,recovered
TXN_004611,CUST_0853,MERCH_01,113.29,GBP,wallet,109,authentication_failed,1,10,0,109,2026-08-13T09:33:17.553759,CA,mobile_app,False,0.0,0,failed
TXN_004612,CUST_0656,MERCH_09,99.0,GBP,ach,259,network_error,3,3,5,259,2026-08-11T05:30:45.192184,US,api_integration,True,99.0,2,recovered
TXN_004613,CUST_0879,MERCH_10,56.46,INR,wallet,750,insufficient_funds,1,3,1,780,2026-08-13T06:20:47.242445,AU,api_integration,False,0.0,0,failed
TXN_004614,CUST_0883,MERCH_10,68.26,GBP,wallet,627,insufficient_funds,2,7,5,650,2026-08-23T10:46:53.944858,GB,web_browser,False,0.0,1,failed
TXN_004615,CUST_0234,MERCH_03,199.0,INR,credit_card,179,insufficient_funds,1,20,0,179,2026-07-27T18:57:47.351054,IN,api_integration,True,199.0,0,failed
TXN_004616,CUST_0336,MERCH_05,98.94,GBP,debit_card,3,invalid_payment_method,1,1,2,3,2026-08-19T07:03:05.776417,DE,mobile_app,False,0.0,0,recovered
TXN_004617,CUST_0408,MERCH_06,234.78,EUR,debit_card,173,bank_declined,1,6,3,437,2026-08-07T20:27:22.496864,IN,api_integration,False,0.0,0,failed
TXN_004618,CUST_1011,MERCH_03,247.87,USD,upi,407,network_error,1,1,3,407,2026-08-07T08:34:01.787799,DE,web_browser,False,0.0,0,failed
TXN_004619,CUST_0538,MERCH_01,49.99,USD,wallet,262,insufficient_funds,1,7,3,794,2026-08-04T03:28:51.545953,AU,api_integration,True,49.99,0,recovered
TXN_004620,CUST_0517,MERCH_01,81.79,GBP,net_banking,126,network_error,3,18,2,529,2026-08-23T06:21:04.195332,IN,api_integration,False,0.0,2,abandoned
TXN_004621,CUST_0711,MERCH_03,196.01,USD,credit_card,440,bank_declined,3,18,0,440,2026-08-11T06:06:38.009876,GB,web_browser,False,0.0,2,abandoned
TXN_004622,CUST_0399,MERCH_01,199.0,GBP,credit_card,173,bank_declined,4,17,4,728,2026-08-07T22:32:45.942174,DE,web_browser,True,199.0,3,abandoned
TXN_004623,CUST_1075,MERCH_01,29.99,INR,wallet,178,bank_declined,1,9,5,178,2026-07-28T02:41:16.060691,DE,mobile_app,True,29.99,0,failed
TXN_004624,CUST_0392,MERCH_02,19.99,EUR,ach,271,unknown,2,15,5,874,2026-08-19T06:45:12.062730,AU,web_browser,True,19.99,1,failed
TXN_004625,CUST_0401,MERCH_08,499.0,INR,upi,709,authentication_failed,1,6,0,709,2026-08-08T11:02:12.832456,IN,mobile_app,True,499.0,0,failed
TXN_004626,CUST_1035,MERCH_02,264.69,USD,wallet,43,network_error,3,20,1,903,2026-08-15T14:20:57.756479,IN,web_browser,False,0.0,2,recovered
TXN_004627,CUST_1404,MERCH_06,333.75,EUR,net_banking,378,authentication_failed,1,12,4,378,2026-08-16T09:49:01.986727,AU,web_browser,False,0.0,0,abandoned
TXN_004628,CUST_0628,MERCH_09,19.99,EUR,net_banking,261,insufficient_funds,1,17,3,994,2026-08-15T17:31:40.304101,US,api_integration,True,19.99,0,failed
TXN_004629,CUST_1094,MERCH_05,49.99,GBP,credit_card,821,expired_card,1,17,4,920,2026-07-26T06:20:14.577366,IN,web_browser,True,49.99,0,failed
TXN_004630,CUST_0806,MERCH_01,9.99,USD,credit_card,161,expired_card,1,1,0,161,2026-07-26T01:46:30.602300,AU,web_browser,True,9.99,0,recovered
TXN_004631,CUST_0208,MERCH_08,34.51,USD,net_banking,626,insufficient_funds,3,18,3,626,2026-08-02T19:13:27.574393,DE,web_browser,False,0.0,2,failed
TXN_004632,CUST_1060,MERCH_03,7.81,EUR,upi,320,insufficient_funds,1,6,0,803,2026-08-07T01:40:55.552678,IN,mobile_app,False,0.0,0,failed
TXN_004633,CUST_1298,MERCH_06,355.18,GBP,ach,544,insufficient_funds,2,11,3,880,2026-07-27T08:03:29.866214,US,api_integration,False,0.0,1,failed
TXN_004634,CUST_1106,MERCH_03,240.05,USD,net_banking,214,bank_declined,1,4,3,692,2026-08-07T17:34:42.887623,US,web_browser,False,0.0,0,recovered
TXN_004635,CUST_0647,MERCH_07,9.99,GBP,ach,363,insufficient_funds,1,9,2,750,2026-08-22T12:39:17.520398,CA,mobile_app,True,9.99,0,failed
TXN_004636,CUST_0676,MERCH_03,16.54,INR,net_banking,26,insufficient_funds,1,2,0,286,2026-08-22T11:36:56.663654,AU,web_browser,False,0.0,0,failed
TXN_004637,CUST_0739,MERCH_10,499.0,GBP,credit_card,197,authentication_failed,2,15,0,197,2026-08-16T01:17:42.747080,AU,mobile_app,True,499.0,1,recovered
TXN_004638,CUST_0642,MERCH_03,105.84,GBP,credit_card,583,expired_card,1,9,5,685,2026-08-15T09:02:12.119113,CA,api_integration,False,0.0,0,recovered
TXN_004639,CUST_0695,MERCH_01,29.99,EUR,net_banking,167,network_error,1,18,2,843,2026-08-05T16:47:39.351595,GB,web_browser,True,29.99,0,failed
TXN_004640,CUST_0908,MERCH_04,103.4,GBP,upi,143,network_error,3,1,0,143,2026-08-17T13:59:29.822225,AU,api_integration,False,0.0,2,failed
TXN_004641,CUST_1354,MERCH_08,52.86,GBP,net_banking,365,expired_card,1,12,3,365,2026-08-09T22:23:47.602574,GB,api_integration,False,0.0,0,recovered
TXN_004642,CUST_0290,MERCH_04,186.91,INR,debit_card,286,insufficient_funds,3,18,5,979,2026-08-15T18:15:25.308523,US,web_browser,False,0.0,2,failed
TXN_004643,CUST_0623,MERCH_06,199.0,USD,credit_card,294,insufficient_funds,1,9,5,294,2026-08-12T20:10:23.815609,GB,api_integration,True,199.0,0,failed
TXN_004644,CUST_1152,MERCH_04,438.28,GBP,upi,515,insufficient_funds,1,1,2,864,2026-08-07T23:57:10.263287,US,web_browser,False,0.0,0,recovered
TXN_004645,CUST_0919,MERCH_10,29.99,USD,credit_card,233,authentication_failed,1,2,4,929,2026-08-06T05:33:12.281616,GB,web_browser,True,29.99,0,failed
TXN_004646,CUST_1203,MERCH_04,19.35,INR,upi,37,authentication_failed,3,15,2,37,2026-08-05T01:53:14.741781,GB,web_browser,False,0.0,2,failed
TXN_004647,CUST_0329,MERCH_04,571.59,EUR,wallet,180,insufficient_funds,2,19,2,180,2026-08-23T12:06:49.746397,GB,mobile_app,False,0.0,1,recovered
TXN_004648,CUST_0491,MERCH_02,499.0,EUR,wallet,345,bank_declined,1,3,2,345,2026-07-30T11:05:51.233853,IN,web_browser,True,499.0,0,failed
TXN_004649,CUST_0243,MERCH_10,91.82,USD,credit_card,821,expired_card,1,10,2,932,2026-08-21T06:29:04.245685,AU,web_browser,False,0.0,0,recovered
TXN_004650,CUST_0100,MERCH_04,99.0,EUR,upi,364,insufficient_funds,1,7,1,711,2026-08-22T16:31:17.380523,AU,api_integration,True,99.0,0,failed
TXN_004651,CUST_1374,MERCH_02,134.96,USD,credit_card,76,network_error,1,20,3,347,2026-08-08T10:50:36.830365,GB,web_browser,False,0.0,0,recovered
TXN_004652,CUST_1232,MERCH_08,49.99,EUR,upi,15,insufficient_funds,1,15,1,490,2026-08-08T11:06:08.853486,US,mobile_app,True,49.99,0,failed
TXN_004653,CUST_0842,MERCH_06,136.57,USD,ach,91,expired_card,2,14,1,91,2026-08-18T17:25:09.338880,IN,web_browser,False,0.0,1,failed
TXN_004654,CUST_0505,MERCH_05,169.66,GBP,debit_card,620,expired_card,1,12,1,849,2026-08-03T23:32:34.291635,US,web_browser,False,0.0,0,failed
TXN_004655,CUST_0564,MERCH_10,468.04,INR,credit_card,79,insufficient_funds,3,12,0,79,2026-08-21T10:15:00.437064,GB,api_integration,False,0.0,2,failed
TXN_004656,CUST_1232,MERCH_05,127.43,EUR,wallet,226,insufficient_funds,1,14,2,226,2026-08-23T23:26:46.333628,US,mobile_app,False,0.0,0,abandoned
TXN_004657,CUST_0486,MERCH_06,19.99,USD,ach,637,invalid_payment_method,1,7,3,931,2026-08-14T07:25:24.799242,US,web_browser,True,19.99,0,recovered
TXN_004658,CUST_1458,MERCH_06,73.72,GBP,credit_card,523,insufficient_funds,1,10,2,523,2026-08-02T10:24:59.382518,IN,mobile_app,False,0.0,0,failed
TXN_004659,CUST_1492,MERCH_06,104.97,GBP,debit_card,491,insufficient_funds,1,10,0,491,2026-08-06T22:09:08.115933,DE,web_browser,False,0.0,0,recovered
TXN_004660,CUST_1498,MERCH_09,78.25,GBP,ach,414,network_error,1,12,3,414,2026-08-18T09:38:21.872230,IN,api_integration,False,0.0,0,abandoned
TXN_004661,CUST_1163,MERCH_07,19.99,EUR,debit_card,316,authentication_failed,1,14,2,316,2026-08-19T08:46:11.479227,AU,web_browser,True,19.99,0,recovered
TXN_004662,CUST_1344,MERCH_04,43.69,USD,upi,525,insufficient_funds,2,14,1,525,2026-07-31T23:14:45.361392,CA,web_browser,False,0.0,1,failed
TXN_004663,CUST_1379,MERCH_07,29.99,EUR,wallet,289,insufficient_funds,1,17,5,476,2026-08-24T06:04:09.846379,US,mobile_app,True,29.99,0,failed
TXN_004664,CUST_0590,MERCH_06,115.88,INR,upi,159,invalid_payment_method,1,19,4,814,2026-07-27T22:14:24.425035,US,web_browser,False,0.0,0,recovered
TXN_004665,CUST_1218,MERCH_09,41.36,GBP,ach,683,authentication_failed,2,18,1,683,2026-08-13T03:10:42.665856,IN,web_browser,False,0.0,1,recovered
TXN_004666,CUST_0502,MERCH_09,28.96,GBP,upi,303,authentication_failed,1,19,1,600,2026-08-09T17:53:18.426615,GB,web_browser,False,0.0,0,recovered
TXN_004667,CUST_0837,MERCH_07,175.86,GBP,upi,125,network_error,1,6,5,125,2026-08-12T11:19:56.802117,DE,mobile_app,False,0.0,0,abandoned
TXN_004668,CUST_1072,MERCH_10,319.39,EUR,wallet,181,invalid_payment_method,1,3,5,181,2026-07-26T16:25:58.290086,IN,web_browser,False,0.0,0,failed
TXN_004669,CUST_1114,MERCH_02,203.16,INR,net_banking,125,insufficient_funds,2,2,5,125,2026-07-30T23:00:59.052950,GB,web_browser,False,0.0,1,failed
TXN_004670,CUST_1491,MERCH_08,31.29,EUR,net_banking,291,insufficient_funds,1,17,4,291,2026-08-21T07:48:03.650922,AU,mobile_app,False,0.0,0,recovered
TXN_004671,CUST_1239,MERCH_03,9.99,EUR,ach,484,bank_declined,1,12,0,484,2026-08-08T10:24:12.624249,GB,api_integration,True,9.99,0,failed
TXN_004672,CUST_0449,MERCH_08,199.0,EUR,credit_card,334,network_error,1,0,2,370,2026-08-19T12:57:50.985465,IN,mobile_app,True,199.0,0,failed
TXN_004673,CUST_1402,MERCH_08,214.02,USD,wallet,384,authentication_failed,4,9,3,953,2026-08-13T01:37:28.005582,IN,web_browser,False,0.0,3,failed
TXN_004674,CUST_0148,MERCH_05,11.47,INR,credit_card,672,insufficient_funds,1,14,0,672,2026-08-01T05:33:51.008280,AU,mobile_app,False,0.0,0,failed
TXN_004675,CUST_0115,MERCH_04,113.35,GBP,ach,456,network_error,4,19,5,675,2026-08-22T07:45:58.844671,IN,api_integration,False,0.0,3,abandoned
TXN_004676,CUST_0640,MERCH_06,29.99,USD,wallet,478,insufficient_funds,1,11,4,580,2026-08-13T21:58:53.490766,AU,api_integration,True,29.99,0,recovered
TXN_004677,CUST_1150,MERCH_09,229.08,EUR,upi,160,expired_card,1,5,4,160,2026-08-19T08:26:20.596791,DE,web_browser,False,0.0,0,recovered
TXN_004678,CUST_0743,MERCH_05,19.99,USD,debit_card,515,network_error,2,10,2,747,2026-08-19T11:30:02.909828,DE,api_integration,True,19.99,1,failed
TXN_004679,CUST_1445,MERCH_10,94.11,INR,debit_card,704,insufficient_funds,1,11,5,886,2026-08-05T20:36:15.500614,IN,mobile_app,False,0.0,0,failed
TXN_004680,CUST_0107,MERCH_02,18.41,EUR,ach,850,unknown,1,11,2,897,2026-08-20T20:03:16.360566,US,web_browser,False,0.0,0,failed
TXN_004681,CUST_0947,MERCH_03,29.99,GBP,credit_card,277,bank_declined,1,20,3,277,2026-08-09T21:49:45.113439,IN,api_integration,True,29.99,0,failed
TXN_004682,CUST_0133,MERCH_04,79.93,USD,ach,684,invalid_payment_method,1,16,3,684,2026-08-09T11:21:48.916164,CA,web_browser,False,0.0,0,failed
TXN_004683,CUST_1129,MERCH_05,29.99,GBP,net_banking,565,insufficient_funds,1,2,4,642,2026-08-19T08:06:49.032461,AU,mobile_app,True,29.99,0,failed
TXN_004684,CUST_1013,MERCH_03,52.75,INR,wallet,302,expired_card,1,0,1,899,2026-07-29T20:19:34.452332,CA,mobile_app,False,0.0,0,recovered
TXN_004685,CUST_0582,MERCH_06,49.99,USD,wallet,688,insufficient_funds,2,18,2,688,2026-08-14T15:39:52.688020,CA,mobile_app,True,49.99,1,failed
TXN_004686,CUST_0974,MERCH_05,876.06,GBP,credit_card,74,insufficient_funds,1,15,5,74,2026-07-31T19:42:14.385744,US,web_browser,False,0.0,0,failed
TXN_004687,CUST_0772,MERCH_06,499.0,INR,credit_card,141,limit_exceeded,3,20,0,811,2026-08-04T10:16:15.036340,US,web_browser,True,499.0,2,failed
TXN_004688,CUST_1231,MERCH_02,19.99,GBP,ach,234,invalid_payment_method,1,16,5,916,2026-08-22T13:48:44.603171,DE,web_browser,True,19.99,0,failed
TXN_004689,CUST_1401,MERCH_02,249.31,GBP,credit_card,336,insufficient_funds,2,6,2,336,2026-08-08T07:10:43.486433,AU,web_browser,False,0.0,1,recovered
TXN_004690,CUST_0253,MERCH_04,297.64,USD,net_banking,13,bank_declined,3,12,3,13,2026-08-13T07:01:09.889471,US,web_browser,False,0.0,2,recovered
TXN_004691,CUST_0222,MERCH_07,9.26,USD,ach,183,insufficient_funds,2,17,1,183,2026-08-03T21:11:08.777645,GB,api_integration,False,0.0,1,failed
TXN_004692,CUST_0674,MERCH_01,150.26,INR,ach,773,insufficient_funds,2,16,4,910,2026-08-21T18:35:48.681712,IN,web_browser,False,0.0,1,failed
TXN_004693,CUST_0987,MERCH_02,353.79,EUR,wallet,667,expired_card,1,4,2,667,2026-08-16T23:57:01.816098,US,mobile_app,False,0.0,0,failed
TXN_004694,CUST_0949,MERCH_09,26.45,INR,ach,225,network_error,1,11,4,713,2026-08-10T15:53:56.475963,AU,api_integration,False,0.0,0,recovered
TXN_004695,CUST_0939,MERCH_09,63.7,GBP,credit_card,275,insufficient_funds,2,13,4,275,2026-07-30T09:06:48.146827,DE,mobile_app,False,0.0,1,failed
TXN_004696,CUST_0265,MERCH_10,106.49,EUR,upi,107,bank_declined,1,13,2,579,2026-08-06T23:35:57.113084,AU,api_integration,False,0.0,0,recovered
TXN_004697,CUST_0622,MERCH_10,9.99,USD,ach,337,expired_card,3,17,2,337,2026-08-17T07:11:39.876827,IN,mobile_app,True,9.99,2,failed
TXN_004698,CUST_0219,MERCH_08,23.24,INR,wallet,396,unknown,1,9,5,396,2026-08-05T04:57:53.020852,CA,mobile_app,False,0.0,0,recovered
TXN_004699,CUST_0253,MERCH_02,48.14,USD,ach,33,expired_card,1,19,0,33,2026-08-08T09:49:39.999736,AU,mobile_app,False,0.0,0,abandoned
TXN_004700,CUST_1068,MERCH_09,9.99,EUR,upi,4,insufficient_funds,2,9,3,4,2026-08-03T21:01:07.178690,GB,mobile_app,True,9.99,1,failed
TXN_004701,CUST_1479,MERCH_03,83.12,EUR,upi,697,insufficient_funds,1,2,4,697,2026-08-22T05:13:03.326319,AU,api_integration,False,0.0,0,abandoned
TXN_004702,CUST_1490,MERCH_03,70.45,INR,ach,73,bank_declined,1,20,1,73,2026-07-31T15:35:24.382903,US,mobile_app,False,0.0,0,failed
TXN_004703,CUST_0114,MERCH_09,122.19,GBP,debit_card,306,authentication_failed,2,15,5,432,2026-08-17T14:44:35.621594,IN,mobile_app,False,0.0,1,failed
TXN_004704,CUST_1138,MERCH_06,432.36,EUR,upi,195,expired_card,1,18,5,702,2026-08-07T21:41:27.235051,DE,api_integration,False,0.0,0,recovered
TXN_004705,CUST_0247,MERCH_01,406.75,USD,debit_card,883,insufficient_funds,3,14,3,883,2026-08-07T02:07:37.821464,CA,web_browser,False,0.0,2,recovered
TXN_004706,CUST_1024,MERCH_04,9.99,INR,debit_card,707,insufficient_funds,1,5,2,707,2026-08-05T00:51:22.246642,GB,api_integration,True,9.99,0,failed
TXN_004707,CUST_0742,MERCH_02,740.77,GBP,net_banking,281,bank_declined,1,20,2,589,2026-08-16T20:51:31.983150,IN,mobile_app,False,0.0,0,failed
TXN_004708,CUST_1303,MERCH_08,256.12,USD,net_banking,84,invalid_payment_method,1,16,4,997,2026-08-20T11:30:05.825762,CA,api_integration,False,0.0,0,abandoned
TXN_004709,CUST_0165,MERCH_06,588.26,USD,upi,549,authentication_failed,1,11,2,549,2026-07-25T23:50:04.203921,IN,web_browser,False,0.0,0,recovered
TXN_004710,CUST_0557,MERCH_08,83.2,GBP,net_banking,256,bank_declined,1,13,3,733,2026-08-16T16:14:22.307758,US,web_browser,False,0.0,0,failed
TXN_004711,CUST_0115,MERCH_03,155.86,USD,net_banking,215,insufficient_funds,1,15,1,215,2026-07-26T12:59:31.650677,AU,web_browser,False,0.0,0,failed
TXN_004712,CUST_0468,MERCH_10,172.25,USD,ach,186,expired_card,1,20,5,186,2026-08-07T21:37:42.830264,GB,mobile_app,False,0.0,0,failed
TXN_004713,CUST_0913,MERCH_09,206.08,EUR,wallet,646,insufficient_funds,1,12,0,646,2026-08-12T17:12:52.444762,DE,api_integration,False,0.0,0,abandoned
TXN_004714,CUST_0589,MERCH_03,99.0,EUR,debit_card,33,insufficient_funds,3,7,1,752,2026-08-21T23:08:09.767473,GB,api_integration,True,99.0,2,failed
TXN_004715,CUST_1189,MERCH_06,48.5,EUR,credit_card,320,expired_card,1,0,2,320,2026-08-01T13:16:32.113332,CA,mobile_app,False,0.0,0,failed
TXN_004716,CUST_0287,MERCH_07,166.89,GBP,wallet,98,bank_declined,1,12,2,864,2026-08-18T04:34:14.165118,US,web_browser,False,0.0,0,failed
TXN_004717,CUST_1002,MERCH_05,9.99,USD,ach,823,insufficient_funds,2,1,3,823,2026-07-29T15:38:42.557744,DE,web_browser,True,9.99,1,failed
TXN_004718,CUST_0957,MERCH_10,499.0,USD,net_banking,100,insufficient_funds,1,17,5,596,2026-07-29T09:48:56.486759,IN,web_browser,True,499.0,0,failed
TXN_004719,CUST_0407,MERCH_01,64.96,GBP,net_banking,456,insufficient_funds,1,17,5,456,2026-07-30T18:40:04.914048,CA,mobile_app,False,0.0,0,failed
TXN_004720,CUST_0671,MERCH_10,335.96,EUR,upi,92,authentication_failed,1,13,0,92,2026-08-08T22:30:23.127611,DE,mobile_app,False,0.0,0,failed
TXN_004721,CUST_0696,MERCH_07,15.49,EUR,debit_card,114,limit_exceeded,1,18,1,983,2026-08-06T17:31:04.640637,CA,mobile_app,False,0.0,0,failed
TXN_004722,CUST_1089,MERCH_02,86.44,INR,credit_card,247,insufficient_funds,3,18,3,518,2026-07-31T19:27:57.245743,US,web_browser,False,0.0,2,recovered
TXN_004723,CUST_0622,MERCH_09,318.71,GBP,debit_card,225,invalid_payment_method,1,14,0,253,2026-08-22T01:32:55.495657,GB,api_integration,False,0.0,0,failed
TXN_004724,CUST_0284,MERCH_04,499.0,EUR,debit_card,148,insufficient_funds,4,7,3,900,2026-08-07T19:13:47.181158,AU,api_integration,True,499.0,3,abandoned
TXN_004725,CUST_1333,MERCH_04,29.99,GBP,net_banking,512,authentication_failed,1,2,4,512,2026-08-24T17:06:28.518336,US,mobile_app,True,29.99,0,abandoned
TXN_004726,CUST_0230,MERCH_01,525.49,INR,ach,356,limit_exceeded,1,2,4,356,2026-08-13T12:59:35.858156,IN,api_integration,False,0.0,0,failed
TXN_004727,CUST_1209,MERCH_07,37.16,GBP,wallet,307,expired_card,1,12,0,307,2026-08-22T15:51:32.176253,GB,mobile_app,False,0.0,0,failed
TXN_004728,CUST_0565,MERCH_08,214.32,GBP,credit_card,182,insufficient_funds,1,20,0,182,2026-08-04T23:54:10.122258,DE,api_integration,False,0.0,0,failed
TXN_004729,CUST_1485,MERCH_02,29.99,INR,wallet,83,insufficient_funds,2,5,0,160,2026-08-06T01:50:42.700223,CA,mobile_app,True,29.99,1,recovered
TXN_004730,CUST_0135,MERCH_01,78.24,EUR,net_banking,837,network_error,2,20,1,837,2026-08-06T18:03:23.849897,IN,web_browser,False,0.0,1,failed
TXN_004731,CUST_1045,MERCH_06,454.31,INR,credit_card,106,bank_declined,1,20,2,659,2026-08-15T13:44:47.495918,CA,mobile_app,False,0.0,0,failed
TXN_004732,CUST_0791,MERCH_10,209.54,USD,wallet,307,insufficient_funds,2,12,2,599,2026-08-17T17:08:15.577537,DE,web_browser,False,0.0,1,failed
TXN_004733,CUST_0754,MERCH_06,199.0,INR,wallet,298,limit_exceeded,3,11,2,298,2026-07-31T12:55:11.929541,GB,mobile_app,True,199.0,2,recovered
TXN_004734,CUST_0630,MERCH_02,499.0,INR,debit_card,360,expired_card,1,6,1,360,2026-07-30T02:42:26.160580,AU,mobile_app,True,499.0,0,recovered
TXN_004735,CUST_1436,MERCH_04,29.99,INR,debit_card,80,expired_card,1,20,1,111,2026-08-17T11:44:39.448327,AU,web_browser,True,29.99,0,recovered
TXN_004736,CUST_1061,MERCH_10,99.0,INR,credit_card,760,insufficient_funds,1,3,1,760,2026-08-02T14:44:06.204067,US,mobile_app,True,99.0,0,recovered
TXN_004737,CUST_0312,MERCH_09,9.56,INR,debit_card,51,authentication_failed,1,6,5,749,2026-08-18T09:58:01.045357,US,api_integration,False,0.0,0,failed
TXN_004738,CUST_1436,MERCH_02,99.0,USD,debit_card,646,network_error,1,19,0,646,2026-07-31T11:06:17.412506,US,api_integration,True,99.0,0,abandoned
TXN_004739,CUST_0413,MERCH_09,83.39,GBP,debit_card,122,limit_exceeded,1,16,5,122,2026-08-01T21:10:46.106498,DE,mobile_app,False,0.0,0,failed
TXN_004740,CUST_0856,MERCH_09,128.51,USD,net_banking,463,expired_card,1,17,4,793,2026-08-07T00:36:37.815116,CA,api_integration,False,0.0,0,abandoned
TXN_004741,CUST_1113,MERCH_10,19.99,GBP,upi,163,insufficient_funds,3,13,2,280,2026-07-27T18:22:16.925145,DE,web_browser,True,19.99,2,recovered
TXN_004742,CUST_0157,MERCH_10,199.0,INR,debit_card,42,network_error,2,0,1,591,2026-08-17T03:27:03.924203,AU,web_browser,True,199.0,1,abandoned
TXN_004743,CUST_1235,MERCH_10,10.65,INR,ach,564,insufficient_funds,2,12,4,591,2026-07-31T01:41:23.335726,AU,api_integration,False,0.0,1,recovered
TXN_004744,CUST_0320,MERCH_06,79.55,INR,upi,538,bank_declined,2,12,3,694,2026-08-23T04:34:14.894659,DE,web_browser,False,0.0,1,failed
TXN_004745,CUST_0797,MERCH_05,46.5,GBP,credit_card,177,expired_card,3,6,5,774,2026-08-16T23:54:06.386680,DE,api_integration,False,0.0,2,failed
TXN_004746,CUST_0244,MERCH_02,71.79,GBP,net_banking,418,network_error,1,18,3,418,2026-08-15T15:16:07.602194,GB,api_integration,False,0.0,0,recovered
TXN_004747,CUST_1466,MERCH_05,14.07,USD,debit_card,51,bank_declined,1,11,3,126,2026-08-21T22:26:37.588305,IN,api_integration,False,0.0,0,failed
TXN_004748,CUST_0538,MERCH_06,86.14,EUR,credit_card,343,expired_card,1,11,4,343,2026-08-02T00:02:18.476960,DE,api_integration,False,0.0,0,failed
TXN_004749,CUST_0716,MERCH_05,49.99,USD,wallet,527,insufficient_funds,4,8,4,527,2026-08-03T05:13:58.263777,US,web_browser,True,49.99,3,abandoned
TXN_004750,CUST_0682,MERCH_06,211.73,USD,ach,443,expired_card,1,16,1,443,2026-08-03T20:56:20.902242,US,api_integration,False,0.0,0,failed
TXN_004751,CUST_1289,MERCH_08,199.0,GBP,upi,364,network_error,1,7,3,364,2026-08-23T18:16:12.219561,CA,web_browser,True,199.0,0,recovered
TXN_004752,CUST_0613,MERCH_04,29.99,USD,ach,468,invalid_payment_method,1,18,5,699,2026-08-01T03:10:14.064515,AU,mobile_app,True,29.99,0,failed
TXN_004753,CUST_0523,MERCH_04,304.53,GBP,ach,138,unknown,4,2,3,743,2026-08-03T19:49:19.899321,IN,mobile_app,False,0.0,3,abandoned
TXN_004754,CUST_1126,MERCH_09,45.06,EUR,debit_card,128,insufficient_funds,2,4,3,916,2026-08-14T20:42:35.063955,CA,mobile_app,False,0.0,1,failed
TXN_004755,CUST_0446,MERCH_04,9.99,EUR,net_banking,643,expired_card,1,16,5,643,2026-08-04T04:29:52.813048,IN,mobile_app,True,9.99,0,failed
TXN_004756,CUST_0861,MERCH_05,9.99,GBP,debit_card,430,bank_declined,1,2,0,531,2026-08-10T17:12:23.853506,AU,web_browser,True,9.99,0,failed
TXN_004757,CUST_0194,MERCH_02,123.36,INR,net_banking,451,insufficient_funds,1,14,5,451,2026-08-22T13:48:11.930939,US,api_integration,False,0.0,0,failed
TXN_004758,CUST_0828,MERCH_02,499.0,INR,upi,174,insufficient_funds,1,8,4,174,2026-08-10T19:22:48.679462,IN,api_integration,True,499.0,0,recovered
TXN_004759,CUST_0638,MERCH_07,29.99,INR,upi,710,expired_card,2,3,4,818,2026-08-08T16:38:17.131286,GB,web_browser,True,29.99,1,failed
TXN_004760,CUST_0572,MERCH_08,65.72,INR,credit_card,271,insufficient_funds,3,14,1,460,2026-08-06T22:49:00.936793,AU,api_integration,False,0.0,2,recovered
TXN_004761,CUST_1328,MERCH_09,49.99,EUR,upi,435,insufficient_funds,1,7,1,435,2026-08-03T02:16:01.569989,GB,mobile_app,True,49.99,0,recovered
TXN_004762,CUST_0549,MERCH_08,99.0,EUR,wallet,680,bank_declined,3,14,3,680,2026-08-21T17:20:41.546199,DE,web_browser,True,99.0,2,failed
TXN_004763,CUST_0271,MERCH_04,52.21,GBP,net_banking,771,insufficient_funds,3,11,4,771,2026-08-17T13:02:58.007153,GB,web_browser,False,0.0,2,failed
TXN_004764,CUST_0632,MERCH_09,10.73,EUR,net_banking,4,insufficient_funds,4,4,0,825,2026-08-07T02:17:14.182051,CA,api_integration,False,0.0,3,abandoned
TXN_004765,CUST_0109,MERCH_02,132.06,GBP,wallet,453,bank_declined,1,12,5,453,2026-08-02T14:16:49.356180,AU,mobile_app,False,0.0,0,failed
TXN_004766,CUST_0895,MERCH_01,291.44,INR,credit_card,43,expired_card,3,16,4,43,2026-08-04T09:54:16.270330,CA,api_integration,False,0.0,2,failed
TXN_004767,CUST_1280,MERCH_09,199.0,USD,wallet,111,insufficient_funds,2,2,0,111,2026-08-20T21:41:04.458734,AU,mobile_app,True,199.0,1,failed
TXN_004768,CUST_0267,MERCH_10,239.27,GBP,ach,405,insufficient_funds,1,12,2,794,2026-07-28T00:43:58.595002,IN,api_integration,False,0.0,0,recovered
TXN_004769,CUST_0464,MERCH_03,375.22,EUR,wallet,392,insufficient_funds,1,11,2,665,2026-08-09T04:41:45.382480,DE,mobile_app,False,0.0,0,failed
TXN_004770,CUST_0866,MERCH_10,50.59,INR,ach,131,insufficient_funds,4,0,0,131,2026-08-18T01:54:05.874956,CA,mobile_app,False,0.0,3,failed
TXN_004771,CUST_0706,MERCH_03,55.17,INR,ach,126,bank_declined,1,16,0,808,2026-07-29T20:02:52.219525,GB,api_integration,False,0.0,0,recovered
TXN_004772,CUST_0421,MERCH_09,307.07,EUR,debit_card,622,network_error,1,18,3,622,2026-08-08T22:43:58.994105,AU,web_browser,False,0.0,0,failed
TXN_004773,CUST_0744,MERCH_02,19.99,USD,upi,845,insufficient_funds,1,4,0,845,2026-08-08T12:14:51.086741,CA,mobile_app,True,19.99,0,failed
TXN_004774,CUST_0463,MERCH_03,29.99,INR,net_banking,173,expired_card,3,1,1,173,2026-08-17T17:00:44.941970,DE,mobile_app,True,29.99,2,recovered
TXN_004775,CUST_0221,MERCH_07,60.4,EUR,upi,152,authentication_failed,2,13,2,152,2026-07-30T06:51:42.809257,US,web_browser,False,0.0,1,failed
TXN_004776,CUST_1384,MERCH_10,19.99,EUR,upi,706,network_error,2,0,0,706,2026-08-20T23:23:21.634093,AU,api_integration,True,19.99,1,failed
TXN_004777,CUST_1313,MERCH_02,9.99,USD,wallet,380,authentication_failed,1,3,0,525,2026-08-23T04:05:10.972572,IN,web_browser,True,9.99,0,recovered
TXN_004778,CUST_0621,MERCH_01,53.06,INR,ach,140,insufficient_funds,1,3,0,522,2026-08-18T01:58:57.321279,AU,api_integration,False,0.0,0,failed
TXN_004779,CUST_0863,MERCH_01,9.99,INR,wallet,758,insufficient_funds,1,5,1,900,2026-07-31T11:19:01.773912,DE,api_integration,True,9.99,0,abandoned
TXN_004780,CUST_1496,MERCH_03,121.56,USD,ach,192,invalid_payment_method,1,16,0,290,2026-08-19T15:37:19.666695,GB,api_integration,False,0.0,0,failed
TXN_004781,CUST_0273,MERCH_07,9.99,USD,credit_card,843,bank_declined,1,2,4,843,2026-08-20T13:18:02.373321,GB,api_integration,True,9.99,0,failed
TXN_004782,CUST_1081,MERCH_09,57.9,EUR,credit_card,91,bank_declined,2,5,5,554,2026-07-29T20:48:42.136143,AU,api_integration,False,0.0,1,abandoned
TXN_004783,CUST_1367,MERCH_05,188.81,INR,credit_card,621,authentication_failed,2,18,3,967,2026-08-10T05:58:15.584260,AU,mobile_app,False,0.0,1,recovered
TXN_004784,CUST_1317,MERCH_02,29.99,EUR,credit_card,117,insufficient_funds,1,6,5,117,2026-08-23T06:09:59.556438,US,web_browser,True,29.99,0,failed
TXN_004785,CUST_1480,MERCH_09,27.13,INR,ach,357,insufficient_funds,4,8,5,357,2026-08-05T22:07:13.646373,IN,api_integration,False,0.0,3,failed
TXN_004786,CUST_1113,MERCH_04,223.31,INR,credit_card,467,insufficient_funds,1,18,1,625,2026-08-02T22:15:17.275142,AU,api_integration,False,0.0,0,abandoned
TXN_004787,CUST_0745,MERCH_07,84.66,INR,net_banking,97,bank_declined,2,19,5,97,2026-07-30T14:20:25.702690,DE,web_browser,False,0.0,1,failed
TXN_004788,CUST_0655,MERCH_01,19.99,EUR,ach,134,insufficient_funds,2,18,3,134,2026-08-02T09:34:30.707873,DE,web_browser,True,19.99,1,failed
TXN_004789,CUST_0189,MERCH_08,38.03,INR,credit_card,484,expired_card,4,13,4,522,2026-07-30T23:48:12.770353,AU,api_integration,False,0.0,3,abandoned
TXN_004790,CUST_0379,MERCH_03,186.4,EUR,upi,145,insufficient_funds,2,8,0,145,2026-08-13T02:36:23.843947,AU,mobile_app,False,0.0,1,failed
TXN_004791,CUST_0305,MERCH_06,212.03,EUR,upi,269,insufficient_funds,1,10,4,269,2026-08-12T14:09:08.229942,AU,api_integration,False,0.0,0,recovered
TXN_004792,CUST_1348,MERCH_09,199.0,GBP,upi,486,expired_card,4,2,2,922,2026-08-04T21:39:49.080158,DE,web_browser,True,199.0,3,abandoned
TXN_004793,CUST_1486,MERCH_02,28.6,EUR,debit_card,98,insufficient_funds,1,12,4,526,2026-08-16T16:40:24.706428,IN,api_integration,False,0.0,0,failed
TXN_004794,CUST_0709,MERCH_04,99.0,INR,credit_card,465,authentication_failed,1,13,4,465,2026-08-21T06:37:43.557487,DE,web_browser,True,99.0,0,failed
TXN_004795,CUST_0412,MERCH_01,72.7,EUR,net_banking,10,insufficient_funds,1,19,4,10,2026-08-08T16:49:25.847348,GB,api_integration,False,0.0,0,failed
TXN_004796,CUST_1361,MERCH_06,99.0,EUR,ach,250,network_error,1,8,5,250,2026-08-23T18:29:08.377210,AU,api_integration,True,99.0,0,failed
TXN_004797,CUST_1460,MERCH_05,606.28,USD,debit_card,18,authentication_failed,1,4,5,18,2026-08-16T16:50:51.831630,DE,mobile_app,False,0.0,0,failed
TXN_004798,CUST_0248,MERCH_02,334.44,INR,debit_card,301,authentication_failed,1,9,4,301,2026-07-30T15:01:06.630926,DE,api_integration,False,0.0,0,failed
TXN_004799,CUST_1274,MERCH_06,109.25,USD,upi,449,expired_card,4,9,1,449,2026-08-02T13:44:29.570354,DE,web_browser,False,0.0,3,abandoned
TXN_004800,CUST_1424,MERCH_06,99.0,GBP,debit_card,545,invalid_payment_method,2,9,3,545,2026-08-22T19:09:02.510370,DE,api_integration,True,99.0,1,recovered
TXN_004801,CUST_0445,MERCH_09,380.37,USD,wallet,578,insufficient_funds,2,10,5,857,2026-08-19T21:19:05.250846,DE,api_integration,False,0.0,1,failed
TXN_004802,CUST_0678,MERCH_07,19.99,INR,ach,386,unknown,1,2,3,915,2026-08-13T17:57:46.214095,CA,mobile_app,True,19.99,0,recovered
TXN_004803,CUST_0100,MERCH_01,57.52,EUR,credit_card,328,bank_declined,3,6,1,328,2026-08-14T08:40:22.239955,CA,api_integration,False,0.0,2,failed
TXN_004804,CUST_1389,MERCH_06,195.0,EUR,wallet,400,authentication_failed,4,2,2,955,2026-07-25T21:21:48.436521,IN,api_integration,False,0.0,3,abandoned
TXN_004805,CUST_1133,MERCH_04,175.66,GBP,credit_card,486,authentication_failed,3,4,2,773,2026-08-21T18:27:02.095995,CA,web_browser,False,0.0,2,failed
TXN_004806,CUST_0952,MERCH_07,353.39,GBP,credit_card,218,expired_card,1,0,3,218,2026-08-13T01:16:07.847125,US,mobile_app,False,0.0,0,failed
TXN_004807,CUST_0965,MERCH_10,97.31,INR,debit_card,907,expired_card,1,7,4,907,2026-08-05T12:53:34.187450,GB,web_browser,False,0.0,0,recovered
TXN_004808,CUST_0511,MERCH_07,379.18,EUR,net_banking,353,authentication_failed,1,10,0,353,2026-07-25T20:08:25.001381,CA,api_integration,False,0.0,0,failed
TXN_004809,CUST_0693,MERCH_02,205.26,GBP,net_banking,758,insufficient_funds,1,7,3,758,2026-08-10T17:17:56.845222,CA,api_integration,False,0.0,0,failed
TXN_004810,CUST_0192,MERCH_06,29.99,USD,net_banking,210,bank_declined,3,10,0,210,2026-08-01T10:02:17.246801,AU,api_integration,True,29.99,2,recovered
TXN_004811,CUST_1458,MERCH_06,146.61,GBP,upi,57,limit_exceeded,2,20,5,57,2026-07-30T10:24:51.771843,DE,web_browser,False,0.0,1,failed
TXN_004812,CUST_0870,MERCH_01,170.62,INR,ach,314,expired_card,2,14,3,314,2026-07-30T06:10:12.421303,IN,web_browser,False,0.0,1,failed
TXN_004813,CUST_0366,MERCH_09,82.81,EUR,net_banking,643,insufficient_funds,1,3,4,992,2026-08-12T12:15:32.627073,CA,web_browser,False,0.0,0,failed
TXN_004814,CUST_0574,MERCH_10,49.99,INR,net_banking,163,limit_exceeded,1,1,3,925,2026-08-19T22:04:57.938445,GB,api_integration,True,49.99,0,failed
TXN_004815,CUST_1013,MERCH_07,29.99,USD,net_banking,362,expired_card,2,13,3,362,2026-08-10T17:26:03.385885,GB,mobile_app,True,29.99,1,abandoned
TXN_004816,CUST_0420,MERCH_03,22.48,EUR,ach,262,bank_declined,3,4,1,262,2026-07-31T09:09:25.065448,CA,mobile_app,False,0.0,2,recovered
TXN_004817,CUST_0646,MERCH_05,634.81,USD,credit_card,736,expired_card,1,8,4,736,2026-07-31T19:39:25.522006,DE,api_integration,False,0.0,0,failed
TXN_004818,CUST_0796,MERCH_08,251.51,INR,ach,532,invalid_payment_method,2,7,1,532,2026-08-24T10:27:22.959328,US,web_browser,False,0.0,1,failed
TXN_004819,CUST_0906,MERCH_07,6.43,INR,wallet,686,insufficient_funds,1,7,5,855,2026-08-22T05:06:20.775526,AU,web_browser,False,0.0,0,recovered
TXN_004820,CUST_0217,MERCH_07,82.27,USD,debit_card,620,insufficient_funds,1,19,4,974,2026-08-22T05:15:01.903175,US,api_integration,False,0.0,0,recovered
TXN_004821,CUST_1304,MERCH_08,117.59,GBP,credit_card,265,insufficient_funds,1,20,0,956,2026-08-16T18:36:33.247661,CA,web_browser,False,0.0,0,failed
TXN_004822,CUST_1402,MERCH_02,499.0,USD,upi,291,insufficient_funds,1,6,2,291,2026-08-12T05:35:39.687856,DE,mobile_app,True,499.0,0,failed
TXN_004823,CUST_1154,MERCH_09,29.99,EUR,ach,697,network_error,1,15,2,891,2026-08-10T06:29:11.008364,US,mobile_app,True,29.99,0,recovered
TXN_004824,CUST_0714,MERCH_10,99.0,EUR,ach,613,expired_card,2,6,4,615,2026-08-04T03:52:38.587650,GB,web_browser,True,99.0,1,failed
TXN_004825,CUST_0650,MERCH_06,358.83,USD,credit_card,351,limit_exceeded,2,19,0,351,2026-08-18T17:53:41.973309,DE,api_integration,False,0.0,1,abandoned
TXN_004826,CUST_1329,MERCH_06,49.99,EUR,upi,362,insufficient_funds,2,8,5,362,2026-08-19T16:47:48.025528,AU,api_integration,True,49.99,1,recovered
TXN_004827,CUST_0922,MERCH_07,49.99,GBP,debit_card,142,insufficient_funds,3,11,0,142,2026-07-30T21:25:46.115984,US,web_browser,True,49.99,2,failed
TXN_004828,CUST_0596,MERCH_04,499.0,GBP,credit_card,565,authentication_failed,1,11,3,565,2026-08-05T18:48:32.261500,AU,api_integration,True,499.0,0,failed
TXN_004829,CUST_1395,MERCH_01,29.99,INR,debit_card,123,bank_declined,4,7,2,210,2026-08-20T04:56:28.106985,AU,web_browser,True,29.99,3,abandoned
TXN_004830,CUST_0929,MERCH_03,499.0,EUR,net_banking,379,insufficient_funds,1,6,1,379,2026-08-19T14:55:52.003942,GB,api_integration,True,499.0,0,recovered
TXN_004831,CUST_0363,MERCH_02,199.0,GBP,credit_card,192,authentication_failed,1,0,3,517,2026-08-20T19:39:39.349540,IN,web_browser,True,199.0,0,failed
TXN_004832,CUST_0857,MERCH_07,245.19,USD,net_banking,692,insufficient_funds,1,7,0,692,2026-08-07T06:40:28.990943,US,mobile_app,False,0.0,0,failed
TXN_004833,CUST_1479,MERCH_10,11.23,INR,upi,234,authentication_failed,1,14,2,271,2026-07-31T13:21:54.895074,GB,api_integration,False,0.0,0,failed
TXN_004834,CUST_1109,MERCH_02,186.11,USD,credit_card,659,insufficient_funds,1,11,5,659,2026-08-24T05:53:37.835763,AU,api_integration,False,0.0,0,failed
TXN_004835,CUST_0261,MERCH_04,31.8,GBP,debit_card,234,insufficient_funds,1,6,0,234,2026-08-09T16:50:48.313044,US,api_integration,False,0.0,0,failed
TXN_004836,CUST_0276,MERCH_07,581.76,EUR,ach,742,insufficient_funds,1,0,1,742,2026-08-12T19:16:47.226385,DE,api_integration,False,0.0,0,failed
TXN_004837,CUST_0118,MERCH_05,29.99,INR,wallet,834,limit_exceeded,3,17,2,834,2026-08-05T00:55:17.044619,IN,mobile_app,True,29.99,2,recovered
TXN_004838,CUST_0233,MERCH_05,199.0,EUR,net_banking,463,expired_card,1,17,2,541,2026-08-02T12:22:41.755613,CA,web_browser,True,199.0,0,abandoned
TXN_004839,CUST_0977,MERCH_07,25.67,GBP,net_banking,214,insufficient_funds,1,0,5,500,2026-08-09T15:53:33.343782,GB,web_browser,False,0.0,0,failed
TXN_004840,CUST_0650,MERCH_04,168.45,EUR,upi,381,insufficient_funds,1,16,1,381,2026-07-28T19:47:55.323803,GB,mobile_app,False,0.0,0,failed
TXN_004841,CUST_1242,MERCH_04,155.64,USD,upi,177,authentication_failed,1,15,5,261,2026-08-17T19:27:44.312121,GB,api_integration,False,0.0,0,failed
TXN_004842,CUST_1032,MERCH_10,200.22,USD,wallet,7,bank_declined,3,18,4,238,2026-07-30T21:59:43.548163,US,api_integration,False,0.0,2,failed
TXN_004843,CUST_1059,MERCH_06,426.06,GBP,net_banking,721,unknown,1,7,5,721,2026-08-01T19:42:53.876593,US,mobile_app,False,0.0,0,recovered
TXN_004844,CUST_0616,MERCH_03,11.1,EUR,ach,769,authentication_failed,1,19,3,769,2026-07-30T03:36:06.699163,IN,api_integration,False,0.0,0,recovered
TXN_004845,CUST_0542,MERCH_09,714.76,USD,ach,920,limit_exceeded,1,11,1,953,2026-08-01T02:42:00.300332,CA,web_browser,False,0.0,0,failed
TXN_004846,CUST_1129,MERCH_01,232.59,EUR,upi,682,network_error,4,14,5,682,2026-08-14T11:19:53.759205,GB,mobile_app,False,0.0,3,failed
TXN_004847,CUST_1299,MERCH_03,113.44,INR,credit_card,294,invalid_payment_method,1,18,0,294,2026-08-15T00:33:03.116120,AU,api_integration,False,0.0,0,failed
TXN_004848,CUST_1273,MERCH_04,499.0,EUR,net_banking,493,bank_declined,1,11,4,911,2026-07-31T14:07:27.883541,US,api_integration,True,499.0,0,failed
TXN_004849,CUST_0672,MERCH_02,63.36,USD,credit_card,511,expired_card,3,8,0,678,2026-08-01T22:15:23.398524,GB,web_browser,False,0.0,2,recovered
TXN_004850,CUST_0942,MERCH_04,49.99,GBP,wallet,224,limit_exceeded,3,8,3,224,2026-08-01T18:42:43.882935,AU,web_browser,True,49.99,2,failed
TXN_004851,CUST_0790,MERCH_04,103.25,INR,credit_card,219,expired_card,1,12,3,924,2026-08-18T05:53:29.626930,US,api_integration,False,0.0,0,recovered
TXN_004852,CUST_1485,MERCH_03,63.19,EUR,ach,495,expired_card,1,11,2,495,2026-07-29T04:49:40.825289,AU,mobile_app,False,0.0,0,failed
TXN_004853,CUST_1215,MERCH_06,99.0,USD,wallet,163,authentication_failed,1,16,1,708,2026-08-20T13:53:42.398530,IN,mobile_app,True,99.0,0,failed
TXN_004854,CUST_1093,MERCH_02,29.99,INR,debit_card,203,authentication_failed,2,0,1,203,2026-08-16T12:29:12.593527,CA,mobile_app,True,29.99,1,failed
TXN_004855,CUST_0363,MERCH_05,199.0,INR,upi,554,limit_exceeded,2,15,2,984,2026-08-21T17:36:56.291680,DE,web_browser,True,199.0,1,recovered
TXN_004856,CUST_1358,MERCH_08,99.0,USD,net_banking,686,expired_card,4,3,2,686,2026-08-10T20:13:38.968582,IN,mobile_app,True,99.0,3,abandoned
TXN_004857,CUST_0746,MERCH_10,99.0,USD,credit_card,667,insufficient_funds,3,12,1,667,2026-08-12T23:32:29.721969,DE,api_integration,True,99.0,2,failed
TXN_004858,CUST_1275,MERCH_02,32.0,USD,ach,275,insufficient_funds,1,8,5,701,2026-08-05T13:56:49.814741,DE,mobile_app,False,0.0,0,failed
TXN_004859,CUST_0781,MERCH_09,122.19,EUR,wallet,218,authentication_failed,1,9,5,656,2026-07-30T06:40:14.212154,GB,mobile_app,False,0.0,0,failed
TXN_004860,CUST_0102,MERCH_05,219.91,GBP,upi,508,authentication_failed,1,19,1,516,2026-08-14T15:25:30.639004,IN,api_integration,False,0.0,0,failed
TXN_004861,CUST_0938,MERCH_07,114.15,USD,debit_card,218,insufficient_funds,1,10,5,218,2026-08-15T14:42:36.331228,AU,mobile_app,False,0.0,0,failed
TXN_004862,CUST_1100,MERCH_04,499.0,EUR,upi,311,insufficient_funds,1,12,5,311,2026-08-05T17:54:27.019030,DE,api_integration,True,499.0,0,failed
TXN_004863,CUST_0223,MERCH_03,99.0,EUR,net_banking,366,insufficient_funds,1,14,1,366,2026-08-20T23:29:35.358464,AU,api_integration,True,99.0,0,failed
TXN_004864,CUST_0976,MERCH_05,53.46,EUR,debit_card,444,authentication_failed,1,5,4,968,2026-08-01T03:00:58.442946,AU,api_integration,False,0.0,0,failed
TXN_004865,CUST_1016,MERCH_01,9.99,USD,ach,293,authentication_failed,4,12,1,293,2026-08-20T05:55:47.447548,AU,mobile_app,True,9.99,3,abandoned
TXN_004866,CUST_0410,MERCH_06,30.01,USD,net_banking,157,insufficient_funds,2,14,3,820,2026-08-03T02:53:03.947911,CA,web_browser,False,0.0,1,abandoned
TXN_004867,CUST_0633,MERCH_06,324.89,USD,credit_card,56,invalid_payment_method,1,13,3,56,2026-08-11T14:50:46.605807,DE,web_browser,False,0.0,0,abandoned
TXN_004868,CUST_0847,MERCH_08,44.92,INR,net_banking,133,authentication_failed,2,16,5,133,2026-08-17T03:59:03.247344,US,mobile_app,False,0.0,1,failed
TXN_004869,CUST_1073,MERCH_02,180.03,GBP,wallet,414,invalid_payment_method,1,11,5,658,2026-08-03T06:43:09.139855,US,api_integration,False,0.0,0,recovered
TXN_004870,CUST_1247,MERCH_08,376.6,INR,debit_card,564,authentication_failed,2,2,2,564,2026-07-28T17:22:31.403580,DE,mobile_app,False,0.0,1,failed
TXN_004871,CUST_1055,MERCH_09,13.81,INR,credit_card,373,authentication_failed,1,2,4,373,2026-07-26T05:07:19.446925,US,mobile_app,False,0.0,0,recovered
TXN_004872,CUST_0138,MERCH_05,189.08,USD,credit_card,46,insufficient_funds,2,18,2,46,2026-08-09T08:05:18.996659,IN,web_browser,False,0.0,1,recovered
TXN_004873,CUST_0108,MERCH_09,776.42,GBP,ach,211,limit_exceeded,1,9,3,868,2026-08-01T02:34:00.409273,GB,mobile_app,False,0.0,0,failed
TXN_004874,CUST_0544,MERCH_08,37.37,USD,credit_card,243,unknown,1,13,1,923,2026-08-16T13:28:30.317307,IN,web_browser,False,0.0,0,recovered
TXN_004875,CUST_0136,MERCH_06,356.4,INR,credit_card,132,bank_declined,1,5,4,132,2026-08-17T19:09:58.625880,US,mobile_app,False,0.0,0,failed
TXN_004876,CUST_0692,MERCH_03,29.99,INR,wallet,32,bank_declined,1,15,3,235,2026-08-12T23:51:34.853121,US,mobile_app,True,29.99,0,failed
TXN_004877,CUST_1228,MERCH_01,9.99,INR,ach,197,authentication_failed,1,16,4,338,2026-08-02T14:44:09.034319,CA,mobile_app,True,9.99,0,failed
TXN_004878,CUST_1119,MERCH_05,116.66,GBP,wallet,305,authentication_failed,2,16,1,305,2026-08-06T13:54:32.515767,US,api_integration,False,0.0,1,recovered
TXN_004879,CUST_0543,MERCH_04,24.25,GBP,upi,532,expired_card,1,6,1,567,2026-08-06T06:02:13.438140,GB,mobile_app,False,0.0,0,recovered
TXN_004880,CUST_0516,MERCH_09,12.62,EUR,debit_card,28,invalid_payment_method,3,9,2,28,2026-08-10T05:24:38.930656,IN,web_browser,False,0.0,2,recovered
TXN_004881,CUST_0330,MERCH_04,651.44,USD,upi,816,authentication_failed,1,15,0,816,2026-08-07T07:09:47.946969,AU,mobile_app,False,0.0,0,recovered
TXN_004882,CUST_0125,MERCH_08,49.99,GBP,credit_card,431,network_error,1,14,4,579,2026-08-18T16:49:56.680424,US,web_browser,True,49.99,0,failed
TXN_004883,CUST_0741,MERCH_05,108.41,EUR,debit_card,236,insufficient_funds,1,15,2,236,2026-07-28T17:35:46.364913,CA,mobile_app,False,0.0,0,failed
TXN_004884,CUST_0623,MERCH_05,131.39,EUR,ach,163,expired_card,1,3,1,940,2026-07-27T17:52:47.997633,AU,mobile_app,False,0.0,0,failed
TXN_004885,CUST_0952,MERCH_10,9.99,USD,debit_card,355,insufficient_funds,2,3,1,355,2026-07-29T21:45:47.822702,DE,web_browser,True,9.99,1,failed
TXN_004886,CUST_0134,MERCH_09,70.69,GBP,upi,23,authentication_failed,1,19,3,23,2026-08-22T12:20:31.550609,DE,api_integration,False,0.0,0,failed
TXN_004887,CUST_0902,MERCH_08,254.38,INR,credit_card,390,expired_card,1,7,3,390,2026-08-24T14:58:02.167970,DE,mobile_app,False,0.0,0,failed
TXN_004888,CUST_0703,MERCH_05,145.9,EUR,wallet,758,unknown,4,10,0,817,2026-08-01T06:54:54.758300,GB,api_integration,False,0.0,3,abandoned
TXN_004889,CUST_0126,MERCH_07,19.99,USD,ach,166,invalid_payment_method,1,13,5,803,2026-08-13T06:09:13.027321,GB,mobile_app,True,19.99,0,failed
TXN_004890,CUST_0219,MERCH_10,49.99,GBP,ach,251,network_error,1,19,5,373,2026-08-21T22:19:12.835032,GB,mobile_app,True,49.99,0,failed
TXN_004891,CUST_1242,MERCH_10,116.5,EUR,upi,218,expired_card,1,14,2,673,2026-08-21T06:54:51.149674,AU,mobile_app,False,0.0,0,recovered
TXN_004892,CUST_0962,MERCH_05,199.0,GBP,credit_card,134,insufficient_funds,1,20,4,542,2026-07-30T11:42:27.949954,US,api_integration,True,199.0,0,failed
TXN_004893,CUST_1032,MERCH_05,499.0,GBP,ach,565,network_error,1,17,3,565,2026-07-29T04:22:47.589705,GB,web_browser,True,499.0,0,failed
TXN_004894,CUST_0296,MERCH_10,999.28,EUR,net_banking,703,authentication_failed,1,5,5,793,2026-08-14T14:01:07.582005,DE,web_browser,False,0.0,0,recovered
TXN_004895,CUST_1431,MERCH_02,62.11,INR,debit_card,202,authentication_failed,2,3,5,820,2026-07-30T09:46:03.923239,IN,mobile_app,False,0.0,1,failed
TXN_004896,CUST_0935,MERCH_05,34.39,USD,wallet,177,expired_card,4,13,3,177,2026-08-12T07:28:48.488245,AU,web_browser,False,0.0,3,failed
TXN_004897,CUST_0268,MERCH_01,499.0,GBP,upi,207,authentication_failed,2,5,4,413,2026-08-24T16:12:17.696850,DE,api_integration,True,499.0,1,failed
TXN_004898,CUST_0414,MERCH_09,19.99,USD,ach,166,insufficient_funds,1,3,5,912,2026-08-05T13:04:00.764456,CA,web_browser,True,19.99,0,failed
TXN_004899,CUST_0457,MERCH_10,160.76,USD,upi,240,insufficient_funds,4,16,1,435,2026-08-20T23:44:39.471698,AU,mobile_app,False,0.0,3,failed
TXN_004900,CUST_0404,MERCH_06,49.99,INR,credit_card,91,insufficient_funds,1,2,5,91,2026-07-28T06:44:26.959994,CA,mobile_app,True,49.99,0,recovered
TXN_004901,CUST_1175,MERCH_09,165.69,GBP,upi,146,invalid_payment_method,1,2,5,146,2026-08-18T20:21:50.296333,IN,mobile_app,False,0.0,0,failed
TXN_004902,CUST_0223,MERCH_02,49.99,USD,wallet,183,network_error,3,8,2,183,2026-08-03T16:46:17.474550,DE,mobile_app,True,49.99,2,recovered
TXN_004903,CUST_0236,MERCH_10,197.97,USD,upi,523,insufficient_funds,1,16,0,523,2026-07-26T15:59:29.376933,US,api_integration,False,0.0,0,failed
TXN_004904,CUST_0720,MERCH_02,499.0,EUR,credit_card,78,insufficient_funds,1,10,0,860,2026-08-09T16:54:17.892017,DE,mobile_app,True,499.0,0,failed
TXN_004905,CUST_0909,MERCH_08,19.99,INR,net_banking,253,authentication_failed,1,18,3,253,2026-08-21T23:18:59.854822,US,api_integration,True,19.99,0,recovered
TXN_004906,CUST_0290,MERCH_01,74.28,EUR,net_banking,551,insufficient_funds,1,8,3,722,2026-08-01T04:27:13.342952,US,mobile_app,False,0.0,0,abandoned
TXN_004907,CUST_1259,MERCH_06,43.69,EUR,debit_card,246,invalid_payment_method,3,17,5,246,2026-08-20T00:53:18.350692,CA,api_integration,False,0.0,2,failed
TXN_004908,CUST_0478,MERCH_05,147.83,EUR,net_banking,188,authentication_failed,1,1,2,188,2026-08-02T20:32:03.804163,GB,mobile_app,False,0.0,0,failed
TXN_004909,CUST_1282,MERCH_02,124.99,EUR,wallet,663,expired_card,1,13,1,941,2026-07-30T12:13:03.673021,GB,api_integration,False,0.0,0,recovered
TXN_004910,CUST_1231,MERCH_02,99.0,EUR,net_banking,87,expired_card,4,14,3,87,2026-07-30T12:09:57.968189,CA,web_browser,True,99.0,3,abandoned
TXN_004911,CUST_0369,MERCH_08,9.99,USD,net_banking,35,network_error,1,12,0,969,2026-08-23T19:44:10.843854,IN,api_integration,True,9.99,0,recovered
TXN_004912,CUST_0814,MERCH_04,79.27,GBP,ach,330,insufficient_funds,2,16,0,330,2026-08-24T04:15:36.930046,DE,web_browser,False,0.0,1,failed
TXN_004913,CUST_0338,MERCH_07,5.1,EUR,wallet,267,network_error,1,10,1,267,2026-08-02T10:06:48.807888,US,web_browser,False,0.0,0,failed
TXN_004914,CUST_0712,MERCH_05,499.0,INR,wallet,617,authentication_failed,1,8,3,764,2026-08-12T09:24:27.682395,GB,mobile_app,True,499.0,0,failed
TXN_004915,CUST_1298,MERCH_09,199.0,USD,upi,194,network_error,3,17,1,194,2026-08-05T11:15:52.256982,GB,mobile_app,True,199.0,2,recovered
TXN_004916,CUST_1275,MERCH_10,49.99,GBP,credit_card,195,expired_card,1,14,0,195,2026-07-31T00:07:13.297951,CA,mobile_app,True,49.99,0,recovered
TXN_004917,CUST_0219,MERCH_02,9.99,GBP,ach,456,insufficient_funds,1,20,3,514,2026-08-10T16:01:32.918596,AU,api_integration,True,9.99,0,abandoned
TXN_004918,CUST_1412,MERCH_10,99.0,EUR,wallet,59,network_error,2,1,4,59,2026-08-20T14:08:54.449783,GB,mobile_app,True,99.0,1,abandoned
TXN_004919,CUST_0206,MERCH_10,5.8,GBP,ach,27,expired_card,1,5,5,340,2026-08-12T13:33:13.191478,CA,mobile_app,False,0.0,0,recovered
TXN_004920,CUST_0784,MERCH_01,114.13,GBP,debit_card,379,insufficient_funds,2,5,2,759,2026-08-09T04:30:21.508927,CA,api_integration,False,0.0,1,recovered
TXN_004921,CUST_1244,MERCH_05,49.99,USD,net_banking,28,bank_declined,1,8,0,596,2026-08-21T04:37:46.674981,CA,mobile_app,True,49.99,0,failed
TXN_004922,CUST_0490,MERCH_08,155.4,USD,credit_card,16,bank_declined,1,1,4,867,2026-07-30T14:22:02.149883,AU,api_integration,False,0.0,0,failed
TXN_004923,CUST_0428,MERCH_06,499.0,USD,debit_card,21,network_error,1,13,2,459,2026-08-01T12:26:55.538566,IN,mobile_app,True,499.0,0,failed
TXN_004924,CUST_0608,MERCH_08,57.17,GBP,credit_card,353,insufficient_funds,3,15,0,876,2026-08-18T06:22:35.433613,GB,api_integration,False,0.0,2,failed
TXN_004925,CUST_0163,MERCH_01,49.49,INR,ach,447,authentication_failed,1,16,1,447,2026-08-20T12:29:19.303209,US,web_browser,False,0.0,0,failed
TXN_004926,CUST_0393,MERCH_07,9.99,GBP,credit_card,484,expired_card,1,13,5,484,2026-08-15T10:08:11.591390,AU,api_integration,True,9.99,0,recovered
TXN_004927,CUST_0987,MERCH_10,27.74,GBP,ach,610,insufficient_funds,1,0,3,870,2026-07-27T16:06:06.899261,AU,api_integration,False,0.0,0,failed
TXN_004928,CUST_1293,MERCH_05,183.76,USD,net_banking,355,network_error,1,6,0,648,2026-07-28T02:10:26.062569,DE,mobile_app,False,0.0,0,failed
TXN_004929,CUST_0260,MERCH_04,285.38,USD,net_banking,606,insufficient_funds,1,19,0,606,2026-08-12T01:19:25.498776,CA,web_browser,False,0.0,0,recovered
TXN_004930,CUST_1138,MERCH_09,99.0,GBP,credit_card,387,network_error,4,7,3,855,2026-08-22T18:45:23.711775,IN,web_browser,True,99.0,3,abandoned
TXN_004931,CUST_0798,MERCH_01,68.29,GBP,upi,120,insufficient_funds,2,6,4,120,2026-08-20T00:37:09.426092,US,api_integration,False,0.0,1,abandoned
TXN_004932,CUST_0503,MERCH_05,52.87,USD,credit_card,530,insufficient_funds,1,1,1,908,2026-07-30T06:58:26.430891,DE,web_browser,False,0.0,0,recovered
TXN_004933,CUST_1026,MERCH_02,61.49,USD,wallet,502,expired_card,1,7,2,502,2026-08-02T14:22:14.478688,CA,api_integration,False,0.0,0,failed
TXN_004934,CUST_0513,MERCH_03,9.99,USD,credit_card,702,expired_card,1,6,4,752,2026-08-17T19:30:48.607307,US,mobile_app,True,9.99,0,recovered
TXN_004935,CUST_0906,MERCH_10,34.53,INR,upi,137,authentication_failed,1,20,1,137,2026-08-22T02:38:12.868651,DE,web_browser,False,0.0,0,failed
TXN_004936,CUST_1071,MERCH_07,9.99,USD,credit_card,547,insufficient_funds,3,0,5,640,2026-08-13T21:45:06.349279,GB,web_browser,True,9.99,2,failed
TXN_004937,CUST_0317,MERCH_09,499.0,GBP,net_banking,467,expired_card,1,4,1,888,2026-08-08T21:51:41.755706,CA,web_browser,True,499.0,0,failed
TXN_004938,CUST_0954,MERCH_06,48.19,GBP,upi,852,insufficient_funds,1,20,5,852,2026-08-18T08:41:45.977208,DE,web_browser,False,0.0,0,recovered
TXN_004939,CUST_0496,MERCH_07,72.68,GBP,net_banking,81,expired_card,2,2,1,844,2026-08-08T05:54:23.605971,AU,web_browser,False,0.0,1,failed
TXN_004940,CUST_0253,MERCH_06,101.42,USD,debit_card,254,network_error,4,4,0,695,2026-08-03T22:49:00.591916,DE,web_browser,False,0.0,3,failed
TXN_004941,CUST_1176,MERCH_04,312.41,USD,net_banking,164,limit_exceeded,1,5,4,164,2026-08-19T12:28:00.417061,US,api_integration,False,0.0,0,failed
TXN_004942,CUST_0257,MERCH_04,9.22,EUR,wallet,417,authentication_failed,1,7,1,417,2026-08-16T04:36:37.861699,IN,web_browser,False,0.0,0,recovered
TXN_004943,CUST_1247,MERCH_04,101.83,EUR,upi,174,insufficient_funds,1,15,1,174,2026-07-27T07:02:46.826934,GB,api_integration,False,0.0,0,failed
TXN_004944,CUST_0991,MERCH_09,101.83,GBP,net_banking,71,unknown,3,12,0,267,2026-08-08T12:15:28.962567,US,web_browser,False,0.0,2,failed
TXN_004945,CUST_0284,MERCH_07,138.74,INR,debit_card,190,network_error,1,9,2,318,2026-08-07T08:06:10.290130,GB,web_browser,False,0.0,0,failed
TXN_004946,CUST_0182,MERCH_01,32.51,USD,debit_card,963,bank_declined,2,11,2,963,2026-07-26T11:42:21.949533,US,mobile_app,False,0.0,1,failed
TXN_004947,CUST_1003,MERCH_04,49.99,GBP,ach,390,authentication_failed,1,17,0,390,2026-08-17T10:56:37.409241,CA,web_browser,True,49.99,0,failed
TXN_004948,CUST_1086,MERCH_06,19.99,EUR,wallet,228,invalid_payment_method,1,18,4,550,2026-08-03T18:39:26.019349,DE,mobile_app,True,19.99,0,failed
TXN_004949,CUST_0842,MERCH_09,58.63,USD,credit_card,318,insufficient_funds,1,20,5,318,2026-08-15T22:43:46.788456,DE,api_integration,False,0.0,0,failed
TXN_004950,CUST_0108,MERCH_04,52.13,GBP,debit_card,110,expired_card,1,0,3,110,2026-08-01T00:15:01.037812,DE,mobile_app,False,0.0,0,failed
TXN_004951,CUST_0160,MERCH_07,49.99,USD,net_banking,73,network_error,1,14,1,73,2026-08-20T16:57:17.120559,IN,web_browser,True,49.99,0,failed
TXN_004952,CUST_0194,MERCH_06,79.08,EUR,credit_card,21,authentication_failed,1,10,4,21,2026-08-19T16:43:59.790698,AU,mobile_app,False,0.0,0,failed
TXN_004953,CUST_0247,MERCH_08,72.45,GBP,credit_card,461,insufficient_funds,1,7,2,461,2026-07-27T02:31:04.329350,US,api_integration,False,0.0,0,failed
TXN_004954,CUST_0838,MERCH_04,99.0,INR,debit_card,245,expired_card,2,4,5,552,2026-08-21T01:59:03.955316,DE,api_integration,True,99.0,1,failed
TXN_004955,CUST_0353,MERCH_02,125.89,INR,wallet,57,expired_card,1,20,0,57,2026-08-20T12:15:48.444219,AU,api_integration,False,0.0,0,failed
TXN_004956,CUST_0617,MERCH_04,19.99,INR,wallet,745,bank_declined,1,12,0,981,2026-08-13T12:04:36.657674,GB,web_browser,True,19.99,0,failed
TXN_004957,CUST_0398,MERCH_05,33.35,INR,upi,491,insufficient_funds,1,13,2,955,2026-08-05T13:33:04.590751,AU,mobile_app,False,0.0,0,recovered
TXN_004958,CUST_0424,MERCH_07,499.0,EUR,wallet,140,limit_exceeded,2,6,1,140,2026-08-21T19:17:01.613006,IN,web_browser,True,499.0,1,failed
TXN_004959,CUST_1496,MERCH_05,361.44,USD,ach,639,network_error,2,7,0,639,2026-08-03T22:52:09.897497,AU,api_integration,False,0.0,1,recovered
TXN_004960,CUST_0393,MERCH_05,366.35,GBP,upi,832,bank_declined,1,8,0,832,2026-08-18T00:29:29.189658,IN,mobile_app,False,0.0,0,failed
TXN_004961,CUST_1150,MERCH_09,19.99,USD,wallet,502,insufficient_funds,2,19,1,603,2026-08-23T17:30:49.013768,IN,api_integration,True,19.99,1,recovered
TXN_004962,CUST_0572,MERCH_07,91.66,EUR,upi,358,expired_card,1,2,2,962,2026-08-06T23:48:37.808326,AU,web_browser,False,0.0,0,recovered
TXN_004963,CUST_0388,MERCH_10,98.34,EUR,wallet,193,insufficient_funds,1,4,3,576,2026-07-26T13:41:07.606273,IN,mobile_app,False,0.0,0,failed
TXN_004964,CUST_1093,MERCH_06,682.15,USD,credit_card,505,expired_card,1,20,1,505,2026-08-06T23:42:01.044654,CA,web_browser,False,0.0,0,failed
TXN_004965,CUST_0541,MERCH_02,499.0,EUR,net_banking,391,limit_exceeded,2,8,2,961,2026-08-11T11:16:14.790956,US,web_browser,True,499.0,1,recovered
TXN_004966,CUST_1078,MERCH_02,19.74,EUR,net_banking,229,authentication_failed,3,2,5,553,2026-08-18T00:25:43.737567,IN,api_integration,False,0.0,2,recovered
TXN_004967,CUST_1438,MERCH_06,7.59,EUR,credit_card,116,insufficient_funds,2,17,2,116,2026-08-17T12:43:14.996708,US,mobile_app,False,0.0,1,recovered
TXN_004968,CUST_1003,MERCH_04,27.43,INR,debit_card,132,invalid_payment_method,1,20,5,132,2026-08-11T03:52:28.023226,AU,web_browser,False,0.0,0,abandoned
TXN_004969,CUST_0180,MERCH_07,80.1,USD,wallet,659,unknown,1,17,5,764,2026-08-02T07:31:49.910232,DE,web_browser,False,0.0,0,failed
TXN_004970,CUST_0681,MERCH_09,83.52,USD,wallet,522,insufficient_funds,3,19,5,626,2026-08-11T22:30:27.291004,IN,api_integration,False,0.0,2,failed
TXN_004971,CUST_1265,MERCH_06,233.04,INR,upi,634,insufficient_funds,1,0,1,634,2026-08-18T14:02:49.848326,US,api_integration,False,0.0,0,failed
TXN_004972,CUST_0601,MERCH_03,74.09,INR,credit_card,297,insufficient_funds,1,12,4,297,2026-07-29T15:19:17.554850,AU,mobile_app,False,0.0,0,failed
TXN_004973,CUST_0596,MERCH_01,277.0,USD,credit_card,243,network_error,2,6,1,243,2026-07-30T16:17:39.340115,AU,api_integration,False,0.0,1,failed
TXN_004974,CUST_0872,MERCH_07,328.18,EUR,net_banking,96,bank_declined,1,2,2,96,2026-08-01T13:24:38.080906,GB,api_integration,False,0.0,0,recovered
TXN_004975,CUST_0401,MERCH_04,85.51,USD,upi,155,expired_card,1,19,3,575,2026-08-09T00:04:17.102263,CA,mobile_app,False,0.0,0,failed
TXN_004976,CUST_0507,MERCH_03,49.99,INR,wallet,517,insufficient_funds,3,0,4,517,2026-07-27T18:10:45.054741,US,mobile_app,True,49.99,2,failed
TXN_004977,CUST_0647,MERCH_10,47.19,USD,debit_card,218,limit_exceeded,1,0,2,218,2026-08-06T19:13:20.546495,DE,api_integration,False,0.0,0,recovered
TXN_004978,CUST_0116,MERCH_05,52.7,GBP,debit_card,432,authentication_failed,1,4,1,756,2026-08-22T05:58:37.434759,AU,api_integration,False,0.0,0,failed
TXN_004979,CUST_1377,MERCH_04,118.78,GBP,credit_card,41,insufficient_funds,4,20,0,41,2026-08-24T15:23:53.633431,AU,api_integration,False,0.0,3,failed
TXN_004980,CUST_1103,MERCH_09,129.3,GBP,ach,159,bank_declined,2,9,5,656,2026-08-04T14:51:09.416002,CA,web_browser,False,0.0,1,failed
TXN_004981,CUST_1473,MERCH_04,9.99,EUR,debit_card,79,insufficient_funds,1,9,2,206,2026-07-28T15:14:29.822518,IN,mobile_app,True,9.99,0,recovered
TXN_004982,CUST_0885,MERCH_06,252.86,EUR,credit_card,884,insufficient_funds,1,2,2,911,2026-08-05T12:06:27.466473,CA,web_browser,False,0.0,0,recovered
TXN_004983,CUST_0412,MERCH_04,499.0,EUR,wallet,41,insufficient_funds,2,14,2,41,2026-07-31T06:41:49.798855,IN,mobile_app,True,499.0,1,abandoned
TXN_004984,CUST_1114,MERCH_05,135.52,GBP,debit_card,76,network_error,1,13,0,818,2026-08-09T10:34:26.057550,AU,mobile_app,False,0.0,0,failed
TXN_004985,CUST_1093,MERCH_04,31.62,USD,net_banking,382,network_error,1,10,3,382,2026-08-18T13:21:47.361041,US,mobile_app,False,0.0,0,failed
TXN_004986,CUST_0533,MERCH_09,127.25,INR,debit_card,330,insufficient_funds,1,4,4,330,2026-08-19T14:43:44.664669,AU,web_browser,False,0.0,0,failed
TXN_004987,CUST_1184,MERCH_07,19.99,GBP,upi,135,insufficient_funds,2,4,5,135,2026-08-20T21:05:35.040287,US,mobile_app,True,19.99,1,abandoned
TXN_004988,CUST_0349,MERCH_05,53.17,GBP,net_banking,372,network_error,2,6,0,372,2026-08-02T04:01:15.790098,US,api_integration,False,0.0,1,recovered
TXN_004989,CUST_0927,MERCH_02,157.36,INR,wallet,244,expired_card,1,3,3,265,2026-08-08T13:42:12.407682,DE,api_integration,False,0.0,0,failed
TXN_004990,CUST_1252,MERCH_04,489.2,INR,net_banking,422,insufficient_funds,1,3,3,620,2026-08-09T07:14:36.989446,AU,api_integration,False,0.0,0,failed
TXN_004991,CUST_1236,MERCH_08,208.72,GBP,credit_card,106,insufficient_funds,2,20,5,106,2026-07-27T05:48:07.356336,IN,web_browser,False,0.0,1,failed
TXN_004992,CUST_1106,MERCH_07,634.85,GBP,upi,388,insufficient_funds,1,18,3,388,2026-08-20T02:02:00.223805,DE,api_integration,False,0.0,0,failed
TXN_004993,CUST_1407,MERCH_01,99.0,INR,upi,305,invalid_payment_method,1,15,3,716,2026-08-16T11:31:53.764862,AU,web_browser,True,99.0,0,abandoned
TXN_004994,CUST_0741,MERCH_08,46.8,GBP,wallet,176,insufficient_funds,1,14,5,572,2026-08-10T02:28:39.945988,IN,web_browser,False,0.0,0,failed
TXN_004995,CUST_0426,MERCH_09,19.99,INR,upi,771,expired_card,1,8,1,899,2026-08-02T09:10:44.853048,IN,mobile_app,True,19.99,0,failed
TXN_004996,CUST_1442,MERCH_08,14.57,USD,credit_card,388,insufficient_funds,1,15,1,388,2026-08-19T00:37:22.472948,IN,api_integration,False,0.0,0,failed
TXN_004997,CUST_0200,MERCH_04,29.99,INR,credit_card,475,insufficient_funds,2,1,3,475,2026-08-05T17:06:04.344818,GB,mobile_app,True,29.99,1,recovered
TXN_004998,CUST_0469,MERCH_04,122.55,INR,net_banking,347,insufficient_funds,1,18,4,347,2026-08-11T22:27:29.525028,US,api_integration,False,0.0,0,abandoned
TXN_004999,CUST_0352,MERCH_01,38.45,GBP,upi,283,authentication_failed,1,11,2,283,2026-08-11T07:33:52.465984,AU,web_browser,False,0.0,0,failed
TXN_005000,CUST_0387,MERCH_10,500.7,EUR,net_banking,65,bank_declined,1,13,2,65,2026-08-12T18:37:14.911245,IN,web_browser,False,0.0,0,failed
